record _id__id_enregistrement,year__année,month__mois,day__jours,age__âge,forklength__longeur_fourche
1,1973,5,18,5,47
2,1973,5,18,4,54
3,1973,5,18,5,56
4,1973,5,18,5,56
5,1973,5,18,4,58
6,1973,5,22,5,54
7,1973,5,22,4,55
8,1973,5,22,5,56
9,1973,5,22,5,58
10,1973,5,22,5,60
11,1973,5,23,4,48
12,1973,5,23,4,51
13,1973,5,23,4,53
14,1973,5,23,5,60
15,1973,5,24,4,45
16,1973,5,24,4,54
17,1973,5,29,5,57
18,1973,5,30,4,53
19,1973,5,31,5,54
20,1973,5,31,5,56
21,1973,5,31,5,60
22,1973,6,1,5,52
23,1973,6,4,4,48
24,1973,6,4,4,54
25,1973,6,4,5,56
26,1973,6,5,5,49
27,1973,6,5,4,53
28,1973,6,6,4,45.5
29,1973,6,11,6,57.3
30,1973,6,12,6,52
31,1973,6,13,5,50
32,1973,6,14,5,52.5
33,1973,6,17,5,51
34,1973,6,28,6,55.5
35,1975,5,17,8,68
36,1975,5,21,4,46
37,1975,5,25,6,57
38,1975,5,31,3,34
39,1975,6,5,5,53
40,1975,6,9,6,59.5
41,1975,6,10,8,66.5
42,1976,5,6,9,66
43,1976,5,10,4,46
44,1976,5,14,3,36
45,1976,5,14,3,46.3
46,1976,5,17,3,37.1
47,1976,5,17,3,38.9
48,1976,5,17,3,39.3
49,1976,5,17,3,39.4
50,1976,5,18,3,36
51,1976,5,18,3,44.1
52,1976,5,18,3,44.8
53,1976,5,19,4,41.7
54,1976,5,19,4,47.5
55,1976,5,20,3,34.5
56,1976,5,20,3,35.3
57,1976,5,20,3,35.6
58,1976,5,20,3,38.5
59,1976,5,20,4,45
60,1976,5,20,4,47.5
61,1976,5,23,3,35.4
62,1976,5,23,3,37
63,1976,5,23,3,38.7
64,1976,5,23,4,43.5
65,1976,5,24,3,36.7
66,1976,5,24,3,37.1
67,1976,5,24,3,38
68,1976,5,25,3,35.9
69,1976,5,25,3,38.4
70,1976,5,25,3,45.4
71,1976,6,8,3,47.5
72,1977,5,18,5,50
73,1977,5,21,4,42.8
74,1977,5,22,4,40.5
75,1977,5,22,4,40.5
76,1977,5,22,4,41.3
77,1977,5,22,5,42
78,1977,5,23,3,33.5
79,1977,5,23,3,37.4
80,1977,5,23,3,38
81,1977,5,23,4,41.7
82,1977,5,23,4,42.7
83,1977,5,23,4,43.3
84,1977,5,24,3,34.1
85,1977,5,24,3,34.4
86,1977,5,24,3,35.2
87,1977,5,24,3,35.5
88,1977,5,24,3,36.2
89,1977,5,24,3,36.4
90,1977,5,24,3,37.1
91,1977,5,24,4,39.6
92,1977,5,24,4,39.7
93,1977,5,24,4,42.6
94,1977,5,24,4,43
95,1977,5,24,4,45.7
96,1977,5,24,4,45.7
97,1977,5,24,4,47
98,1977,5,24,4,47.4
99,1977,5,25,3,35.1
100,1977,5,25,3,36.2
101,1977,5,25,3,37.3
102,1977,5,25,4,44.2
103,1977,5,26,3,34.9
104,1977,5,26,3,35.1
105,1977,5,26,3,35.1
106,1977,5,26,3,35.9
107,1977,5,26,3,36
108,1977,5,26,3,36
109,1977,5,26,3,36.1
110,1977,5,26,3,36.2
111,1977,5,26,3,36.4
112,1977,5,26,3,36.5
113,1977,5,26,3,37.2
114,1977,5,26,3,37.9
115,1977,5,26,3,38.6
116,1977,5,26,4,43.8
117,1977,5,26,4,46
118,1977,5,26,10,71.4
119,1977,5,27,3,34.8
120,1977,5,27,3,35
121,1977,5,27,3,35.8
122,1977,5,27,3,35.9
123,1977,5,27,3,37.4
124,1977,5,27,4,43
125,1977,5,27,4,47.1
126,1977,5,27,4,49.2
127,1977,5,27,9,69
128,1977,5,31,3,33.4
129,1977,5,31,3,34.4
130,1977,6,1,3,34.4
131,1977,6,2,2,24
132,1977,6,2,3,34
133,1977,6,7,3,32.5
134,1977,6,7,4,51.1
135,1977,6,8,3,37.3
136,1977,6,8,3,38
137,1977,6,8,4,49.5
138,1977,6,9,3,35.6
139,1977,6,9,3,35.9
140,1977,6,9,3,36.9
141,1977,6,9,3,37
142,1977,6,11,3,35.3
143,1977,6,13,3,33.7
144,1977,6,13,3,34.4
145,1977,6,13,3,35
146,1977,6,13,3,35
147,1977,6,13,3,35.9
148,1977,6,14,3,24.4
149,1977,6,14,3,25.4
150,1977,6,14,3,37.6
151,1977,6,17,4,52.2
152,1977,6,21,3,26.5
153,1977,6,21,3,33.8
154,1977,6,22,3,32.2
155,1977,6,22,3,35.2
156,1977,6,22,3,36.3
157,1977,6,22,3,37.8
158,1977,6,23,3,33.7
159,1977,6,23,3,33.9
160,1977,6,23,3,35.5
161,1977,6,23,3,36.5
162,1977,6,23,3,36.5
163,1977,6,23,5,53.8
164,1979,5,7,6,49.5
165,1979,5,9,4,42.8
166,1979,5,9,6,48.2
167,1979,5,11,4,39
168,1979,5,11,4,40.9
169,1979,5,11,4,41.5
170,1979,5,14,4,40.7
171,1979,5,15,3,34.5
172,1979,5,15,4,40.4
173,1979,5,15,10,70.5
174,1979,5,18,4,47
175,1979,5,21,4,41.5
176,1979,5,21,4,47.5
177,1979,5,21,11,71
178,1979,5,22,5,53.3
179,1979,5,24,4,46.2
180,1979,5,24,6,54.7
181,1979,5,28,3,35.1
182,1979,5,28,4,41.3
183,1979,5,29,3,34.5
184,1979,5,30,3,34
185,1979,5,30,3,34.9
186,1979,5,31,5,50
187,1979,6,1,5,46.3
188,1979,6,6,5,51.5
189,1979,6,7,5,53
190,1979,6,7,6,53.5
191,1979,6,19,5,48.5
192,1980,5,6,2,24.2
193,1980,5,6,4,41.5
194,1980,5,8,2,22.2
195,1980,5,8,2,25.1
196,1980,5,14,11,75
197,1980,5,15,6,47.2
198,1980,5,19,5,48
199,1980,5,19,6,52.5
200,1980,5,19,6,59
201,1980,5,20,4,44
202,1980,5,20,5,53
203,1980,5,20,5,55.3
204,1980,5,22,5,55.5
205,1980,5,27,6,56.2
206,1980,5,29,2,24.5
207,1980,5,29,3,39.5
208,1980,5,29,5,48.5
209,1980,5,30,2,14
210,1980,5,30,5,57
211,1980,6,4,5,51
212,1980,6,4,6,52.8
213,1980,6,11,5,50
214,1981,5,5,2,23
215,1981,5,5,3,39.5
216,1981,5,5,3,41.5
217,1981,5,5,3,43.5
218,1981,5,5,4,46.2
219,1981,5,12,3,35.1
220,1981,5,12,3,37.2
221,1981,5,12,3,41.5
222,1981,5,12,3,42
223,1981,5,12,3,42.2
224,1981,5,12,3,43.5
225,1981,5,12,7,52
226,1982,5,13,4,53
227,1982,5,17,4,49
228,1982,5,18,4,39
229,1982,5,19,4,41.4
230,1982,5,19,4,52
231,1982,5,20,4,34.5
232,1982,5,20,4,38.5
233,1982,5,20,4,39.1
234,1990,5,23,3,37.6
235,1990,5,23,3,39.4
236,1990,5,24,4,45
237,1990,5,24,12,70.5
238,1990,6,12,3,39.6
239,1990,6,16,3,37.9
240,1990,6,25,2,28.3
241,1990,6,27,2,29.6
242,1992,5,20,5,55
243,1992,5,21,3,39.6
244,1992,5,23,3,38.9
245,1992,5,24,5,48.4
246,1992,5,24,7,53.4
247,1992,5,24,5,53.5
248,1992,5,24,6,59
249,1992,5,26,3,37.4
250,1992,5,26,3,38.5
251,1992,5,26,3,40.8
252,1992,5,26,4,47.2
253,1992,5,26,5,51
254,1992,5,26,5,52.9
255,1992,5,26,5,53.2
256,1992,5,26,5,54.1
257,1992,5,26,5,54.2
258,1992,5,26,5,54.8
259,1992,5,26,5,55.4
260,1992,5,26,6,55.7
261,1992,5,26,6,56.6
262,1992,5,26,5,57.7
263,1992,5,26,7,60.9
264,1992,5,26,10,64.5
265,1992,5,26,7,64.5
266,1992,5,26,7,64.7
267,1992,5,26,14,66.5
268,1992,5,26,13,70.1
269,1992,5,26,14,77.6
270,1992,5,26,14,78.4
271,1992,5,27,2,29.5
272,1992,5,27,2,29.7
273,1992,5,27,3,41.1
274,1992,6,1,2,27.6
275,1992,6,5,2,26.6
276,1992,6,5,2,26.8
277,1992,6,5,2,28.4
278,1992,6,5,2,28.9
279,1993,6,3,2,22.3
280,1993,6,3,2,23.1
281,1993,6,3,2,23.5
282,1993,6,3,2,23.7
283,1993,6,3,2,24
284,1993,6,3,2,24.3
285,1993,6,3,2,24.4
286,1993,6,3,2,24.7
287,1993,6,3,2,24.8
288,1993,6,3,2,24.9
289,1993,6,3,2,24.9
290,1993,6,3,2,24.9
291,1993,6,3,2,25.1
292,1993,6,3,2,25.5
293,1993,6,3,2,25.6
294,1993,6,3,2,25.7
295,1993,6,3,2,25.7
296,1993,6,3,2,25.7
297,1993,6,3,2,25.7
298,1993,6,3,2,25.8
299,1993,6,3,2,26.1
300,1993,6,3,2,26.2
301,1993,6,3,2,26.3
302,1993,6,3,2,26.3
303,1993,6,3,2,27.1
304,1993,6,3,2,27.4
305,1993,6,3,2,27.5
306,1993,6,3,2,27.9
307,1993,6,4,2,31.3
308,1993,6,4,2,31.6
309,1993,6,5,2,23.5
310,1993,6,5,2,24
311,1993,6,5,2,25.2
312,1993,6,5,2,26.6
313,1993,6,5,2,31.1
314,1993,6,5,3,36
315,1993,6,5,3,39.5
316,1993,6,6,2,24.8
317,1993,6,6,2,26
318,1993,6,6,2,26.2
319,1993,6,6,2,26.2
320,1993,6,6,2,26.5
321,1993,6,6,2,28.6
322,1993,6,6,2,28.8
323,1993,6,6,2,29.1
324,1993,6,6,3,35.3
325,1993,6,8,2,23.7
326,1993,6,8,2,23.9
327,1993,6,8,2,24.2
328,1993,6,8,2,25.8
329,1993,6,8,2,25.8
330,1993,6,8,2,26
331,1993,6,8,2,26
332,1993,6,8,2,26.2
333,1993,6,8,2,26.5
334,1993,6,8,2,26.7
335,1993,6,8,2,27
336,1993,6,8,2,27.6
337,1993,6,8,2,27.8
338,1993,6,8,2,28.5
339,1993,6,8,2,29
340,1993,6,8,2,31.1
341,1993,6,8,2,31.5
342,1993,6,10,2,26.7
343,1993,6,10,3,37
344,1993,6,12,2,22.5
345,1993,6,12,2,23.7
346,1993,6,12,2,23.8
347,1993,6,12,2,24.2
348,1993,6,12,2,26.4
349,1993,6,12,2,26.8
350,1993,6,12,2,27.3
351,1993,6,12,2,27.6
352,1993,6,12,2,27.7
353,1993,6,12,2,27.7
354,1993,6,12,2,27.8
355,1993,6,12,2,28
356,1993,6,12,2,29
357,1993,6,12,2,29.2
358,1993,6,12,2,30.5
359,1993,6,12,2,31.5
360,1993,6,12,3,39.1
361,1993,6,14,2,23.3
362,1993,6,14,2,23.7
363,1993,6,14,2,23.9
364,1993,6,14,2,24.3
365,1993,6,14,2,24.7
366,1993,6,14,2,24.9
367,1993,6,14,2,25.1
368,1993,6,14,2,25.2
369,1993,6,14,2,26.2
370,1993,6,14,2,26.7
371,1993,6,14,2,26.8
372,1993,6,14,2,27.4
373,1993,6,14,2,28
374,1993,6,14,2,28.1
375,1993,6,14,2,28.5
376,1993,6,14,2,30.8
377,1993,6,14,2,32.3
378,1993,6,14,2,32.8
379,1993,6,14,2,33
380,1993,6,14,3,35.8
381,1993,6,14,3,36.8
382,1993,6,14,3,37
383,1993,6,14,3,37.8
384,1993,6,15,2,28.5
385,1993,6,15,3,37
386,1993,6,15,3,37.1
387,1993,6,15,3,37.9
388,1993,6,15,3,37.9
389,1993,6,15,3,37.9
390,1993,6,22,3,44.3
391,1993,6,22,5,54.8
392,1993,6,22,6,56.4
393,1993,6,22,6,56.8
394,1993,6,22,9,57.2
395,1993,6,22,9,59.7
396,1993,6,22,6,61.9
397,1993,6,22,6,62.8
398,1993,6,22,6,63.9
399,1993,6,22,11,64
400,1993,6,22,12,82.7
401,1994,6,14,3,33
402,1994,6,14,3,33
403,1994,6,14,3,33.8
404,1994,6,14,3,35
405,1994,6,15,3,34.9
406,1994,6,17,2,22.5
407,1994,6,17,3,32
408,1994,6,17,3,34.3
409,1994,6,18,3,34.3
410,1994,6,22,3,34.2
411,1994,6,22,3,34.8
412,1994,6,25,3,34.9
413,1994,6,27,3,32
414,1994,6,27,2,32.1
415,1994,6,28,2,27
416,1994,6,28,4,44.9
417,1994,6,29,2,20.3
418,1994,6,29,3,30.6
419,1994,6,29,3,35.8
420,1994,6,29,3,40.1
421,1994,6,30,3,30.7
422,1994,6,30,3,32
423,1995,5,23,1,14.6
424,1995,5,23,1,14.9
425,1995,5,23,1,15.3
426,1995,5,23,1,15.4
427,1995,5,23,1,15.4
428,1995,5,23,1,15.5
429,1995,5,23,1,15.7
430,1995,5,23,1,16.1
431,1995,5,23,3,32.6
432,1995,5,23,4,40.1
433,1995,5,23,4,42.5
434,1995,5,23,4,44.6
435,1995,5,23,4,46.7
436,1995,5,23,4,52.3
437,1995,5,23,4,52.8
438,1995,5,23,6,56
439,1995,5,24,3,33.7
440,1995,5,24,4,44
441,1995,5,24,4,51.7
442,1995,5,24,4,52.4
443,1995,5,24,5,52.7
444,1995,5,24,5,55.5
445,1995,5,24,5,57.5
446,1995,5,24,6,64
447,1995,5,25,3,33.8
448,1995,5,25,3,35.2
449,1995,5,25,3,35.3
450,1995,5,25,3,36
451,1995,5,25,3,36.7
452,1995,5,25,3,38.4
453,1995,5,25,4,39.5
454,1995,5,25,4,40.7
455,1995,5,25,4,41.5
456,1995,5,25,4,42
457,1995,5,25,4,42.5
458,1995,5,25,4,43.3
459,1995,5,25,4,44
460,1995,5,25,4,44.7
461,1995,5,25,4,44.7
462,1995,5,25,5,51.2
463,1995,5,25,6,62
464,1995,5,26,3,34
465,1995,5,26,3,34.2
466,1995,5,26,3,34.4
467,1995,5,26,3,34.7
468,1995,5,26,3,35.1
469,1995,5,26,3,35.2
470,1995,5,26,3,35.3
471,1995,5,26,3,35.3
472,1995,5,26,3,35.4
473,1995,5,26,3,35.7
474,1995,5,26,3,36
475,1995,5,26,3,36
476,1995,5,26,3,36
477,1995,5,26,3,36
478,1995,5,26,3,36.1
479,1995,5,26,3,36.2
480,1995,5,26,3,36.4
481,1995,5,26,3,36.4
482,1995,5,26,3,36.8
483,1995,5,26,3,36.8
484,1995,5,26,3,37.6
485,1995,5,26,4,38.6
486,1995,5,26,4,40.9
487,1995,5,26,4,40.9
488,1995,5,26,4,41.2
489,1995,5,26,4,41.3
490,1995,5,26,4,41.5
491,1995,5,26,4,41.5
492,1995,5,26,4,41.7
493,1995,5,26,4,41.8
494,1995,5,26,4,42.1
495,1995,5,26,4,42.4
496,1995,5,26,4,42.6
497,1995,5,26,4,42.7
498,1995,5,26,4,42.7
499,1995,5,26,4,42.7
500,1995,5,26,4,42.8
501,1995,5,26,4,42.8
502,1995,5,26,4,42.9
503,1995,5,26,4,43.3
504,1995,5,26,4,43.6
505,1995,5,26,4,43.8
506,1995,5,26,4,44
507,1995,5,26,4,44.1
508,1995,5,26,4,44.6
509,1995,5,26,5,45.2
510,1995,5,26,4,45.3
511,1995,5,26,4,45.9
512,1995,5,26,4,46.6
513,1995,5,26,4,46.9
514,1995,5,26,4,46.9
515,1995,5,26,4,47.1
516,1995,5,26,4,47.9
517,1995,5,26,4,48.4
518,1995,5,26,4,48.6
519,1995,5,26,5,49.1
520,1995,5,26,5,49.2
521,1995,5,26,4,51
522,1995,5,26,5,53
523,1995,5,26,5,53.4
524,1995,5,26,5,53.5
525,1995,5,26,5,54.1
526,1995,5,26,4,54.8
527,1995,5,26,5,55.3
528,1995,5,26,5,55.4
529,1995,5,26,5,55.5
530,1995,5,26,5,58
531,1995,5,26,5,58.7
532,1995,5,26,6,59
533,1995,5,26,5,59.2
534,1995,5,27,3,33.9
535,1995,5,27,3,34.3
536,1995,5,27,3,34.3
537,1995,5,27,3,35
538,1995,5,27,3,35.2
539,1995,5,27,3,35.4
540,1995,5,27,3,35.5
541,1995,5,27,3,35.5
542,1995,5,27,3,35.6
543,1995,5,27,3,36.3
544,1995,5,27,3,36.7
545,1995,5,27,3,37.9
546,1995,5,27,4,39.5
547,1995,5,27,4,39.7
548,1995,5,27,4,39.9
549,1995,5,27,4,41
550,1995,5,27,4,41.1
551,1995,5,27,4,41.5
552,1995,5,27,4,42.1
553,1995,5,27,4,42.2
554,1995,5,27,4,42.3
555,1995,5,27,4,42.6
556,1995,5,27,4,42.7
557,1995,5,27,4,42.8
558,1995,5,27,4,43.1
559,1995,5,27,4,43.4
560,1995,5,27,4,43.7
561,1995,5,27,4,43.7
562,1995,5,27,4,43.8
563,1995,5,27,4,44.2
564,1995,5,27,4,44.2
565,1995,5,27,4,44.4
566,1995,5,27,4,44.9
567,1995,5,27,4,45.5
568,1995,5,27,4,46.8
569,1995,5,27,5,46.8
570,1995,5,27,4,47.6
571,1995,5,27,4,48.3
572,1995,5,27,4,49.2
573,1995,5,27,5,50.6
574,1995,5,27,5,51.8
575,1995,5,27,5,55.5
576,1995,5,27,5,57
577,1995,5,28,3,34.5
578,1995,5,28,4,35.1
579,1995,5,28,3,35.5
580,1995,5,28,3,35.6
581,1995,5,28,3,35.6
582,1995,5,28,3,35.7
583,1995,5,28,3,35.8
584,1995,5,28,4,36.7
585,1995,5,28,4,38.9
586,1995,5,28,4,41.1
587,1995,5,28,4,41.1
588,1995,5,28,4,41.4
589,1995,5,28,4,41.5
590,1995,5,28,4,41.5
591,1995,5,28,4,41.5
592,1995,5,28,4,41.8
593,1995,5,28,4,41.8
594,1995,5,28,4,41.9
595,1995,5,28,4,41.9
596,1995,5,28,4,42.8
597,1995,5,28,4,43
598,1995,5,28,4,43.1
599,1995,5,28,4,43.2
600,1995,5,28,4,43.2
601,1995,5,28,4,43.3
602,1995,5,28,4,43.3
603,1995,5,28,4,44.9
604,1995,5,28,4,45
605,1995,5,28,4,45
606,1995,5,28,4,45.1
607,1995,5,28,4,45.3
608,1995,5,28,4,45.8
609,1995,5,28,4,45.8
610,1995,5,28,4,45.9
611,1995,5,28,4,46.2
612,1995,5,28,4,47
613,1995,5,28,4,47.2
614,1995,5,28,4,47.3
615,1995,5,28,5,47.4
616,1995,5,28,4,47.5
617,1995,5,28,5,47.5
618,1995,5,28,4,47.5
619,1995,5,28,5,47.8
620,1995,5,28,4,47.8
621,1995,5,28,5,47.9
622,1995,5,28,4,48
623,1995,5,28,5,48
624,1995,5,28,4,48.7
625,1995,5,28,4,48.7
626,1995,5,28,5,48.8
627,1995,5,28,4,48.9
628,1995,5,28,4,49
629,1995,5,28,4,49
630,1995,5,28,4,49
631,1995,5,28,4,49.3
632,1995,5,28,4,49.4
633,1995,5,28,5,49.7
634,1995,5,28,4,49.7
635,1995,5,28,4,49.9
636,1995,5,28,4,49.9
637,1995,5,28,6,50.1
638,1995,5,28,4,50.2
639,1995,5,28,5,50.5
640,1995,5,28,4,50.6
641,1995,5,28,5,50.7
642,1995,5,28,5,50.7
643,1995,5,28,5,50.7
644,1995,5,28,4,50.7
645,1995,5,28,4,50.7
646,1995,5,28,4,51
647,1995,5,28,5,51.2
648,1995,5,28,5,51.2
649,1995,5,28,5,51.2
650,1995,5,28,5,51.3
651,1995,5,28,5,51.3
652,1995,5,28,5,51.3
653,1995,5,28,4,51.5
654,1995,5,28,5,51.7
655,1995,5,28,5,51.8
656,1995,5,28,5,51.9
657,1995,5,28,4,52
658,1995,5,28,5,52.3
659,1995,5,28,4,52.6
660,1995,5,28,5,53.1
661,1995,5,28,5,53.2
662,1995,5,28,5,53.5
663,1995,5,28,5,53.7
664,1995,5,28,5,53.8
665,1995,5,28,5,54
666,1995,5,28,5,54
667,1995,5,28,6,54.2
668,1995,5,28,5,54.5
669,1995,5,28,5,54.9
670,1995,5,28,5,56
671,1995,5,28,6,56.2
672,1995,5,28,5,56.2
673,1995,5,28,6,56.6
674,1995,5,28,6,56.7
675,1995,5,28,6,57.1
676,1995,5,28,5,58.3
677,1995,5,28,6,59
678,1995,5,28,6,59.3
679,1995,5,28,6,60
680,1995,5,28,7,65.1
681,1995,5,28,12,81.7
682,1995,5,29,4,39.9
683,1995,5,29,4,42.8
684,1995,5,29,4,45.3
685,1995,5,30,3,35.8
686,1995,5,30,4,41.4
687,1995,5,30,4,42.1
688,1995,5,30,4,42.2
689,1995,5,30,4,43.1
690,1995,5,30,4,43.8
691,1995,5,30,4,44.3
692,1995,5,30,4,45.6
693,1995,5,30,4,45.8
694,1995,5,30,4,46.3
695,1995,5,30,4,46.5
696,1995,5,30,4,47
697,1995,5,30,4,47.6
698,1995,5,30,4,47.8
699,1995,5,30,4,48
700,1995,5,30,5,48.4
701,1995,5,30,4,49.6
702,1995,5,30,4,49.8
703,1995,5,30,5,49.8
704,1995,5,30,5,50.2
705,1995,5,30,4,50.3
706,1995,5,30,4,50.7
707,1995,5,30,4,50.9
708,1995,5,30,4,51.5
709,1995,5,30,5,51.5
710,1995,5,30,5,51.6
711,1995,5,30,5,51.8
712,1995,5,30,5,52.4
713,1995,5,30,5,53
714,1995,5,30,5,53.7
715,1995,5,30,5,58.4
716,1995,5,30,6,59.4
717,1995,5,30,6,59.8
718,1995,5,30,8,69.8
719,1995,6,6,3,33
720,1995,6,6,3,33
721,1995,6,6,3,33.5
722,1995,6,6,3,33.6
723,1995,6,6,3,33.7
724,1995,6,6,3,33.7
725,1995,6,6,3,33.7
726,1995,6,6,3,34
727,1995,6,6,3,34.1
728,1995,6,6,3,34.1
729,1995,6,6,3,34.2
730,1995,6,6,3,34.3
731,1995,6,6,3,34.4
732,1995,6,6,3,34.5
733,1995,6,6,3,34.7
734,1995,6,6,3,34.7
735,1995,6,6,3,34.8
736,1995,6,6,3,34.9
737,1995,6,6,3,35
738,1995,6,6,3,35
739,1995,6,6,3,35
740,1995,6,6,3,35.2
741,1995,6,6,3,35.2
742,1995,6,6,3,35.2
743,1995,6,6,3,35.3
744,1995,6,6,3,35.4
745,1995,6,6,3,35.4
746,1995,6,6,3,35.6
747,1995,6,6,3,35.6
748,1995,6,6,3,36.1
749,1995,6,6,3,36.2
750,1995,6,6,3,36.4
751,1995,6,6,3,36.5
752,1995,6,6,3,36.5
753,1995,6,6,3,36.7
754,1995,6,6,3,37.6
755,1995,6,6,4,39.5
756,1995,6,6,4,40.3
757,1995,6,6,4,42.1
758,1995,6,6,4,42.3
759,1995,6,6,4,42.9
760,1995,6,6,4,44.3
761,1995,6,6,5,50
762,1995,6,6,5,50.1
763,1995,6,6,5,52.6
764,1995,6,6,8,60.2
765,1995,6,7,6,44.5
766,1995,6,8,8,70.2
767,1995,6,9,3,34.2
768,1995,6,9,3,35.7
769,1995,6,9,3,37.1
770,1995,6,9,4,40.1
771,1995,6,9,4,40.5
772,1995,6,9,4,41.5
773,1995,6,9,4,46.7
774,1995,6,10,3,35
775,1995,6,10,3,35.3
776,1995,6,10,3,35.7
777,1995,6,10,3,35.9
778,1995,6,10,3,36.1
779,1995,6,10,4,42.7
780,1995,6,10,4,43
781,1995,6,10,4,44.7
782,1995,6,10,4,44.7
783,1995,6,10,4,44.8
784,1995,6,10,4,45.5
785,1995,6,10,4,47.1
786,1995,6,10,4,50.2
787,1995,6,10,4,51.2
788,1995,6,10,4,53.4
789,1995,6,11,3,34.2
790,1995,6,11,3,34.3
791,1995,6,11,3,35.3
792,1995,6,11,3,36.6
793,1995,6,11,5,42.6
794,1995,6,11,4,43.1
795,1995,6,11,5,45.4
796,1995,6,11,5,46
797,1995,6,11,4,47.6
798,1995,6,11,5,51.7
799,1995,6,11,4,51.7
800,1995,6,11,5,52
801,1995,6,11,5,55.1
802,1995,6,11,8,61.1
803,1995,6,11,10,83.7
804,1995,6,14,3,34
805,1995,6,14,3,34.3
806,1995,6,14,3,35.2
807,1995,6,14,3,35.3
808,1995,6,14,3,35.3
809,1995,6,14,3,35.6
810,1995,6,14,3,35.6
811,1995,6,14,3,35.7
812,1995,6,14,3,35.7
813,1995,6,14,3,35.8
814,1995,6,14,3,36
815,1995,6,14,3,36.3
816,1995,6,14,3,36.5
817,1995,6,14,3,36.5
818,1995,6,14,4,40.2
819,1995,6,14,4,42.7
820,1995,6,14,4,42.8
821,1995,6,14,4,43.4
822,1995,6,14,4,44.1
823,1995,6,14,4,44.8
824,1995,6,14,4,45
825,1995,6,14,4,45.5
826,1995,6,14,4,45.5
827,1995,6,14,5,49.1
828,1995,6,14,5,50
829,1995,6,14,5,50.7
830,1995,6,14,5,51.9
831,1995,6,14,6,55.6
832,1995,6,15,3,40.3
833,1995,6,15,4,42.4
834,1995,6,15,4,45.5
835,1995,6,15,4,45.6
836,1995,6,15,4,45.9
837,1995,6,15,4,46.3
838,1995,6,15,4,46.8
839,1995,6,15,5,47.3
840,1995,6,15,4,47.7
841,1995,6,15,4,47.8
842,1995,6,15,5,48.3
843,1995,6,15,4,48.4
844,1995,6,15,4,48.4
845,1995,6,15,4,48.5
846,1995,6,15,4,48.6
847,1995,6,15,4,48.6
848,1995,6,15,4,48.8
849,1995,6,15,4,49
850,1995,6,15,4,49
851,1995,6,15,4,49.9
852,1995,6,15,4,50
853,1995,6,15,5,50.1
854,1995,6,15,4,50.3
855,1995,6,15,4,50.7
856,1995,6,15,4,51
857,1995,6,15,5,51.2
858,1995,6,15,5,51.9
859,1995,6,15,4,52.3
860,1995,6,15,5,53.6
861,1995,6,15,5,54.9
862,1995,6,15,5,55.5
863,1995,6,15,10,83.3
864,1995,6,17,5,51.1
865,1995,6,17,6,53.6
866,1995,6,17,10,80.3
867,1995,6,18,3,35.5
868,1995,6,18,4,44.6
869,1995,6,18,4,45.6
870,1995,6,18,4,47.5
871,1995,6,19,5,43.2
872,1995,6,19,4,45.4
873,1995,6,19,4,47.2
874,1996,5,22,5,63
875,1996,5,29,6,62.7
876,1996,6,3,5,58.3
877,1996,6,3,5,58.6
878,1996,6,3,12,83.5
879,1996,6,5,8,69.5
880,1996,6,6,12,89.7
881,1996,6,7,5,51
882,1996,6,9,2,24.6
883,1996,6,9,2,25.1
884,1996,6,9,2,25.4
885,1996,6,9,2,25.5
886,1996,6,9,2,25.7
887,1996,6,9,2,25.7
888,1996,6,9,2,26
889,1996,6,9,2,26
890,1996,6,9,2,26.1
891,1996,6,9,2,26.1
892,1996,6,9,2,26.2
893,1996,6,9,2,26.3
894,1996,6,9,2,26.3
895,1996,6,9,2,26.4
896,1996,6,9,2,26.5
897,1996,6,9,2,26.5
898,1996,6,9,2,26.5
899,1996,6,9,2,26.6
900,1996,6,9,2,26.8
901,1996,6,9,2,26.9
902,1996,6,9,2,26.9
903,1996,6,9,2,26.9
904,1996,6,9,2,27
905,1996,6,9,2,27.1
906,1996,6,9,2,27.1
907,1996,6,9,2,27.2
908,1996,6,9,2,27.2
909,1996,6,9,2,27.2
910,1996,6,9,2,27.3
911,1996,6,9,2,27.3
912,1996,6,9,2,27.5
913,1996,6,9,2,27.7
914,1996,6,9,2,27.9
915,1996,6,9,2,28
916,1996,6,9,2,28
917,1996,6,9,2,28.2
918,1996,6,9,2,28.3
919,1996,6,9,2,29.3
920,1996,6,9,2,29.4
921,1996,6,9,2,29.8
922,1996,6,9,4,39.4
923,1996,6,9,4,40.7
924,1996,6,9,4,41
925,1996,6,9,4,43.4
926,1996,6,9,4,43.5
927,1996,6,9,4,44.2
928,1996,6,9,4,44.3
929,1996,6,9,5,45.2
930,1996,6,9,5,47.1
931,1996,6,9,4,48.1
932,1996,6,9,5,48.5
933,1996,6,9,5,48.7
934,1996,6,9,5,48.7
935,1996,6,9,5,49.8
936,1996,6,9,5,51.3
937,1996,6,9,9,73.7
938,1996,6,12,2,27.2
939,1996,6,13,2,27.8
940,1996,6,13,2,28
941,1996,6,14,2,25.5
942,1996,6,14,2,25.8
943,1996,6,14,2,27.1
944,1996,6,14,2,28.3
945,1996,6,15,2,24.2
946,1996,6,15,2,25.1
947,1996,6,15,2,25.6
948,1996,6,15,2,25.7
949,1996,6,15,2,25.8
950,1996,6,15,2,26
951,1996,6,15,2,28.7
952,1996,6,16,2,24.6
953,1996,6,16,2,25
954,1996,6,16,2,25.3
955,1996,6,16,2,25.7
956,1996,6,16,2,26.3
957,1996,6,16,2,26.4
958,1996,6,16,2,26.5
959,1996,6,16,2,26.5
960,1996,6,16,2,26.6
961,1996,6,16,2,26.7
962,1996,6,16,2,26.8
963,1996,6,16,2,26.8
964,1996,6,16,2,26.9
965,1996,6,16,2,26.9
966,1996,6,16,2,27.1
967,1996,6,16,2,27.2
968,1996,6,16,2,27.3
969,1996,6,16,2,27.7
970,1996,6,16,2,27.7
971,1996,6,16,2,27.9
972,1996,6,16,2,28.3
973,1996,6,16,2,29.2
974,1996,6,17,2,23.2
975,1996,6,17,2,24.9
976,1996,6,17,2,25.6
977,1996,6,17,2,25.7
978,1996,6,17,2,26.2
979,1996,6,17,2,26.2
980,1996,6,17,2,26.2
981,1996,6,17,2,26.2
982,1996,6,17,2,26.4
983,1996,6,17,2,26.7
984,1996,6,17,2,27
985,1996,6,17,2,27.2
986,1996,6,17,2,27.2
987,1996,6,17,2,29
988,1996,6,17,2,29.2
989,1996,6,17,2,29.7
990,1996,6,18,2,25.4
991,1996,6,18,2,25.8
992,1996,6,18,2,26.2
993,1996,6,18,2,26.5
994,1996,6,18,3,26.6
995,1996,6,18,2,26.8
996,1996,6,18,2,27
997,1996,6,18,2,27.1
998,1996,6,18,2,27.2
999,1996,6,18,2,27.3
1000,1996,6,18,2,27.7
1001,1996,6,18,2,27.8
1002,1996,6,18,2,28.7
1003,1996,6,18,2,29.1
1004,1996,6,18,2,30.2
1005,1996,6,18,4,42
1006,1996,6,18,4,42.4
1007,1996,6,18,4,42.9
1008,1996,6,18,4,42.9
1009,1996,6,18,5,43.6
1010,1996,6,18,5,47
1011,1996,6,18,5,51.4
1012,1996,6,19,2,25.4
1013,1996,6,19,2,25.4
1014,1996,6,19,2,25.7
1015,1996,6,19,2,26.3
1016,1996,6,19,2,26.4
1017,1996,6,19,2,26.4
1018,1996,6,19,2,26.6
1019,1996,6,19,2,26.7
1020,1996,6,19,2,27.3
1021,1996,6,19,2,27.5
1022,1996,6,19,2,27.6
1023,1996,6,19,2,27.6
1024,1996,6,19,2,27.8
1025,1996,6,19,2,28
1026,1996,6,19,2,28.1
1027,1996,6,19,2,28.3
1028,1996,6,19,2,28.6
1029,1996,6,19,2,28.6
1030,1996,6,19,2,29.8
1031,1996,6,19,4,40.2
1032,1996,6,19,4,41.5
1033,1996,6,19,4,41.7
1034,1996,6,19,4,43.5
1035,1996,6,19,4,44.1
1036,1996,6,19,4,44.5
1037,1996,6,19,5,48.6
1038,1996,6,19,5,49.6
1039,1996,6,19,5,49.9
1040,1997,6,4,2,31.9
1041,1997,6,4,2,34.5
1042,1997,6,4,3,35.7
1043,1997,6,4,3,38.4
1044,1997,6,4,3,38.7
1045,1997,6,4,3,40.8
1046,1997,6,4,3,43.5
1047,1997,6,4,4,47.3
1048,1997,6,4,4,49.1
1049,1997,6,4,5,49.8
1050,1997,6,4,6,51.9
1051,1997,6,4,6,54.5
1052,1997,6,4,6,55.2
1053,1997,6,4,6,56.7
1054,1997,6,4,6,58.2
1055,1997,6,4,6,59.1
1056,1997,6,4,6,68.8
1057,1997,6,4,9,73.3
1058,1997,6,6,3,36.9
1059,1997,6,6,3,37
1060,1997,6,6,3,37.1
1061,1997,6,6,3,37.5
1062,1997,6,6,3,39
1063,1997,6,6,3,42.5
1064,1997,6,6,3,44.7
1065,1997,6,6,4,45
1066,1997,6,6,4,46.3
1067,1997,6,6,4,47
1068,1997,6,6,6,47.4
1069,1997,6,6,4,47.5
1070,1997,6,6,4,47.7
1071,1997,6,6,4,48.3
1072,1997,6,6,5,49.1
1073,1997,6,6,6,52.9
1074,1997,6,6,6,54.7
1075,1997,6,6,6,54.8
1076,1997,6,6,6,55.4
1077,1997,6,6,6,57.6
1078,1997,6,6,6,58.1
1079,1997,6,6,6,60.3
1080,1997,6,6,6,60.9
1081,1997,6,6,6,61.2
1082,1997,6,6,6,61.4
1083,1997,6,6,6,63.3
1084,1997,6,6,6,64.2
1085,1997,6,6,12,83.6
1086,1997,6,8,3,36.9
1087,1997,6,8,3,37.5
1088,1997,6,8,3,40.3
1089,1997,6,8,4,44.9
1090,1997,6,8,4,46.7
1091,1997,6,8,7,48
1092,1997,6,8,6,50.7
1093,1997,6,8,6,55
1094,1997,6,10,3,37.2
1095,1997,6,10,3,41.6
1096,1997,6,10,4,45.8
1097,1997,6,10,4,46.6
1098,1997,6,10,4,47.3
1099,1997,6,10,5,49.3
1100,1997,6,11,6,53.3
1101,1997,6,11,6,58.9
1102,1997,6,12,6,52.7
1103,1997,6,14,6,58.4
1104,1997,6,16,2,26
1105,1997,6,16,2,27
1106,1997,6,18,2,26.7
1107,1997,6,18,3,35.2
1108,1998,5,20,3,36.3
1109,1998,5,20,3,38.8
1110,1998,5,20,3,40.2
1111,1998,5,20,3,41
1112,1998,5,20,4,42.6
1113,1998,5,20,4,49.1
1114,1998,5,20,5,53.7
1115,1998,5,20,7,56.1
1116,1998,5,21,3,36.4
1117,1998,5,21,3,38.5
1118,1998,5,21,3,39.6
1119,1998,5,21,3,40.2
1120,1998,5,21,3,40.6
1121,1998,5,21,3,40.7
1122,1998,5,21,3,41.8
1123,1998,5,21,4,42
1124,1998,5,21,4,42.2
1125,1998,5,21,4,45.6
1126,1998,5,21,4,46.8
1127,1998,5,21,4,47.3
1128,1998,5,21,4,48.4
1129,1998,5,21,4,48.7
1130,1998,5,21,4,49.1
1131,1998,5,21,4,49.6
1132,1998,5,21,4,51.2
1133,1998,5,21,4,51.7
1134,1998,5,21,7,52.3
1135,1998,5,21,4,52.6
1136,1998,5,21,6,53.7
1137,1998,5,21,5,56.3
1138,1998,5,21,5,57.3
1139,1998,5,21,5,57.4
1140,1998,5,21,7,58
1141,1998,5,21,6,59
1142,1998,5,21,7,60.9
1143,1998,5,21,7,62.6
1144,1998,5,21,7,69.5
1145,1998,5,22,5,51.5
1146,1998,5,23,2,26.2
1147,1998,5,29,3,39
1148,1998,5,29,4,43
1149,1998,5,29,4,43.4
1150,1998,5,29,5,46.5
1151,1998,5,29,5,50.4
1152,1998,5,29,7,54.8
1153,1998,5,29,7,54.8
1154,1998,5,29,10,72.4
1155,1998,6,2,7,61.1
1156,1998,6,3,2,23.1
1157,1998,6,3,2,26.1
1158,1998,6,3,2,28
1159,1998,6,3,3,39.8
1160,1998,6,5,2,25.1
1161,1998,6,5,2,26.9
1162,1998,6,9,2,26.2
1163,1998,6,11,2,26.6
1164,1998,6,17,2,24.7
1165,1999,5,21,3,32.9
1166,1999,5,21,3,36.1
1167,1999,5,21,3,36.6
1168,1999,5,21,3,36.9
1169,1999,5,21,3,37
1170,1999,5,21,3,37.1
1171,1999,5,21,3,37.2
1172,1999,5,21,3,37.2
1173,1999,5,21,3,37.5
1174,1999,5,21,3,37.6
1175,1999,5,21,3,37.6
1176,1999,5,21,3,38
1177,1999,5,21,3,38.1
1178,1999,5,21,4,38.3
1179,1999,5,21,4,38.3
1180,1999,5,21,3,38.4
1181,1999,5,21,3,38.4
1182,1999,5,21,3,38.6
1183,1999,5,21,3,38.7
1184,1999,5,21,3,38.8
1185,1999,5,21,3,38.8
1186,1999,5,21,3,39
1187,1999,5,21,3,39.2
1188,1999,5,21,3,39.2
1189,1999,5,21,3,39.2
1190,1999,5,21,3,39.3
1191,1999,5,21,4,39.3
1192,1999,5,21,3,39.3
1193,1999,5,21,3,39.4
1194,1999,5,21,3,39.5
1195,1999,5,21,3,39.5
1196,1999,5,21,3,39.5
1197,1999,5,21,3,39.5
1198,1999,5,21,3,39.7
1199,1999,5,21,3,39.8
1200,1999,5,21,3,39.8
1201,1999,5,21,3,39.8
1202,1999,5,21,4,40.3
1203,1999,5,21,3,40.3
1204,1999,5,21,3,40.3
1205,1999,5,21,3,40.4
1206,1999,5,21,3,40.4
1207,1999,5,21,3,40.5
1208,1999,5,21,3,40.5
1209,1999,5,21,3,40.5
1210,1999,5,21,3,40.6
1211,1999,5,21,3,40.8
1212,1999,5,21,3,40.8
1213,1999,5,21,3,40.8
1214,1999,5,21,3,40.9
1215,1999,5,21,3,40.9
1216,1999,5,21,3,41
1217,1999,5,21,3,41
1218,1999,5,21,3,41
1219,1999,5,21,3,41
1220,1999,5,21,3,41.1
1221,1999,5,21,3,41.1
1222,1999,5,21,3,41.2
1223,1999,5,21,3,41.2
1224,1999,5,21,3,41.2
1225,1999,5,21,3,41.2
1226,1999,5,21,3,41.2
1227,1999,5,21,3,41.2
1228,1999,5,21,3,41.3
1229,1999,5,21,3,41.3
1230,1999,5,21,3,41.3
1231,1999,5,21,3,41.4
1232,1999,5,21,3,41.4
1233,1999,5,21,4,41.4
1234,1999,5,21,3,41.4
1235,1999,5,21,3,41.5
1236,1999,5,21,3,41.5
1237,1999,5,21,4,41.7
1238,1999,5,21,3,41.8
1239,1999,5,21,3,41.8
1240,1999,5,21,3,41.9
1241,1999,5,21,3,42
1242,1999,5,21,3,42
1243,1999,5,21,3,42
1244,1999,5,21,3,42
1245,1999,5,21,3,42.2
1246,1999,5,21,3,42.2
1247,1999,5,21,3,42.2
1248,1999,5,21,3,42.3
1249,1999,5,21,3,42.4
1250,1999,5,21,3,42.4
1251,1999,5,21,3,42.5
1252,1999,5,21,3,42.5
1253,1999,5,21,3,42.6
1254,1999,5,21,3,42.8
1255,1999,5,21,3,42.9
1256,1999,5,21,3,43
1257,1999,5,21,4,43
1258,1999,5,21,3,43
1259,1999,5,21,3,43
1260,1999,5,21,3,43
1261,1999,5,21,3,43.2
1262,1999,5,21,3,43.5
1263,1999,5,21,3,43.5
1264,1999,5,21,3,43.5
1265,1999,5,21,3,43.5
1266,1999,5,21,3,43.5
1267,1999,5,21,4,43.5
1268,1999,5,21,3,43.5
1269,1999,5,21,3,43.8
1270,1999,5,21,4,44
1271,1999,5,21,4,44.3
1272,1999,5,21,3,44.4
1273,1999,5,21,4,44.4
1274,1999,5,21,3,44.5
1275,1999,5,21,4,45
1276,1999,5,21,4,45
1277,1999,5,21,4,45.2
1278,1999,5,21,4,45.8
1279,1999,5,21,4,45.8
1280,1999,5,21,4,46.3
1281,1999,5,21,4,46.4
1282,1999,5,21,5,46.5
1283,1999,5,21,4,46.5
1284,1999,5,21,4,46.6
1285,1999,5,21,4,46.7
1286,1999,5,21,4,47
1287,1999,5,21,4,47
1288,1999,5,21,4,47.1
1289,1999,5,21,4,47.2
1290,1999,5,21,3,47.3
1291,1999,5,21,4,47.5
1292,1999,5,21,4,47.6
1293,1999,5,21,4,47.7
1294,1999,5,21,4,47.8
1295,1999,5,21,5,47.8
1296,1999,5,21,3,48.1
1297,1999,5,21,4,48.1
1298,1999,5,21,4,48.4
1299,1999,5,21,4,48.5
1300,1999,5,21,4,48.5
1301,1999,5,21,4,48.9
1302,1999,5,21,4,49
1303,1999,5,21,6,49
1304,1999,5,21,4,49
1305,1999,5,21,5,49.1
1306,1999,5,21,5,49.4
1307,1999,5,21,4,49.4
1308,1999,5,21,4,49.5
1309,1999,5,21,6,49.5
1310,1999,5,21,5,49.7
1311,1999,5,21,5,49.8
1312,1999,5,21,4,49.8
1313,1999,5,21,4,50
1314,1999,5,21,5,50.1
1315,1999,5,21,5,50.1
1316,1999,5,21,4,50.6
1317,1999,5,21,5,50.7
1318,1999,5,21,5,51.2
1319,1999,5,21,4,51.3
1320,1999,5,21,4,51.5
1321,1999,5,21,5,51.5
1322,1999,5,21,5,51.8
1323,1999,5,21,5,51.9
1324,1999,5,21,4,52
1325,1999,5,21,5,52
1326,1999,5,21,5,52.1
1327,1999,5,21,5,52.4
1328,1999,5,21,5,52.7
1329,1999,5,21,5,52.9
1330,1999,5,21,5,53.2
1331,1999,5,21,5,53.3
1332,1999,5,21,6,53.5
1333,1999,5,21,5,54.2
1334,1999,5,21,5,54.3
1335,1999,5,21,5,54.4
1336,1999,5,21,6,54.5
1337,1999,5,21,6,54.6
1338,1999,5,21,5,54.6
1339,1999,5,21,5,54.9
1340,1999,5,21,5,55
1341,1999,5,21,6,55.6
1342,1999,5,21,5,55.8
1343,1999,5,21,5,55.9
1344,1999,5,21,6,56
1345,1999,5,21,5,56.2
1346,1999,5,21,5,56.5
1347,1999,5,21,5,56.5
1348,1999,5,21,5,56.8
1349,1999,5,21,5,57
1350,1999,5,21,5,57
1351,1999,5,21,6,57.2
1352,1999,5,21,6,57.5
1353,1999,5,21,6,57.5
1354,1999,5,21,5,59.8
1355,1999,5,21,5,59.9
1356,1999,5,21,7,60
1357,1999,5,21,8,61.8
1358,1999,5,21,5,62.8
1359,1999,5,21,8,65.2
1360,1999,5,21,6,66.1
1361,1999,5,21,8,70.4
1362,1999,5,29,12,88.5
1363,1999,6,15,5,49.8
1364,2000,5,25,2,27.7
1365,2000,5,25,2,28.5
1366,2000,5,25,2,28.5
1367,2000,5,25,2,28.8
1368,2000,5,25,4,29
1369,2000,5,25,2,30
1370,2000,5,25,2,30.5
1371,2000,5,25,2,31.6
1372,2000,5,25,2,32.1
1373,2000,5,25,2,32.2
1374,2000,5,25,2,32.3
1375,2000,5,25,2,32.5
1376,2000,5,25,3,37.5
1377,2000,5,25,3,38.2
1378,2000,5,25,3,38.5
1379,2000,5,25,2,38.8
1380,2000,5,25,3,39
1381,2000,5,25,3,40
1382,2000,5,25,3,40.1
1383,2000,5,25,3,40.5
1384,2000,5,25,3,40.5
1385,2000,5,25,3,40.6
1386,2000,5,25,3,40.7
1387,2000,5,25,3,41.2
1388,2000,5,25,3,41.3
1389,2000,5,25,3,41.3
1390,2000,5,25,3,41.4
1391,2000,5,25,3,41.4
1392,2000,5,25,3,41.5
1393,2000,5,25,3,41.5
1394,2000,5,25,3,41.5
1395,2000,5,25,3,41.5
1396,2000,5,25,3,41.5
1397,2000,5,25,3,41.8
1398,2000,5,25,3,41.9
1399,2000,5,25,3,42
1400,2000,5,25,3,42.3
1401,2000,5,25,4,42.5
1402,2000,5,25,3,42.5
1403,2000,5,25,3,42.5
1404,2000,5,25,3,42.7
1405,2000,5,25,3,42.8
1406,2000,5,25,3,42.9
1407,2000,5,25,3,43
1408,2000,5,25,4,43.2
1409,2000,5,25,3,43.2
1410,2000,5,25,3,43.3
1411,2000,5,25,3,43.4
1412,2000,5,25,3,43.6
1413,2000,5,25,4,43.9
1414,2000,5,25,3,44
1415,2000,5,25,3,44.1
1416,2000,5,25,3,44.4
1417,2000,5,25,4,45
1418,2000,5,25,3,45
1419,2000,5,25,4,45
1420,2000,5,25,4,45
1421,2000,5,25,3,45.1
1422,2000,5,25,3,45.1
1423,2000,5,25,4,45.2
1424,2000,5,25,4,45.3
1425,2000,5,25,4,45.4
1426,2000,5,25,4,45.4
1427,2000,5,25,4,45.7
1428,2000,5,25,3,46
1429,2000,5,25,4,46.2
1430,2000,5,25,4,46.4
1431,2000,5,25,4,46.5
1432,2000,5,25,4,46.5
1433,2000,5,25,4,46.7
1434,2000,5,25,4,46.9
1435,2000,5,25,4,47
1436,2000,5,25,4,47
1437,2000,5,25,4,47
1438,2000,5,25,4,47.1
1439,2000,5,25,4,47.2
1440,2000,5,25,4,47.5
1441,2000,5,25,4,47.5
1442,2000,5,25,4,48.4
1443,2000,5,25,4,48.4
1444,2000,5,25,4,48.5
1445,2000,5,25,4,48.5
1446,2000,5,25,4,48.5
1447,2000,5,25,4,48.5
1448,2000,5,25,4,48.8
1449,2000,5,25,4,49
1450,2000,5,25,4,49
1451,2000,5,25,4,49.4
1452,2000,5,25,4,49.5
1453,2000,5,25,4,49.5
1454,2000,5,25,4,49.5
1455,2000,5,25,4,49.7
1456,2000,5,25,4,49.8
1457,2000,5,25,4,49.8
1458,2000,5,25,4,50
1459,2000,5,25,4,50
1460,2000,5,25,5,50
1461,2000,5,25,4,50.1
1462,2000,5,25,4,50.4
1463,2000,5,25,4,50.5
1464,2000,5,25,4,50.6
1465,2000,5,25,4,50.7
1466,2000,5,25,4,50.8
1467,2000,5,25,4,51
1468,2000,5,25,4,51.5
1469,2000,5,25,4,51.5
1470,2000,5,25,5,51.9
1471,2000,5,25,5,52
1472,2000,5,25,5,52
1473,2000,5,25,4,52
1474,2000,5,25,4,52.2
1475,2000,5,25,4,52.3
1476,2000,5,25,5,52.3
1477,2000,5,25,5,52.4
1478,2000,5,25,4,52.4
1479,2000,5,25,4,52.5
1480,2000,5,25,5,52.5
1481,2000,5,25,4,52.5
1482,2000,5,25,4,52.5
1483,2000,5,25,5,52.6
1484,2000,5,25,5,52.7
1485,2000,5,25,4,52.7
1486,2000,5,25,4,52.8
1487,2000,5,25,4,53
1488,2000,5,25,5,53.2
1489,2000,5,25,4,53.4
1490,2000,5,25,4,53.7
1491,2000,5,25,4,53.8
1492,2000,5,25,5,54
1493,2000,5,25,5,54
1494,2000,5,25,4,54.2
1495,2000,5,25,5,54.5
1496,2000,5,25,6,54.6
1497,2000,5,25,5,55
1498,2000,5,25,4,55.2
1499,2000,5,25,5,55.6
1500,2000,5,25,6,55.6
1501,2000,5,25,6,56.5
1502,2000,5,25,5,57
1503,2000,5,25,5,57
1504,2000,5,25,5,57.7
1505,2000,5,25,6,58.5
1506,2000,5,25,5,59
1507,2000,5,25,5,59
1508,2000,5,25,6,60.5
1509,2000,5,25,6,63.5
1510,2000,5,25,7,66
1511,2000,5,25,8,71.7
1512,2000,5,25,6,72.6
1513,2000,5,26,3,32.8
1514,2000,5,26,3,33.6
1515,2000,5,26,3,36.9
1516,2000,5,26,3,38.1
1517,2000,5,26,3,38.5
1518,2000,5,26,3,39.5
1519,2000,5,26,3,39.6
1520,2000,5,26,3,40.5
1521,2000,5,26,3,41.4
1522,2000,5,26,3,41.4
1523,2000,5,26,4,42.6
1524,2000,5,26,3,43.6
1525,2000,5,26,4,43.6
1526,2000,5,26,4,46.1
1527,2000,5,26,4,46.8
1528,2000,5,26,4,47.1
1529,2000,5,26,3,48
1530,2000,5,26,4,50.1
1531,2000,5,26,5,50.9
1532,2000,5,26,5,52.3
1533,2000,5,26,5,57.9
1534,2000,5,27,2,31.5
1535,2000,5,27,3,34.4
1536,2000,5,27,3,35.7
1537,2000,5,27,3,37.5
1538,2000,5,27,3,39.9
1539,2000,5,27,3,40
1540,2000,5,27,4,40.5
1541,2000,5,27,3,41.2
1542,2000,5,27,3,41.2
1543,2000,5,27,3,41.3
1544,2000,5,27,3,41.4
1545,2000,5,27,3,41.8
1546,2000,5,27,3,42
1547,2000,5,27,3,42.2
1548,2000,5,27,4,42.3
1549,2000,5,27,3,42.3
1550,2000,5,27,3,42.5
1551,2000,5,27,3,42.7
1552,2000,5,27,3,43.7
1553,2000,5,27,4,43.7
1554,2000,5,27,3,43.8
1555,2000,5,27,3,44.1
1556,2000,5,27,4,44.2
1557,2000,5,27,3,44.4
1558,2000,5,27,4,44.7
1559,2000,5,27,4,45.2
1560,2000,5,27,4,46
1561,2000,5,27,4,46
1562,2000,5,27,4,46.2
1563,2000,5,27,4,46.5
1564,2000,5,27,4,47.1
1565,2000,5,27,4,47.3
1566,2000,5,27,4,47.6
1567,2000,5,27,4,47.8
1568,2000,5,27,4,48.9
1569,2000,5,27,4,49.1
1570,2000,5,27,4,49.4
1571,2000,5,27,4,49.7
1572,2000,5,27,4,50.2
1573,2000,5,27,4,50.2
1574,2000,5,27,4,50.3
1575,2000,5,27,4,50.8
1576,2000,5,27,4,51.4
1577,2000,5,27,4,51.5
1578,2000,5,27,5,52.3
1579,2000,5,27,5,53
1580,2000,5,27,4,53.1
1581,2000,5,27,7,53.8
1582,2000,5,27,4,54.9
1583,2000,5,27,6,55.3
1584,2000,5,27,5,55.7
1585,2000,5,27,6,56.1
1586,2000,5,27,6,56.3
1587,2000,5,27,5,63.8
1588,2000,5,30,1,18.6
1589,2000,5,30,2,29.4
1590,2000,5,30,2,30.4
1591,2000,5,30,2,31.3
1592,2000,5,30,2,31.5
1593,2000,5,30,2,33.3
1594,2000,5,30,3,39
1595,2000,5,30,3,40.3
1596,2000,5,30,3,40.9
1597,2000,5,30,3,41.3
1598,2000,5,30,3,42.1
1599,2000,5,30,3,42.4
1600,2000,5,30,3,42.9
1601,2000,5,30,3,43.7
1602,2000,5,30,3,44.4
1603,2000,5,30,3,44.5
1604,2000,5,30,4,44.9
1605,2000,5,30,4,45.5
1606,2000,5,30,4,45.9
1607,2000,5,30,4,47.5
1608,2000,5,30,4,47.6
1609,2000,5,30,5,48.7
1610,2000,5,30,5,49.2
1611,2000,5,30,4,49.3
1612,2000,5,30,4,50.1
1613,2000,5,30,4,50.2
1614,2000,5,30,4,50.3
1615,2000,5,30,4,50.5
1616,2000,5,30,4,50.9
1617,2000,5,30,4,51
1618,2000,5,30,4,51.2
1619,2000,5,30,4,51.2
1620,2000,5,30,4,51.5
1621,2000,5,30,5,51.8
1622,2000,5,30,4,52
1623,2000,5,30,5,53
1624,2000,5,30,4,53.1
1625,2000,5,30,4,53.2
1626,2000,5,30,4,53.8
1627,2000,5,30,4,53.8
1628,2000,5,30,4,54.2
1629,2000,5,30,4,54.8
1630,2000,5,30,4,56.2
1631,2000,5,30,6,59
1632,2000,5,30,6,59.8
1633,2000,5,30,6,59.8
1634,2000,5,30,6,60
1635,2000,5,30,6,61.3
1636,2000,5,30,6,61.3
1637,2000,5,30,5,61.4
1638,2000,5,30,6,62.4
1639,2000,5,30,6,63.4
1640,2000,5,30,8,72.9
1641,2000,5,31,2,30.6
1642,2000,5,31,2,32.1
1643,2000,5,31,2,32.6
1644,2000,5,31,3,40.8
1645,2000,5,31,3,41.4
1646,2000,5,31,3,42.1
1647,2000,5,31,3,43.7
1648,2000,5,31,4,48.4
1649,2000,5,31,4,48.7
1650,2000,5,31,4,50.3
1651,2000,5,31,4,52.3
1652,2000,5,31,4,53.1
1653,2000,5,31,4,53.4
1654,2000,5,31,5,54.1
1655,2000,5,31,6,59.4
1656,2000,6,1,1,17.1
1657,2000,6,1,1,17.8
1658,2000,6,1,1,18.9
1659,2000,6,1,2,26.7
1660,2000,6,1,2,29
1661,2000,6,1,2,29.7
1662,2000,6,1,2,30
1663,2000,6,1,2,31
1664,2000,6,1,2,31.4
1665,2000,6,1,3,31.5
1666,2000,6,1,2,32.7
1667,2000,6,1,3,33.2
1668,2000,6,1,3,38
1669,2000,6,1,3,38.7
1670,2000,6,1,3,38.8
1671,2000,6,1,3,39.8
1672,2000,6,1,3,40
1673,2000,6,1,3,40
1674,2000,6,1,3,40.1
1675,2000,6,1,3,40.2
1676,2000,6,1,3,40.5
1677,2000,6,1,3,41.1
1678,2000,6,1,3,41.2
1679,2000,6,1,3,41.6
1680,2000,6,1,3,41.7
1681,2000,6,1,3,41.7
1682,2000,6,1,3,42.4
1683,2000,6,1,4,42.4
1684,2000,6,1,3,43.5
1685,2000,6,1,3,43.6
1686,2000,6,1,3,44
1687,2000,6,1,3,45.2
1688,2000,6,1,4,46
1689,2000,6,1,4,46.7
1690,2000,6,1,4,46.8
1691,2000,6,1,4,47.5
1692,2000,6,1,4,48
1693,2000,6,1,4,48.7
1694,2000,6,1,4,49.1
1695,2000,6,1,4,49.5
1696,2000,6,1,4,49.8
1697,2000,6,1,4,49.9
1698,2000,6,1,4,50.1
1699,2000,6,1,5,50.2
1700,2000,6,1,4,50.2
1701,2000,6,1,4,50.4
1702,2000,6,1,4,50.4
1703,2000,6,1,4,50.7
1704,2000,6,1,4,50.9
1705,2000,6,1,4,50.9
1706,2000,6,1,4,51
1707,2000,6,1,4,51.3
1708,2000,6,1,4,51.5
1709,2000,6,1,4,51.8
1710,2000,6,1,4,52.5
1711,2000,6,1,4,53.2
1712,2000,6,1,4,54.2
1713,2000,6,1,4,54.3
1714,2000,6,1,5,54.6
1715,2000,6,1,5,56.3
1716,2000,6,1,5,57.8
1717,2000,6,1,5,58.5
1718,2000,6,1,5,59.4
1719,2000,6,1,5,59.5
1720,2000,6,1,7,59.7
1721,2000,6,1,6,62.8
1722,2000,6,1,6,65.3
1723,2000,6,1,8,74.9
1724,2000,6,2,2,30.9
1725,2000,6,2,2,31.3
1726,2000,6,2,2,32
1727,2000,6,2,2,32.1
1728,2000,6,2,2,32.6
1729,2000,6,2,3,40.1
1730,2000,6,2,3,40.3
1731,2000,6,2,3,40.3
1732,2000,6,2,3,41.1
1733,2000,6,2,3,41.2
1734,2000,6,2,3,41.5
1735,2000,6,2,3,41.5
1736,2000,6,2,3,41.5
1737,2000,6,2,3,41.6
1738,2000,6,2,3,41.7
1739,2000,6,2,3,42
1740,2000,6,2,3,42.2
1741,2000,6,2,3,42.4
1742,2000,6,2,3,42.6
1743,2000,6,2,3,43.1
1744,2000,6,2,3,43.2
1745,2000,6,2,3,43.3
1746,2000,6,2,3,43.5
1747,2000,6,2,4,43.5
1748,2000,6,2,3,43.7
1749,2000,6,2,3,43.8
1750,2000,6,2,3,44
1751,2000,6,2,4,44
1752,2000,6,2,3,44.1
1753,2000,6,2,3,44.1
1754,2000,6,2,3,44.3
1755,2000,6,2,4,45
1756,2000,6,2,4,45.1
1757,2000,6,2,4,46.4
1758,2000,6,2,4,46.7
1759,2000,6,2,4,47
1760,2000,6,2,4,47.2
1761,2000,6,2,4,47.4
1762,2000,6,2,4,47.5
1763,2000,6,2,4,47.7
1764,2000,6,2,5,47.9
1765,2000,6,2,4,48.5
1766,2000,6,2,4,48.7
1767,2000,6,2,4,49.1
1768,2000,6,2,5,49.2
1769,2000,6,2,4,49.6
1770,2000,6,2,4,49.8
1771,2000,6,2,5,50.1
1772,2000,6,2,4,50.1
1773,2000,6,2,4,50.2
1774,2000,6,2,5,50.4
1775,2000,6,2,4,50.5
1776,2000,6,2,4,50.5
1777,2000,6,2,4,50.6
1778,2000,6,2,4,51
1779,2000,6,2,4,51.4
1780,2000,6,2,4,51.4
1781,2000,6,2,4,51.6
1782,2000,6,2,4,51.6
1783,2000,6,2,4,51.7
1784,2000,6,2,5,52
1785,2000,6,2,4,52.1
1786,2000,6,2,4,52.6
1787,2000,6,2,4,52.9
1788,2000,6,2,4,53.3
1789,2000,6,2,4,53.6
1790,2000,6,2,6,53.8
1791,2000,6,2,5,54.2
1792,2000,6,2,5,55.2
1793,2000,6,2,5,55.4
1794,2000,6,2,5,55.9
1795,2000,6,2,5,56.2
1796,2000,6,2,4,56.2
1797,2000,6,2,6,56.2
1798,2000,6,2,6,56.5
1799,2000,6,2,5,57.4
1800,2000,6,2,5,58
1801,2000,6,2,5,58.2
1802,2000,6,2,5,58.5
1803,2000,6,2,6,58.5
1804,2000,6,2,5,61.5
1805,2000,6,2,6,62.5
1806,2000,6,2,6,63.3
1807,2000,6,2,6,65.7
1808,2000,6,2,6,65.7
1809,2000,6,2,6,67.3
1810,2000,6,2,8,70.8
1811,2000,6,3,1,19.7
1812,2000,6,3,4,49.2
1813,2000,6,5,1,17.6
1814,2000,6,5,2,29.5
1815,2000,6,5,4,47
1816,2000,6,5,5,49
1817,2000,6,5,4,57
1818,2000,6,5,6,61.8
1819,2000,6,5,6,63.4
1820,2000,6,5,6,63.8
1821,2000,6,6,5,52
1822,2000,6,8,1,18.2
1823,2000,6,8,1,18.3
1824,2000,6,8,9,80.5
1825,2000,6,11,4,45.5
1826,2000,6,11,7,66.8
1827,2000,6,12,1,19.8
1828,2000,6,13,1,16.1
1829,2000,6,13,5,62.6
1830,2000,6,13,8,66.7
1831,2000,6,14,9,63.2
1832,2000,6,14,6,63.3
1833,2000,6,15,6,63.5
1834,2000,6,16,5,55.3
1835,2000,6,17,6,54
1836,2000,6,19,8,51.5
1837,2000,6,19,8,55.7
1838,2000,6,19,6,56.4
1839,2000,6,19,7,68.6
1840,2000,6,20,7,68
1841,2001,5,25,2,27.1
1842,2001,5,25,2,28.4
1843,2001,5,25,2,29.9
1844,2001,5,25,2,30.3
1845,2001,5,25,2,30.4
1846,2001,5,25,2,30.5
1847,2001,5,25,2,30.7
1848,2001,5,25,2,30.7
1849,2001,5,25,2,30.9
1850,2001,5,25,2,31.2
1851,2001,5,25,2,31.5
1852,2001,5,25,2,31.6
1853,2001,5,25,2,31.7
1854,2001,5,25,2,32.3
1855,2001,5,25,2,33.4
1856,2001,5,25,2,33.5
1857,2001,5,25,3,33.5
1858,2001,5,25,2,33.9
1859,2001,5,25,2,34
1860,2001,5,25,2,34.5
1861,2001,5,25,3,36
1862,2001,5,25,3,36.5
1863,2001,5,25,3,37.1
1864,2001,5,25,3,37.3
1865,2001,5,25,4,37.5
1866,2001,5,25,3,37.8
1867,2001,5,25,3,37.9
1868,2001,5,25,3,38
1869,2001,5,25,3,38.2
1870,2001,5,25,3,38.2
1871,2001,5,25,3,38.5
1872,2001,5,25,3,38.5
1873,2001,5,25,3,38.5
1874,2001,5,25,3,38.7
1875,2001,5,25,4,38.7
1876,2001,5,25,3,38.7
1877,2001,5,25,3,39
1878,2001,5,25,4,39
1879,2001,5,25,3,39.1
1880,2001,5,25,3,39.1
1881,2001,5,25,3,39.1
1882,2001,5,25,3,39.2
1883,2001,5,25,4,39.3
1884,2001,5,25,3,39.3
1885,2001,5,25,4,39.4
1886,2001,5,25,3,39.5
1887,2001,5,25,3,39.5
1888,2001,5,25,3,39.5
1889,2001,5,25,4,39.5
1890,2001,5,25,3,39.6
1891,2001,5,25,3,39.6
1892,2001,5,25,4,39.7
1893,2001,5,25,3,39.8
1894,2001,5,25,3,39.8
1895,2001,5,25,3,39.8
1896,2001,5,25,3,39.8
1897,2001,5,25,4,39.9
1898,2001,5,25,3,40
1899,2001,5,25,4,40
1900,2001,5,25,4,40
1901,2001,5,25,3,40
1902,2001,5,25,3,40.1
1903,2001,5,25,3,40.1
1904,2001,5,25,4,40.1
1905,2001,5,25,3,40.2
1906,2001,5,25,3,40.3
1907,2001,5,25,3,40.3
1908,2001,5,25,3,40.4
1909,2001,5,25,4,40.5
1910,2001,5,25,3,40.5
1911,2001,5,25,4,40.5
1912,2001,5,25,4,40.5
1913,2001,5,25,3,40.5
1914,2001,5,25,4,40.6
1915,2001,5,25,3,40.6
1916,2001,5,25,3,40.7
1917,2001,5,25,4,40.7
1918,2001,5,25,3,40.7
1919,2001,5,25,3,40.8
1920,2001,5,25,3,40.8
1921,2001,5,25,3,40.8
1922,2001,5,25,3,40.8
1923,2001,5,25,4,40.8
1924,2001,5,25,3,40.8
1925,2001,5,25,3,40.9
1926,2001,5,25,3,41
1927,2001,5,25,4,41
1928,2001,5,25,4,41
1929,2001,5,25,3,41.1
1930,2001,5,25,4,41.2
1931,2001,5,25,4,41.3
1932,2001,5,25,3,41.3
1933,2001,5,25,4,41.3
1934,2001,5,25,3,41.4
1935,2001,5,25,3,41.4
1936,2001,5,25,3,41.4
1937,2001,5,25,3,41.4
1938,2001,5,25,3,41.4
1939,2001,5,25,3,41.5
1940,2001,5,25,3,41.5
1941,2001,5,25,3,41.5
1942,2001,5,25,4,41.5
1943,2001,5,25,3,41.5
1944,2001,5,25,4,41.5
1945,2001,5,25,4,41.5
1946,2001,5,25,4,41.5
1947,2001,5,25,4,41.7
1948,2001,5,25,3,41.7
1949,2001,5,25,3,41.7
1950,2001,5,25,4,41.7
1951,2001,5,25,3,41.7
1952,2001,5,25,4,41.7
1953,2001,5,25,4,41.8
1954,2001,5,25,3,41.8
1955,2001,5,25,3,41.8
1956,2001,5,25,4,41.8
1957,2001,5,25,3,41.9
1958,2001,5,25,4,41.9
1959,2001,5,25,3,41.9
1960,2001,5,25,3,42
1961,2001,5,25,4,42
1962,2001,5,25,5,42
1963,2001,5,25,3,42
1964,2001,5,25,4,42.1
1965,2001,5,25,4,42.1
1966,2001,5,25,3,42.1
1967,2001,5,25,4,42.1
1968,2001,5,25,3,42.2
1969,2001,5,25,4,42.2
1970,2001,5,25,4,42.2
1971,2001,5,25,4,42.2
1972,2001,5,25,4,42.2
1973,2001,5,25,3,42.3
1974,2001,5,25,4,42.3
1975,2001,5,25,3,42.3
1976,2001,5,25,4,42.3
1977,2001,5,25,4,42.4
1978,2001,5,25,4,42.4
1979,2001,5,25,3,42.4
1980,2001,5,25,3,42.5
1981,2001,5,25,4,42.5
1982,2001,5,25,3,42.5
1983,2001,5,25,3,42.5
1984,2001,5,25,3,42.5
1985,2001,5,25,3,42.5
1986,2001,5,25,4,42.5
1987,2001,5,25,3,42.6
1988,2001,5,25,3,42.7
1989,2001,5,25,4,42.7
1990,2001,5,25,4,42.7
1991,2001,5,25,3,42.7
1992,2001,5,25,3,42.7
1993,2001,5,25,3,42.7
1994,2001,5,25,3,42.7
1995,2001,5,25,4,42.7
1996,2001,5,25,3,42.7
1997,2001,5,25,4,42.7
1998,2001,5,25,3,42.7
1999,2001,5,25,4,42.8
2000,2001,5,25,3,42.9
2001,2001,5,25,4,42.9
2002,2001,5,25,4,43
2003,2001,5,25,3,43
2004,2001,5,25,4,43
2005,2001,5,25,3,43.1
2006,2001,5,25,3,43.1
2007,2001,5,25,4,43.1
2008,2001,5,25,4,43.1
2009,2001,5,25,4,43.2
2010,2001,5,25,4,43.2
2011,2001,5,25,4,43.3
2012,2001,5,25,4,43.4
2013,2001,5,25,4,43.4
2014,2001,5,25,3,43.5
2015,2001,5,25,4,43.5
2016,2001,5,25,4,43.6
2017,2001,5,25,3,43.6
2018,2001,5,25,3,43.6
2019,2001,5,25,3,43.6
2020,2001,5,25,4,43.6
2021,2001,5,25,3,43.7
2022,2001,5,25,4,43.7
2023,2001,5,25,4,43.7
2024,2001,5,25,3,43.7
2025,2001,5,25,4,43.7
2026,2001,5,25,4,43.7
2027,2001,5,25,4,43.7
2028,2001,5,25,4,43.8
2029,2001,5,25,4,43.8
2030,2001,5,25,4,43.8
2031,2001,5,25,4,43.8
2032,2001,5,25,4,43.9
2033,2001,5,25,4,43.9
2034,2001,5,25,3,44
2035,2001,5,25,4,44
2036,2001,5,25,3,44
2037,2001,5,25,4,44
2038,2001,5,25,4,44
2039,2001,5,25,4,44
2040,2001,5,25,4,44
2041,2001,5,25,3,44
2042,2001,5,25,4,44
2043,2001,5,25,4,44.1
2044,2001,5,25,4,44.1
2045,2001,5,25,4,44.1
2046,2001,5,25,3,44.2
2047,2001,5,25,4,44.2
2048,2001,5,25,4,44.3
2049,2001,5,25,3,44.3
2050,2001,5,25,3,44.3
2051,2001,5,25,4,44.3
2052,2001,5,25,4,44.4
2053,2001,5,25,4,44.5
2054,2001,5,25,4,44.5
2055,2001,5,25,4,44.5
2056,2001,5,25,4,44.5
2057,2001,5,25,4,44.6
2058,2001,5,25,4,44.7
2059,2001,5,25,3,44.7
2060,2001,5,25,4,44.7
2061,2001,5,25,3,44.7
2062,2001,5,25,5,44.7
2063,2001,5,25,4,44.7
2064,2001,5,25,4,44.7
2065,2001,5,25,4,44.7
2066,2001,5,25,3,44.8
2067,2001,5,25,4,44.8
2068,2001,5,25,4,44.8
2069,2001,5,25,3,44.8
2070,2001,5,25,4,44.8
2071,2001,5,25,5,44.8
2072,2001,5,25,4,44.8
2073,2001,5,25,4,44.9
2074,2001,5,25,4,45
2075,2001,5,25,5,45
2076,2001,5,25,5,45.1
2077,2001,5,25,4,45.1
2078,2001,5,25,4,45.2
2079,2001,5,25,5,45.2
2080,2001,5,25,4,45.3
2081,2001,5,25,4,45.3
2082,2001,5,25,4,45.3
2083,2001,5,25,5,45.3
2084,2001,5,25,4,45.4
2085,2001,5,25,4,45.4
2086,2001,5,25,4,45.5
2087,2001,5,25,4,45.5
2088,2001,5,25,4,45.7
2089,2001,5,25,4,45.8
2090,2001,5,25,5,46.1
2091,2001,5,25,4,46.1
2092,2001,5,25,4,46.2
2093,2001,5,25,5,46.2
2094,2001,5,25,4,46.2
2095,2001,5,25,4,46.4
2096,2001,5,25,4,46.4
2097,2001,5,25,4,46.6
2098,2001,5,25,5,46.7
2099,2001,5,25,4,46.7
2100,2001,5,25,5,47
2101,2001,5,25,5,47
2102,2001,5,25,4,47.4
2103,2001,5,25,4,47.4
2104,2001,5,25,4,47.5
2105,2001,5,25,5,47.5
2106,2001,5,25,5,47.5
2107,2001,5,25,5,47.6
2108,2001,5,25,5,47.7
2109,2001,5,25,4,47.8
2110,2001,5,25,4,47.9
2111,2001,5,25,5,47.9
2112,2001,5,25,5,48.1
2113,2001,5,25,5,48.1
2114,2001,5,25,5,48.4
2115,2001,5,25,5,48.5
2116,2001,5,25,5,48.5
2117,2001,5,25,5,48.8
2118,2001,5,25,5,48.8
2119,2001,5,25,4,49
2120,2001,5,25,4,49
2121,2001,5,25,3,49.3
2122,2001,5,25,4,49.3
2123,2001,5,25,4,49.5
2124,2001,5,25,5,49.5
2125,2001,5,25,5,49.5
2126,2001,5,25,5,50
2127,2001,5,25,5,50
2128,2001,5,25,5,50.2
2129,2001,5,25,5,50.3
2130,2001,5,25,4,50.4
2131,2001,5,25,5,51.5
2132,2001,5,25,4,51.5
2133,2001,5,25,5,51.5
2134,2001,5,25,4,51.7
2135,2001,5,25,4,52.1
2136,2001,5,25,4,52.3
2137,2001,5,25,5,52.7
2138,2001,5,25,5,52.9
2139,2001,5,25,5,53.2
2140,2001,5,25,5,53.3
2141,2001,5,25,5,53.4
2142,2001,5,25,4,53.5
2143,2001,5,25,6,53.5
2144,2001,5,25,5,53.7
2145,2001,5,25,5,53.7
2146,2001,5,25,5,53.7
2147,2001,5,25,5,53.7
2148,2001,5,25,6,54.1
2149,2001,5,25,6,54.2
2150,2001,5,25,5,54.3
2151,2001,5,25,5,54.4
2152,2001,5,25,4,54.7
2153,2001,5,25,6,54.9
2154,2001,5,25,4,55
2155,2001,5,25,7,55
2156,2001,5,25,5,55
2157,2001,5,25,5,55.4
2158,2001,5,25,5,55.4
2159,2001,5,25,5,55.5
2160,2001,5,25,6,55.5
2161,2001,5,25,6,55.5
2162,2001,5,25,5,55.6
2163,2001,5,25,6,55.6
2164,2001,5,25,5,55.7
2165,2001,5,25,5,55.8
2166,2001,5,25,7,55.8
2167,2001,5,25,5,56.1
2168,2001,5,25,6,56.1
2169,2001,5,25,6,56.2
2170,2001,5,25,6,56.2
2171,2001,5,25,6,56.2
2172,2001,5,25,6,56.3
2173,2001,5,25,6,56.4
2174,2001,5,25,5,56.6
2175,2001,5,25,5,56.7
2176,2001,5,25,7,57
2177,2001,5,25,5,57
2178,2001,5,25,5,57.3
2179,2001,5,25,6,57.4
2180,2001,5,25,6,57.4
2181,2001,5,25,6,57.5
2182,2001,5,25,7,57.5
2183,2001,5,25,7,57.9
2184,2001,5,25,5,57.9
2185,2001,5,25,5,58.3
2186,2001,5,25,6,58.4
2187,2001,5,25,5,58.4
2188,2001,5,25,6,58.5
2189,2001,5,25,5,58.5
2190,2001,5,25,6,58.5
2191,2001,5,25,6,58.7
2192,2001,5,25,5,58.8
2193,2001,5,25,5,59
2194,2001,5,25,6,59
2195,2001,5,25,5,59.4
2196,2001,5,25,6,59.6
2197,2001,5,25,6,59.7
2198,2001,5,25,6,60.2
2199,2001,5,25,5,60.3
2200,2001,5,25,6,60.5
2201,2001,5,25,7,60.7
2202,2001,5,25,6,60.9
2203,2001,5,25,7,61.6
2204,2001,5,25,7,62
2205,2001,5,25,7,62
2206,2001,5,25,7,62.1
2207,2001,5,25,6,63.5
2208,2001,5,25,9,63.5
2209,2001,5,25,8,65.8
2210,2001,5,25,8,67.2
2211,2001,5,25,9,72.5
2212,2001,5,25,9,73.5
2213,2001,5,25,9,77
2214,2001,5,28,2,25.6
2215,2001,5,28,2,26.5
2216,2001,5,28,2,26.8
2217,2001,5,28,2,27.1
2218,2001,5,28,2,27.2
2219,2001,5,28,2,27.2
2220,2001,5,28,2,27.6
2221,2001,5,28,2,27.8
2222,2001,5,28,2,27.9
2223,2001,5,28,2,27.9
2224,2001,5,28,2,28
2225,2001,5,28,2,28.2
2226,2001,5,28,2,28.4
2227,2001,5,28,2,28.4
2228,2001,5,28,2,28.7
2229,2001,5,28,2,29.2
2230,2001,5,28,2,29.5
2231,2001,5,28,2,29.5
2232,2001,5,28,3,29.6
2233,2001,5,28,2,29.9
2234,2001,5,28,2,30.1
2235,2001,5,28,2,30.1
2236,2001,5,28,2,30.3
2237,2001,5,28,3,31.2
2238,2001,5,28,3,31.3
2239,2001,5,28,3,31.7
2240,2001,5,28,2,32.1
2241,2001,5,28,2,32.8
2242,2001,5,28,3,33
2243,2001,5,28,3,33.5
2244,2001,5,28,3,34.1
2245,2001,5,28,4,34.2
2246,2001,5,28,4,34.5
2247,2001,5,28,3,35.5
2248,2001,5,28,3,35.6
2249,2001,5,28,3,35.7
2250,2001,5,28,4,36.7
2251,2001,5,28,4,37.2
2252,2001,5,28,3,37.3
2253,2001,5,28,3,37.3
2254,2001,5,28,3,37.4
2255,2001,5,28,4,37.5
2256,2001,5,28,3,37.6
2257,2001,5,28,4,37.8
2258,2001,5,28,3,38
2259,2001,5,28,3,38.1
2260,2001,5,28,3,38.1
2261,2001,5,28,4,38.4
2262,2001,5,28,4,38.4
2263,2001,5,28,4,38.4
2264,2001,5,28,4,38.5
2265,2001,5,28,4,38.5
2266,2001,5,28,3,38.5
2267,2001,5,28,3,38.6
2268,2001,5,28,3,38.6
2269,2001,5,28,3,38.6
2270,2001,5,28,3,38.7
2271,2001,5,28,3,38.8
2272,2001,5,28,4,38.8
2273,2001,5,28,4,38.9
2274,2001,5,28,3,38.9
2275,2001,5,28,4,39
2276,2001,5,28,3,39
2277,2001,5,28,3,39
2278,2001,5,28,4,39
2279,2001,5,28,3,39
2280,2001,5,28,3,39.2
2281,2001,5,28,3,39.2
2282,2001,5,28,4,39.3
2283,2001,5,28,4,39.4
2284,2001,5,28,4,39.4
2285,2001,5,28,4,39.4
2286,2001,5,28,3,39.4
2287,2001,5,28,3,39.4
2288,2001,5,28,3,39.4
2289,2001,5,28,4,39.5
2290,2001,5,28,4,39.6
2291,2001,5,28,4,39.6
2292,2001,5,28,3,39.6
2293,2001,5,28,4,39.7
2294,2001,5,28,4,39.7
2295,2001,5,28,3,39.7
2296,2001,5,28,4,39.8
2297,2001,5,28,4,39.8
2298,2001,5,28,4,39.8
2299,2001,5,28,4,39.8
2300,2001,5,28,4,39.8
2301,2001,5,28,3,39.9
2302,2001,5,28,4,40
2303,2001,5,28,5,40.1
2304,2001,5,28,4,40.1
2305,2001,5,28,3,40.1
2306,2001,5,28,4,40.2
2307,2001,5,28,4,40.2
2308,2001,5,28,4,40.2
2309,2001,5,28,4,40.2
2310,2001,5,28,3,40.2
2311,2001,5,28,3,40.3
2312,2001,5,28,3,40.4
2313,2001,5,28,4,40.5
2314,2001,5,28,4,40.5
2315,2001,5,28,3,40.5
2316,2001,5,28,4,40.6
2317,2001,5,28,4,40.6
2318,2001,5,28,4,40.6
2319,2001,5,28,4,40.7
2320,2001,5,28,4,40.7
2321,2001,5,28,3,40.7
2322,2001,5,28,3,40.7
2323,2001,5,28,3,40.8
2324,2001,5,28,4,41
2325,2001,5,28,3,41
2326,2001,5,28,4,41
2327,2001,5,28,3,41
2328,2001,5,28,4,41.1
2329,2001,5,28,4,41.2
2330,2001,5,28,4,41.2
2331,2001,5,28,4,41.2
2332,2001,5,28,3,41.3
2333,2001,5,28,3,41.3
2334,2001,5,28,4,41.4
2335,2001,5,28,4,41.4
2336,2001,5,28,4,41.4
2337,2001,5,28,4,41.4
2338,2001,5,28,4,41.5
2339,2001,5,28,4,41.5
2340,2001,5,28,4,41.5
2341,2001,5,28,4,41.5
2342,2001,5,28,4,41.6
2343,2001,5,28,4,41.7
2344,2001,5,28,4,41.7
2345,2001,5,28,4,41.7
2346,2001,5,28,4,41.8
2347,2001,5,28,4,41.8
2348,2001,5,28,4,41.8
2349,2001,5,28,4,41.9
2350,2001,5,28,4,41.9
2351,2001,5,28,4,42
2352,2001,5,28,4,42
2353,2001,5,28,4,42
2354,2001,5,28,4,42
2355,2001,5,28,4,42
2356,2001,5,28,4,42
2357,2001,5,28,4,42.1
2358,2001,5,28,4,42.1
2359,2001,5,28,4,42.2
2360,2001,5,28,4,42.2
2361,2001,5,28,4,42.2
2362,2001,5,28,4,42.2
2363,2001,5,28,4,42.2
2364,2001,5,28,4,42.3
2365,2001,5,28,4,42.3
2366,2001,5,28,4,42.3
2367,2001,5,28,4,42.3
2368,2001,5,28,4,42.4
2369,2001,5,28,4,42.5
2370,2001,5,28,4,42.5
2371,2001,5,28,4,42.5
2372,2001,5,28,4,42.5
2373,2001,5,28,4,42.5
2374,2001,5,28,4,42.6
2375,2001,5,28,4,42.6
2376,2001,5,28,4,42.7
2377,2001,5,28,4,42.7
2378,2001,5,28,4,42.7
2379,2001,5,28,4,42.7
2380,2001,5,28,4,42.7
2381,2001,5,28,4,42.8
2382,2001,5,28,4,42.8
2383,2001,5,28,4,42.8
2384,2001,5,28,4,42.8
2385,2001,5,28,4,42.8
2386,2001,5,28,4,42.9
2387,2001,5,28,4,42.9
2388,2001,5,28,4,43
2389,2001,5,28,4,43
2390,2001,5,28,4,43
2391,2001,5,28,4,43
2392,2001,5,28,4,43
2393,2001,5,28,4,43
2394,2001,5,28,4,43.1
2395,2001,5,28,4,43.1
2396,2001,5,28,4,43.1
2397,2001,5,28,4,43.1
2398,2001,5,28,4,43.2
2399,2001,5,28,4,43.2
2400,2001,5,28,4,43.2
2401,2001,5,28,4,43.2
2402,2001,5,28,4,43.3
2403,2001,5,28,4,43.3
2404,2001,5,28,4,43.3
2405,2001,5,28,5,43.4
2406,2001,5,28,4,43.4
2407,2001,5,28,4,43.4
2408,2001,5,28,4,43.4
2409,2001,5,28,4,43.4
2410,2001,5,28,4,43.5
2411,2001,5,28,4,43.5
2412,2001,5,28,4,43.5
2413,2001,5,28,4,43.6
2414,2001,5,28,4,43.6
2415,2001,5,28,4,43.6
2416,2001,5,28,4,43.7
2417,2001,5,28,4,43.8
2418,2001,5,28,4,43.8
2419,2001,5,28,4,43.8
2420,2001,5,28,4,43.8
2421,2001,5,28,4,43.9
2422,2001,5,28,4,43.9
2423,2001,5,28,4,44
2424,2001,5,28,4,44
2425,2001,5,28,4,44
2426,2001,5,28,4,44.1
2427,2001,5,28,4,44.1
2428,2001,5,28,4,44.2
2429,2001,5,28,4,44.2
2430,2001,5,28,4,44.2
2431,2001,5,28,4,44.2
2432,2001,5,28,4,44.3
2433,2001,5,28,4,44.3
2434,2001,5,28,4,44.3
2435,2001,5,28,4,44.4
2436,2001,5,28,4,44.4
2437,2001,5,28,4,44.5
2438,2001,5,28,4,44.5
2439,2001,5,28,4,44.6
2440,2001,5,28,4,44.7
2441,2001,5,28,4,44.8
2442,2001,5,28,4,44.8
2443,2001,5,28,4,45
2444,2001,5,28,5,45.1
2445,2001,5,28,4,45.1
2446,2001,5,28,4,45.2
2447,2001,5,28,4,45.2
2448,2001,5,28,4,45.3
2449,2001,5,28,4,45.3
2450,2001,5,28,4,45.3
2451,2001,5,28,4,45.4
2452,2001,5,28,4,45.4
2453,2001,5,28,4,45.4
2454,2001,5,28,4,45.5
2455,2001,5,28,4,45.5
2456,2001,5,28,4,45.6
2457,2001,5,28,4,45.7
2458,2001,5,28,4,45.7
2459,2001,5,28,4,45.7
2460,2001,5,28,4,45.8
2461,2001,5,28,4,45.9
2462,2001,5,28,4,45.9
2463,2001,5,28,4,46
2464,2001,5,28,4,46.1
2465,2001,5,28,4,46.1
2466,2001,5,28,4,46.1
2467,2001,5,28,4,46.1
2468,2001,5,28,4,46.1
2469,2001,5,28,5,46.2
2470,2001,5,28,4,46.4
2471,2001,5,28,4,46.4
2472,2001,5,28,4,46.5
2473,2001,5,28,5,46.8
2474,2001,5,28,4,46.8
2475,2001,5,28,4,47.2
2476,2001,5,28,5,47.3
2477,2001,5,28,4,47.5
2478,2001,5,28,5,47.8
2479,2001,5,28,5,48
2480,2001,5,28,5,48.2
2481,2001,5,28,5,48.2
2482,2001,5,28,5,48.4
2483,2001,5,28,5,49.1
2484,2001,5,28,5,49.9
2485,2001,5,28,5,51.9
2486,2001,5,28,5,52
2487,2001,5,28,5,53.6
2488,2001,5,28,6,54.4
2489,2001,5,28,6,57.7
2490,2001,5,28,5,59.2
2491,2001,5,28,7,59.6
2492,2001,5,28,5,60.5
2493,2001,5,28,8,61.2
2494,2001,5,28,7,66
2495,2001,5,30,3,31.5
2496,2001,5,30,3,31.7
2497,2001,5,30,3,32.4
2498,2001,5,30,3,33
2499,2001,5,30,4,46
2500,2001,5,30,7,63.2
2501,2001,6,1,6,52.4
2502,2001,6,1,5,59.2
2503,2001,6,4,5,52.7
2504,2001,6,6,5,52.8
2505,2001,6,11,7,59.7
2506,2002,5,23,2,27
2507,2002,5,23,2,27.5
2508,2002,5,23,2,28.8
2509,2002,5,23,2,28.8
2510,2002,5,23,2,29.2
2511,2002,5,23,2,30.5
2512,2002,5,23,2,31.3
2513,2002,5,23,3,38.1
2514,2002,5,23,3,38.5
2515,2002,5,23,3,38.9
2516,2002,5,23,3,39
2517,2002,5,23,3,39.4
2518,2002,5,23,3,39.5
2519,2002,5,23,3,39.5
2520,2002,5,23,3,39.7
2521,2002,5,23,3,39.8
2522,2002,5,23,3,40
2523,2002,5,23,3,40
2524,2002,5,23,4,40.2
2525,2002,5,23,3,40.3
2526,2002,5,23,3,40.4
2527,2002,5,23,3,40.5
2528,2002,5,23,3,40.5
2529,2002,5,23,3,40.8
2530,2002,5,23,3,40.9
2531,2002,5,23,3,40.9
2532,2002,5,23,3,41.1
2533,2002,5,23,3,41.2
2534,2002,5,23,3,41.2
2535,2002,5,23,3,41.3
2536,2002,5,23,3,41.3
2537,2002,5,23,3,41.3
2538,2002,5,23,3,41.3
2539,2002,5,23,3,41.4
2540,2002,5,23,3,41.4
2541,2002,5,23,3,41.7
2542,2002,5,23,3,41.7
2543,2002,5,23,3,41.8
2544,2002,5,23,3,41.8
2545,2002,5,23,4,42
2546,2002,5,23,3,42
2547,2002,5,23,3,42
2548,2002,5,23,3,42
2549,2002,5,23,3,42.1
2550,2002,5,23,3,42.1
2551,2002,5,23,3,42.1
2552,2002,5,23,3,42.1
2553,2002,5,23,4,42.1
2554,2002,5,23,4,42.2
2555,2002,5,23,3,42.3
2556,2002,5,23,3,42.3
2557,2002,5,23,3,42.3
2558,2002,5,23,3,42.4
2559,2002,5,23,3,42.4
2560,2002,5,23,4,42.4
2561,2002,5,23,4,42.4
2562,2002,5,23,3,42.5
2563,2002,5,23,3,42.5
2564,2002,5,23,3,42.5
2565,2002,5,23,3,42.5
2566,2002,5,23,3,42.5
2567,2002,5,23,4,42.5
2568,2002,5,23,3,42.5
2569,2002,5,23,3,42.6
2570,2002,5,23,3,42.6
2571,2002,5,23,3,42.6
2572,2002,5,23,3,42.6
2573,2002,5,23,3,42.7
2574,2002,5,23,3,42.7
2575,2002,5,23,3,42.8
2576,2002,5,23,3,42.8
2577,2002,5,23,4,42.8
2578,2002,5,23,4,42.8
2579,2002,5,23,3,42.8
2580,2002,5,23,3,42.8
2581,2002,5,23,3,42.8
2582,2002,5,23,3,42.9
2583,2002,5,23,3,42.9
2584,2002,5,23,3,42.9
2585,2002,5,23,4,43
2586,2002,5,23,3,43.1
2587,2002,5,23,3,43.1
2588,2002,5,23,3,43.1
2589,2002,5,23,3,43.1
2590,2002,5,23,3,43.1
2591,2002,5,23,4,43.1
2592,2002,5,23,4,43.1
2593,2002,5,23,3,43.2
2594,2002,5,23,3,43.2
2595,2002,5,23,3,43.2
2596,2002,5,23,3,43.2
2597,2002,5,23,3,43.2
2598,2002,5,23,3,43.3
2599,2002,5,23,3,43.3
2600,2002,5,23,3,43.4
2601,2002,5,23,3,43.4
2602,2002,5,23,3,43.4
2603,2002,5,23,3,43.4
2604,2002,5,23,3,43.4
2605,2002,5,23,3,43.4
2606,2002,5,23,3,43.5
2607,2002,5,23,3,43.5
2608,2002,5,23,3,43.5
2609,2002,5,23,4,43.5
2610,2002,5,23,3,43.5
2611,2002,5,23,3,43.5
2612,2002,5,23,3,43.5
2613,2002,5,23,3,43.5
2614,2002,5,23,4,43.5
2615,2002,5,23,3,43.5
2616,2002,5,23,3,43.6
2617,2002,5,23,3,43.6
2618,2002,5,23,3,43.6
2619,2002,5,23,3,43.6
2620,2002,5,23,4,43.7
2621,2002,5,23,3,43.7
2622,2002,5,23,3,43.7
2623,2002,5,23,3,43.7
2624,2002,5,23,3,43.7
2625,2002,5,23,3,43.8
2626,2002,5,23,3,43.8
2627,2002,5,23,3,43.8
2628,2002,5,23,3,43.8
2629,2002,5,23,3,43.8
2630,2002,5,23,3,43.8
2631,2002,5,23,3,43.8
2632,2002,5,23,3,43.9
2633,2002,5,23,3,43.9
2634,2002,5,23,4,43.9
2635,2002,5,23,3,43.9
2636,2002,5,23,3,43.9
2637,2002,5,23,3,44
2638,2002,5,23,3,44
2639,2002,5,23,3,44
2640,2002,5,23,3,44
2641,2002,5,23,3,44
2642,2002,5,23,3,44
2643,2002,5,23,3,44
2644,2002,5,23,3,44
2645,2002,5,23,3,44.1
2646,2002,5,23,3,44.1
2647,2002,5,23,3,44.1
2648,2002,5,23,4,44.1
2649,2002,5,23,3,44.2
2650,2002,5,23,4,44.2
2651,2002,5,23,3,44.2
2652,2002,5,23,3,44.2
2653,2002,5,23,3,44.2
2654,2002,5,23,3,44.2
2655,2002,5,23,3,44.2
2656,2002,5,23,3,44.3
2657,2002,5,23,3,44.3
2658,2002,5,23,3,44.3
2659,2002,5,23,3,44.3
2660,2002,5,23,4,44.3
2661,2002,5,23,4,44.3
2662,2002,5,23,3,44.3
2663,2002,5,23,3,44.3
2664,2002,5,23,3,44.4
2665,2002,5,23,3,44.4
2666,2002,5,23,3,44.4
2667,2002,5,23,4,44.4
2668,2002,5,23,3,44.4
2669,2002,5,23,3,44.4
2670,2002,5,23,3,44.4
2671,2002,5,23,3,44.4
2672,2002,5,23,3,44.4
2673,2002,5,23,4,44.5
2674,2002,5,23,4,44.5
2675,2002,5,23,3,44.5
2676,2002,5,23,3,44.5
2677,2002,5,23,4,44.5
2678,2002,5,23,3,44.5
2679,2002,5,23,3,44.5
2680,2002,5,23,3,44.5
2681,2002,5,23,3,44.6
2682,2002,5,23,4,44.6
2683,2002,5,23,3,44.6
2684,2002,5,23,3,44.6
2685,2002,5,23,3,44.6
2686,2002,5,23,3,44.7
2687,2002,5,23,3,44.7
2688,2002,5,23,3,44.7
2689,2002,5,23,4,44.7
2690,2002,5,23,4,44.7
2691,2002,5,23,3,44.7
2692,2002,5,23,4,44.7
2693,2002,5,23,3,44.7
2694,2002,5,23,3,44.7
2695,2002,5,23,3,44.7
2696,2002,5,23,3,44.8
2697,2002,5,23,3,44.8
2698,2002,5,23,4,44.8
2699,2002,5,23,3,44.8
2700,2002,5,23,3,44.8
2701,2002,5,23,3,44.8
2702,2002,5,23,3,44.9
2703,2002,5,23,3,45
2704,2002,5,23,3,45
2705,2002,5,23,4,45
2706,2002,5,23,3,45
2707,2002,5,23,4,45
2708,2002,5,23,4,45
2709,2002,5,23,3,45
2710,2002,5,23,3,45
2711,2002,5,23,3,45
2712,2002,5,23,3,45
2713,2002,5,23,3,45
2714,2002,5,23,3,45.1
2715,2002,5,23,3,45.1
2716,2002,5,23,4,45.1
2717,2002,5,23,3,45.1
2718,2002,5,23,3,45.1
2719,2002,5,23,3,45.2
2720,2002,5,23,3,45.2
2721,2002,5,23,4,45.2
2722,2002,5,23,3,45.2
2723,2002,5,23,3,45.2
2724,2002,5,23,3,45.2
2725,2002,5,23,3,45.2
2726,2002,5,23,3,45.2
2727,2002,5,23,3,45.3
2728,2002,5,23,3,45.3
2729,2002,5,23,3,45.3
2730,2002,5,23,3,45.3
2731,2002,5,23,4,45.4
2732,2002,5,23,4,45.4
2733,2002,5,23,3,45.5
2734,2002,5,23,4,45.5
2735,2002,5,23,3,45.5
2736,2002,5,23,3,45.5
2737,2002,5,23,4,45.7
2738,2002,5,23,3,45.7
2739,2002,5,23,4,45.8
2740,2002,5,23,4,45.8
2741,2002,5,23,4,45.8
2742,2002,5,23,3,45.8
2743,2002,5,23,3,45.9
2744,2002,5,23,4,45.9
2745,2002,5,23,5,45.9
2746,2002,5,23,4,46
2747,2002,5,23,4,46
2748,2002,5,23,4,46
2749,2002,5,23,3,46
2750,2002,5,23,3,46
2751,2002,5,23,4,46.1
2752,2002,5,23,4,46.1
2753,2002,5,23,4,46.1
2754,2002,5,23,4,46.1
2755,2002,5,23,4,46.2
2756,2002,5,23,4,46.2
2757,2002,5,23,3,46.3
2758,2002,5,23,3,46.3
2759,2002,5,23,4,46.3
2760,2002,5,23,3,46.3
2761,2002,5,23,3,46.3
2762,2002,5,23,4,46.4
2763,2002,5,23,3,46.4
2764,2002,5,23,4,46.4
2765,2002,5,23,4,46.5
2766,2002,5,23,3,46.5
2767,2002,5,23,4,46.5
2768,2002,5,23,3,46.6
2769,2002,5,23,4,46.6
2770,2002,5,23,3,46.7
2771,2002,5,23,4,46.7
2772,2002,5,23,3,46.7
2773,2002,5,23,4,46.8
2774,2002,5,23,4,46.9
2775,2002,5,23,4,47
2776,2002,5,23,5,47
2777,2002,5,23,4,47
2778,2002,5,23,4,47
2779,2002,5,23,4,47
2780,2002,5,23,4,47
2781,2002,5,23,4,47.1
2782,2002,5,23,4,47.1
2783,2002,5,23,4,47.1
2784,2002,5,23,4,47.2
2785,2002,5,23,4,47.2
2786,2002,5,23,4,47.2
2787,2002,5,23,4,47.3
2788,2002,5,23,4,47.3
2789,2002,5,23,4,47.4
2790,2002,5,23,4,47.4
2791,2002,5,23,4,47.5
2792,2002,5,23,4,47.5
2793,2002,5,23,4,47.7
2794,2002,5,23,4,47.8
2795,2002,5,23,3,47.8
2796,2002,5,23,4,47.8
2797,2002,5,23,4,47.8
2798,2002,5,23,4,47.8
2799,2002,5,23,4,47.8
2800,2002,5,23,4,47.9
2801,2002,5,23,4,47.9
2802,2002,5,23,4,48
2803,2002,5,23,4,48
2804,2002,5,23,5,48
2805,2002,5,23,4,48
2806,2002,5,23,4,48.1
2807,2002,5,23,4,48.1
2808,2002,5,23,5,48.1
2809,2002,5,23,4,48.2
2810,2002,5,23,4,48.2
2811,2002,5,23,5,48.3
2812,2002,5,23,3,48.3
2813,2002,5,23,5,48.4
2814,2002,5,23,5,48.4
2815,2002,5,23,4,48.4
2816,2002,5,23,4,48.5
2817,2002,5,23,4,48.5
2818,2002,5,23,4,48.6
2819,2002,5,23,5,48.7
2820,2002,5,23,4,48.8
2821,2002,5,23,4,48.8
2822,2002,5,23,4,48.8
2823,2002,5,23,4,48.8
2824,2002,5,23,4,48.8
2825,2002,5,23,4,48.8
2826,2002,5,23,4,48.9
2827,2002,5,23,4,48.9
2828,2002,5,23,4,48.9
2829,2002,5,23,4,48.9
2830,2002,5,23,4,48.9
2831,2002,5,23,4,49
2832,2002,5,23,4,49
2833,2002,5,23,4,49.1
2834,2002,5,23,4,49.1
2835,2002,5,23,4,49.1
2836,2002,5,23,4,49.1
2837,2002,5,23,4,49.1
2838,2002,5,23,4,49.2
2839,2002,5,23,4,49.3
2840,2002,5,23,5,49.3
2841,2002,5,23,4,49.4
2842,2002,5,23,4,49.4
2843,2002,5,23,4,49.4
2844,2002,5,23,4,49.5
2845,2002,5,23,4,49.5
2846,2002,5,23,5,49.5
2847,2002,5,23,5,49.5
2848,2002,5,23,4,49.5
2849,2002,5,23,4,49.5
2850,2002,5,23,4,49.6
2851,2002,5,23,5,49.6
2852,2002,5,23,4,49.7
2853,2002,5,23,4,49.7
2854,2002,5,23,5,49.8
2855,2002,5,23,4,49.8
2856,2002,5,23,4,49.8
2857,2002,5,23,5,49.8
2858,2002,5,23,5,49.9
2859,2002,5,23,4,49.9
2860,2002,5,23,4,49.9
2861,2002,5,23,4,50
2862,2002,5,23,4,50
2863,2002,5,23,4,50
2864,2002,5,23,4,50
2865,2002,5,23,4,50
2866,2002,5,23,4,50
2867,2002,5,23,4,50.1
2868,2002,5,23,4,50.1
2869,2002,5,23,4,50.1
2870,2002,5,23,4,50.3
2871,2002,5,23,4,50.3
2872,2002,5,23,4,50.4
2873,2002,5,23,5,50.5
2874,2002,5,23,5,50.7
2875,2002,5,23,4,50.7
2876,2002,5,23,4,50.7
2877,2002,5,23,4,50.7
2878,2002,5,23,4,50.7
2879,2002,5,23,4,50.8
2880,2002,5,23,4,50.9
2881,2002,5,23,5,51
2882,2002,5,23,4,51
2883,2002,5,23,5,51.1
2884,2002,5,23,5,51.4
2885,2002,5,23,4,51.5
2886,2002,5,23,5,51.5
2887,2002,5,23,5,51.5
2888,2002,5,23,5,51.6
2889,2002,5,23,5,51.7
2890,2002,5,23,4,51.8
2891,2002,5,23,5,52
2892,2002,5,23,4,52
2893,2002,5,23,4,52.4
2894,2002,5,23,4,52.7
2895,2002,5,23,5,52.8
2896,2002,5,23,4,53
2897,2002,5,23,5,53
2898,2002,5,23,5,53.1
2899,2002,5,23,4,53.7
2900,2002,5,23,5,53.7
2901,2002,5,23,5,53.8
2902,2002,5,23,5,53.9
2903,2002,5,23,5,54
2904,2002,5,23,5,54
2905,2002,5,23,6,54.2
2906,2002,5,23,5,54.3
2907,2002,5,23,5,54.4
2908,2002,5,23,5,54.5
2909,2002,5,23,5,54.5
2910,2002,5,23,5,54.9
2911,2002,5,23,5,55
2912,2002,5,23,5,55
2913,2002,5,23,5,55
2914,2002,5,23,5,55.1
2915,2002,5,23,6,55.2
2916,2002,5,23,5,55.4
2917,2002,5,23,5,55.5
2918,2002,5,23,5,55.5
2919,2002,5,23,5,56
2920,2002,5,23,5,56.2
2921,2002,5,23,5,56.8
2922,2002,5,23,5,56.8
2923,2002,5,23,6,57
2924,2002,5,23,5,57.2
2925,2002,5,23,5,57.5
2926,2002,5,23,6,57.5
2927,2002,5,23,5,58
2928,2002,5,23,5,58.5
2929,2002,5,23,6,58.7
2930,2002,5,23,5,58.7
2931,2002,5,23,6,59.4
2932,2002,5,23,5,59.5
2933,2002,5,23,6,60
2934,2002,5,23,6,60.1
2935,2002,5,23,6,60.5
2936,2002,5,23,6,61.5
2937,2002,5,23,6,63
2938,2002,5,23,8,69.8
2939,2002,5,23,8,70.5
2940,2002,5,23,8,76.1
2941,2002,5,23,9,77.6
2942,2002,5,25,2,27.7
2943,2002,5,25,2,27.7
2944,2002,5,25,2,29.1
2945,2002,5,25,2,29.8
2946,2002,5,25,2,32.2
2947,2002,5,25,2,36.8
2948,2002,5,25,3,38.8
2949,2002,5,25,3,39.2
2950,2002,5,25,3,39.5
2951,2002,5,25,3,39.5
2952,2002,5,25,3,39.9
2953,2002,5,25,3,40.3
2954,2002,5,25,3,40.4
2955,2002,5,25,3,40.4
2956,2002,5,25,3,40.5
2957,2002,5,25,3,40.5
2958,2002,5,25,3,40.7
2959,2002,5,25,4,40.7
2960,2002,5,25,3,40.8
2961,2002,5,25,3,40.8
2962,2002,5,25,3,40.8
2963,2002,5,25,3,41
2964,2002,5,25,3,41.1
2965,2002,5,25,3,41.1
2966,2002,5,25,3,41.1
2967,2002,5,25,3,41.2
2968,2002,5,25,3,41.2
2969,2002,5,25,3,41.4
2970,2002,5,25,3,41.4
2971,2002,5,25,3,41.5
2972,2002,5,25,3,41.6
2973,2002,5,25,3,41.7
2974,2002,5,25,3,41.8
2975,2002,5,25,3,41.9
2976,2002,5,25,3,42
2977,2002,5,25,3,42
2978,2002,5,25,3,42.1
2979,2002,5,25,3,42.2
2980,2002,5,25,3,42.2
2981,2002,5,25,4,42.2
2982,2002,5,25,3,42.2
2983,2002,5,25,3,42.3
2984,2002,5,25,3,42.3
2985,2002,5,25,3,42.4
2986,2002,5,25,3,42.4
2987,2002,5,25,3,42.4
2988,2002,5,25,3,42.4
2989,2002,5,25,3,42.5
2990,2002,5,25,3,42.5
2991,2002,5,25,3,42.5
2992,2002,5,25,3,42.5
2993,2002,5,25,3,42.5
2994,2002,5,25,3,42.6
2995,2002,5,25,3,42.7
2996,2002,5,25,3,42.7
2997,2002,5,25,3,42.7
2998,2002,5,25,3,42.8
2999,2002,5,25,3,42.8
3000,2002,5,25,3,42.8
3001,2002,5,25,3,42.8
3002,2002,5,25,3,42.8
3003,2002,5,25,3,42.8
3004,2002,5,25,3,42.8
3005,2002,5,25,3,42.9
3006,2002,5,25,3,42.9
3007,2002,5,25,3,42.9
3008,2002,5,25,3,43
3009,2002,5,25,3,43
3010,2002,5,25,3,43
3011,2002,5,25,3,43
3012,2002,5,25,3,43.1
3013,2002,5,25,3,43.1
3014,2002,5,25,3,43.2
3015,2002,5,25,3,43.2
3016,2002,5,25,3,43.2
3017,2002,5,25,3,43.2
3018,2002,5,25,3,43.2
3019,2002,5,25,3,43.2
3020,2002,5,25,3,43.2
3021,2002,5,25,3,43.2
3022,2002,5,25,3,43.3
3023,2002,5,25,3,43.3
3024,2002,5,25,3,43.3
3025,2002,5,25,3,43.3
3026,2002,5,25,3,43.3
3027,2002,5,25,3,43.3
3028,2002,5,25,4,43.4
3029,2002,5,25,3,43.4
3030,2002,5,25,3,43.4
3031,2002,5,25,3,43.4
3032,2002,5,25,3,43.4
3033,2002,5,25,3,43.4
3034,2002,5,25,3,43.4
3035,2002,5,25,3,43.4
3036,2002,5,25,3,43.5
3037,2002,5,25,3,43.5
3038,2002,5,25,3,43.5
3039,2002,5,25,3,43.5
3040,2002,5,25,3,43.5
3041,2002,5,25,3,43.5
3042,2002,5,25,3,43.6
3043,2002,5,25,3,43.6
3044,2002,5,25,3,43.6
3045,2002,5,25,3,43.6
3046,2002,5,25,3,43.6
3047,2002,5,25,3,43.7
3048,2002,5,25,3,43.7
3049,2002,5,25,3,43.7
3050,2002,5,25,3,43.7
3051,2002,5,25,3,43.7
3052,2002,5,25,3,43.7
3053,2002,5,25,3,43.8
3054,2002,5,25,3,43.8
3055,2002,5,25,3,43.8
3056,2002,5,25,3,43.9
3057,2002,5,25,3,43.9
3058,2002,5,25,3,43.9
3059,2002,5,25,3,43.9
3060,2002,5,25,3,43.9
3061,2002,5,25,4,43.9
3062,2002,5,25,3,43.9
3063,2002,5,25,3,44
3064,2002,5,25,4,44
3065,2002,5,25,3,44
3066,2002,5,25,4,44
3067,2002,5,25,3,44
3068,2002,5,25,3,44
3069,2002,5,25,3,44
3070,2002,5,25,4,44.1
3071,2002,5,25,3,44.1
3072,2002,5,25,3,44.2
3073,2002,5,25,3,44.2
3074,2002,5,25,3,44.2
3075,2002,5,25,3,44.2
3076,2002,5,25,3,44.3
3077,2002,5,25,3,44.3
3078,2002,5,25,3,44.3
3079,2002,5,25,3,44.3
3080,2002,5,25,3,44.3
3081,2002,5,25,3,44.3
3082,2002,5,25,3,44.3
3083,2002,5,25,3,44.3
3084,2002,5,25,4,44.4
3085,2002,5,25,3,44.4
3086,2002,5,25,3,44.5
3087,2002,5,25,3,44.5
3088,2002,5,25,3,44.5
3089,2002,5,25,4,44.5
3090,2002,5,25,4,44.6
3091,2002,5,25,3,44.6
3092,2002,5,25,3,44.6
3093,2002,5,25,3,44.6
3094,2002,5,25,3,44.7
3095,2002,5,25,3,44.7
3096,2002,5,25,3,44.7
3097,2002,5,25,3,44.7
3098,2002,5,25,3,44.7
3099,2002,5,25,4,44.7
3100,2002,5,25,3,44.7
3101,2002,5,25,3,44.7
3102,2002,5,25,3,44.8
3103,2002,5,25,3,44.8
3104,2002,5,25,4,44.8
3105,2002,5,25,3,44.8
3106,2002,5,25,4,44.8
3107,2002,5,25,3,44.9
3108,2002,5,25,3,44.9
3109,2002,5,25,3,44.9
3110,2002,5,25,3,44.9
3111,2002,5,25,3,45
3112,2002,5,25,3,45
3113,2002,5,25,3,45.1
3114,2002,5,25,4,45.1
3115,2002,5,25,4,45.1
3116,2002,5,25,3,45.1
3117,2002,5,25,3,45.1
3118,2002,5,25,3,45.2
3119,2002,5,25,3,45.2
3120,2002,5,25,3,45.2
3121,2002,5,25,3,45.2
3122,2002,5,25,3,45.2
3123,2002,5,25,4,45.3
3124,2002,5,25,3,45.3
3125,2002,5,25,4,45.4
3126,2002,5,25,4,45.4
3127,2002,5,25,4,45.4
3128,2002,5,25,3,45.4
3129,2002,5,25,3,45.5
3130,2002,5,25,4,45.5
3131,2002,5,25,3,45.5
3132,2002,5,25,3,45.5
3133,2002,5,25,3,45.5
3134,2002,5,25,3,45.5
3135,2002,5,25,3,45.5
3136,2002,5,25,4,45.5
3137,2002,5,25,3,45.5
3138,2002,5,25,3,45.5
3139,2002,5,25,3,45.6
3140,2002,5,25,3,45.6
3141,2002,5,25,3,45.7
3142,2002,5,25,4,45.8
3143,2002,5,25,4,45.8
3144,2002,5,25,3,45.8
3145,2002,5,25,3,45.8
3146,2002,5,25,3,45.8
3147,2002,5,25,3,45.8
3148,2002,5,25,3,45.8
3149,2002,5,25,3,45.9
3150,2002,5,25,4,46
3151,2002,5,25,4,46
3152,2002,5,25,4,46
3153,2002,5,25,4,46.1
3154,2002,5,25,3,46.1
3155,2002,5,25,4,46.1
3156,2002,5,25,4,46.2
3157,2002,5,25,3,46.2
3158,2002,5,25,3,46.2
3159,2002,5,25,4,46.2
3160,2002,5,25,4,46.3
3161,2002,5,25,4,46.3
3162,2002,5,25,3,46.3
3163,2002,5,25,4,46.3
3164,2002,5,25,4,46.3
3165,2002,5,25,4,46.3
3166,2002,5,25,3,46.3
3167,2002,5,25,4,46.4
3168,2002,5,25,4,46.4
3169,2002,5,25,4,46.4
3170,2002,5,25,4,46.4
3171,2002,5,25,3,46.5
3172,2002,5,25,4,46.5
3173,2002,5,25,4,46.5
3174,2002,5,25,3,46.5
3175,2002,5,25,4,46.5
3176,2002,5,25,4,46.6
3177,2002,5,25,4,46.6
3178,2002,5,25,4,46.6
3179,2002,5,25,4,46.7
3180,2002,5,25,3,46.7
3181,2002,5,25,4,46.8
3182,2002,5,25,4,46.8
3183,2002,5,25,3,46.8
3184,2002,5,25,4,46.8
3185,2002,5,25,4,46.8
3186,2002,5,25,3,46.8
3187,2002,5,25,3,46.8
3188,2002,5,25,4,46.8
3189,2002,5,25,4,46.8
3190,2002,5,25,4,46.9
3191,2002,5,25,4,46.9
3192,2002,5,25,3,46.9
3193,2002,5,25,4,47
3194,2002,5,25,4,47
3195,2002,5,25,4,47
3196,2002,5,25,4,47
3197,2002,5,25,4,47
3198,2002,5,25,4,47.1
3199,2002,5,25,3,47.1
3200,2002,5,25,4,47.1
3201,2002,5,25,4,47.2
3202,2002,5,25,4,47.2
3203,2002,5,25,3,47.3
3204,2002,5,25,4,47.3
3205,2002,5,25,4,47.3
3206,2002,5,25,4,47.4
3207,2002,5,25,4,47.4
3208,2002,5,25,4,47.4
3209,2002,5,25,4,47.4
3210,2002,5,25,3,47.4
3211,2002,5,25,4,47.5
3212,2002,5,25,4,47.5
3213,2002,5,25,4,47.5
3214,2002,5,25,4,47.5
3215,2002,5,25,4,47.5
3216,2002,5,25,4,47.5
3217,2002,5,25,4,47.6
3218,2002,5,25,4,47.6
3219,2002,5,25,4,47.7
3220,2002,5,25,4,47.7
3221,2002,5,25,4,47.7
3222,2002,5,25,3,47.7
3223,2002,5,25,4,47.7
3224,2002,5,25,4,47.7
3225,2002,5,25,4,47.7
3226,2002,5,25,4,47.8
3227,2002,5,25,5,47.8
3228,2002,5,25,4,47.9
3229,2002,5,25,4,47.9
3230,2002,5,25,4,48
3231,2002,5,25,5,48
3232,2002,5,25,4,48
3233,2002,5,25,4,48
3234,2002,5,25,4,48
3235,2002,5,25,4,48.1
3236,2002,5,25,4,48.1
3237,2002,5,25,4,48.2
3238,2002,5,25,4,48.2
3239,2002,5,25,4,48.2
3240,2002,5,25,4,48.3
3241,2002,5,25,4,48.3
3242,2002,5,25,4,48.4
3243,2002,5,25,4,48.5
3244,2002,5,25,4,48.5
3245,2002,5,25,4,48.5
3246,2002,5,25,4,48.5
3247,2002,5,25,4,48.5
3248,2002,5,25,4,48.5
3249,2002,5,25,4,48.5
3250,2002,5,25,4,48.6
3251,2002,5,25,4,48.6
3252,2002,5,25,4,48.6
3253,2002,5,25,4,48.6
3254,2002,5,25,4,48.6
3255,2002,5,25,4,48.7
3256,2002,5,25,4,48.7
3257,2002,5,25,4,48.7
3258,2002,5,25,4,48.7
3259,2002,5,25,4,48.7
3260,2002,5,25,5,48.7
3261,2002,5,25,4,48.7
3262,2002,5,25,4,48.8
3263,2002,5,25,5,48.8
3264,2002,5,25,4,48.8
3265,2002,5,25,4,48.8
3266,2002,5,25,4,48.8
3267,2002,5,25,4,48.8
3268,2002,5,25,4,48.8
3269,2002,5,25,4,48.8
3270,2002,5,25,4,48.8
3271,2002,5,25,4,48.9
3272,2002,5,25,4,48.9
3273,2002,5,25,4,49
3274,2002,5,25,5,49
3275,2002,5,25,4,49
3276,2002,5,25,4,49
3277,2002,5,25,4,49.1
3278,2002,5,25,4,49.1
3279,2002,5,25,4,49.1
3280,2002,5,25,4,49.2
3281,2002,5,25,4,49.2
3282,2002,5,25,4,49.2
3283,2002,5,25,4,49.2
3284,2002,5,25,4,49.2
3285,2002,5,25,4,49.2
3286,2002,5,25,4,49.3
3287,2002,5,25,4,49.3
3288,2002,5,25,4,49.3
3289,2002,5,25,4,49.3
3290,2002,5,25,4,49.3
3291,2002,5,25,4,49.5
3292,2002,5,25,4,49.5
3293,2002,5,25,5,49.5
3294,2002,5,25,5,49.5
3295,2002,5,25,5,49.5
3296,2002,5,25,4,49.5
3297,2002,5,25,4,49.5
3298,2002,5,25,4,49.6
3299,2002,5,25,4,49.6
3300,2002,5,25,4,49.7
3301,2002,5,25,4,49.7
3302,2002,5,25,4,49.7
3303,2002,5,25,4,49.7
3304,2002,5,25,4,49.8
3305,2002,5,25,4,49.8
3306,2002,5,25,4,49.8
3307,2002,5,25,4,49.9
3308,2002,5,25,5,49.9
3309,2002,5,25,4,49.9
3310,2002,5,25,4,50
3311,2002,5,25,4,50
3312,2002,5,25,4,50
3313,2002,5,25,4,50
3314,2002,5,25,4,50.1
3315,2002,5,25,4,50.1
3316,2002,5,25,4,50.1
3317,2002,5,25,4,50.1
3318,2002,5,25,4,50.1
3319,2002,5,25,4,50.1
3320,2002,5,25,4,50.1
3321,2002,5,25,4,50.2
3322,2002,5,25,4,50.2
3323,2002,5,25,4,50.2
3324,2002,5,25,4,50.2
3325,2002,5,25,4,50.3
3326,2002,5,25,4,50.3
3327,2002,5,25,4,50.4
3328,2002,5,25,4,50.4
3329,2002,5,25,4,50.4
3330,2002,5,25,4,50.4
3331,2002,5,25,4,50.5
3332,2002,5,25,5,50.5
3333,2002,5,25,4,50.5
3334,2002,5,25,4,50.5
3335,2002,5,25,5,50.5
3336,2002,5,25,4,50.5
3337,2002,5,25,4,50.5
3338,2002,5,25,4,50.5
3339,2002,5,25,4,50.5
3340,2002,5,25,4,50.5
3341,2002,5,25,4,50.7
3342,2002,5,25,4,50.7
3343,2002,5,25,4,50.7
3344,2002,5,25,4,50.8
3345,2002,5,25,4,50.8
3346,2002,5,25,4,50.8
3347,2002,5,25,4,50.9
3348,2002,5,25,4,50.9
3349,2002,5,25,4,51
3350,2002,5,25,4,51.1
3351,2002,5,25,4,51.1
3352,2002,5,25,4,51.2
3353,2002,5,25,4,51.3
3354,2002,5,25,4,51.3
3355,2002,5,25,4,51.3
3356,2002,5,25,5,51.5
3357,2002,5,25,4,51.5
3358,2002,5,25,5,51.5
3359,2002,5,25,5,51.5
3360,2002,5,25,5,51.5
3361,2002,5,25,4,51.5
3362,2002,5,25,4,51.5
3363,2002,5,25,5,51.5
3364,2002,5,25,4,51.5
3365,2002,5,25,4,51.5
3366,2002,5,25,4,51.6
3367,2002,5,25,4,51.6
3368,2002,5,25,4,51.6
3369,2002,5,25,4,51.7
3370,2002,5,25,5,51.8
3371,2002,5,25,4,51.8
3372,2002,5,25,4,51.8
3373,2002,5,25,4,51.8
3374,2002,5,25,4,51.9
3375,2002,5,25,5,52
3376,2002,5,25,4,52
3377,2002,5,25,4,52
3378,2002,5,25,4,52
3379,2002,5,25,5,52
3380,2002,5,25,5,52.1
3381,2002,5,25,4,52.1
3382,2002,5,25,4,52.1
3383,2002,5,25,4,52.1
3384,2002,5,25,4,52.1
3385,2002,5,25,4,52.2
3386,2002,5,25,4,52.2
3387,2002,5,25,4,52.2
3388,2002,5,25,4,52.2
3389,2002,5,25,4,52.3
3390,2002,5,25,4,52.4
3391,2002,5,25,4,52.4
3392,2002,5,25,4,52.5
3393,2002,5,25,4,52.5
3394,2002,5,25,5,52.5
3395,2002,5,25,5,52.5
3396,2002,5,25,4,52.6
3397,2002,5,25,4,52.6
3398,2002,5,25,5,52.7
3399,2002,5,25,4,52.7
3400,2002,5,25,4,52.7
3401,2002,5,25,4,52.7
3402,2002,5,25,4,52.8
3403,2002,5,25,5,52.8
3404,2002,5,25,4,52.9
3405,2002,5,25,5,52.9
3406,2002,5,25,5,53
3407,2002,5,25,4,53
3408,2002,5,25,4,53.1
3409,2002,5,25,5,53.1
3410,2002,5,25,4,53.2
3411,2002,5,25,4,53.2
3412,2002,5,25,5,53.3
3413,2002,5,25,5,53.4
3414,2002,5,25,5,53.5
3415,2002,5,25,5,53.5
3416,2002,5,25,5,53.5
3417,2002,5,25,5,53.5
3418,2002,5,25,4,53.6
3419,2002,5,25,6,53.6
3420,2002,5,25,5,53.7
3421,2002,5,25,4,53.7
3422,2002,5,25,5,53.7
3423,2002,5,25,5,53.8
3424,2002,5,25,5,53.8
3425,2002,5,25,5,53.8
3426,2002,5,25,5,54
3427,2002,5,25,5,54.1
3428,2002,5,25,5,54.1
3429,2002,5,25,5,54.1
3430,2002,5,25,4,54.2
3431,2002,5,25,5,54.2
3432,2002,5,25,4,54.2
3433,2002,5,25,4,54.3
3434,2002,5,25,5,54.3
3435,2002,5,25,5,54.3
3436,2002,5,25,5,54.4
3437,2002,5,25,5,54.4
3438,2002,5,25,5,54.5
3439,2002,5,25,5,54.5
3440,2002,5,25,5,54.5
3441,2002,5,25,6,54.8
3442,2002,5,25,6,54.8
3443,2002,5,25,5,54.8
3444,2002,5,25,4,54.9
3445,2002,5,25,6,55
3446,2002,5,25,5,55
3447,2002,5,25,5,55.1
3448,2002,5,25,6,55.1
3449,2002,5,25,5,55.2
3450,2002,5,25,5,55.3
3451,2002,5,25,5,55.3
3452,2002,5,25,5,55.4
3453,2002,5,25,5,55.4
3454,2002,5,25,5,55.5
3455,2002,5,25,5,55.5
3456,2002,5,25,4,55.5
3457,2002,5,25,5,55.5
3458,2002,5,25,5,55.6
3459,2002,5,25,5,55.7
3460,2002,5,25,5,55.7
3461,2002,5,25,5,55.8
3462,2002,5,25,5,56
3463,2002,5,25,6,56
3464,2002,5,25,6,56
3465,2002,5,25,5,56
3466,2002,5,25,5,56.2
3467,2002,5,25,6,56.3
3468,2002,5,25,5,56.3
3469,2002,5,25,5,56.4
3470,2002,5,25,5,56.4
3471,2002,5,25,6,56.4
3472,2002,5,25,6,56.5
3473,2002,5,25,5,56.9
3474,2002,5,25,5,56.9
3475,2002,5,25,5,57
3476,2002,5,25,5,57
3477,2002,5,25,5,57.2
3478,2002,5,25,6,57.3
3479,2002,5,25,5,57.5
3480,2002,5,25,5,57.5
3481,2002,5,25,6,57.6
3482,2002,5,25,5,57.7
3483,2002,5,25,5,57.8
3484,2002,5,25,5,57.9
3485,2002,5,25,5,58.1
3486,2002,5,25,6,58.2
3487,2002,5,25,6,58.3
3488,2002,5,25,5,58.5
3489,2002,5,25,6,58.9
3490,2002,5,25,5,59.3
3491,2002,5,25,5,59.5
3492,2002,5,25,5,59.5
3493,2002,5,25,6,59.6
3494,2002,5,25,5,59.8
3495,2002,5,25,6,60
3496,2002,5,25,5,60.5
3497,2002,5,25,5,60.7
3498,2002,5,25,6,60.8
3499,2002,5,25,6,60.8
3500,2002,5,25,6,60.8
3501,2002,5,25,6,60.8
3502,2002,5,25,5,61.3
3503,2002,5,25,6,61.5
3504,2002,5,25,6,61.5
3505,2002,5,25,6,61.5
3506,2002,5,25,6,61.8
3507,2002,5,25,5,62
3508,2002,5,25,6,62.2
3509,2002,5,25,6,62.6
3510,2002,5,25,6,63.3
3511,2002,5,25,6,66.8
3512,2002,5,25,7,68.9
3513,2002,5,25,9,75.2
3514,2002,5,25,12,84.7
3515,2002,5,27,1,18.5
3516,2002,5,27,2,28
3517,2002,5,27,2,28.6
3518,2002,5,27,2,28.7
3519,2002,5,27,2,28.9
3520,2002,5,27,2,29
3521,2002,5,27,2,29.2
3522,2002,5,27,2,30.2
3523,2002,5,27,2,30.3
3524,2002,5,27,2,30.9
3525,2002,5,27,2,31
3526,2002,5,27,2,31.5
3527,2002,5,27,3,33.6
3528,2002,5,27,3,34.1
3529,2002,5,27,2,35.5
3530,2002,5,27,3,37
3531,2002,5,27,3,37
3532,2002,5,27,3,37.3
3533,2002,5,27,3,39
3534,2002,5,27,3,39.5
3535,2002,5,27,4,39.5
3536,2002,5,27,3,39.8
3537,2002,5,27,3,39.8
3538,2002,5,27,3,40.1
3539,2002,5,27,3,40.2
3540,2002,5,27,3,40.5
3541,2002,5,27,3,40.7
3542,2002,5,27,3,40.7
3543,2002,5,27,3,40.8
3544,2002,5,27,3,41
3545,2002,5,27,3,41
3546,2002,5,27,3,41.2
3547,2002,5,27,3,41.2
3548,2002,5,27,3,41.2
3549,2002,5,27,3,41.5
3550,2002,5,27,3,41.5
3551,2002,5,27,3,41.8
3552,2002,5,27,3,41.9
3553,2002,5,27,3,42
3554,2002,5,27,3,42.4
3555,2002,5,27,3,42.4
3556,2002,5,27,3,42.5
3557,2002,5,27,3,42.5
3558,2002,5,27,3,42.5
3559,2002,5,27,3,42.5
3560,2002,5,27,3,42.6
3561,2002,5,27,3,42.6
3562,2002,5,27,3,42.8
3563,2002,5,27,3,42.8
3564,2002,5,27,3,42.8
3565,2002,5,27,3,42.9
3566,2002,5,27,3,43
3567,2002,5,27,3,43
3568,2002,5,27,3,43
3569,2002,5,27,4,43
3570,2002,5,27,3,43.1
3571,2002,5,27,3,43.2
3572,2002,5,27,3,43.2
3573,2002,5,27,3,43.2
3574,2002,5,27,3,43.2
3575,2002,5,27,3,43.3
3576,2002,5,27,3,43.3
3577,2002,5,27,3,43.3
3578,2002,5,27,3,43.3
3579,2002,5,27,3,43.3
3580,2002,5,27,3,43.3
3581,2002,5,27,3,43.4
3582,2002,5,27,3,43.4
3583,2002,5,27,3,43.5
3584,2002,5,27,3,43.5
3585,2002,5,27,3,43.5
3586,2002,5,27,3,43.5
3587,2002,5,27,3,43.5
3588,2002,5,27,4,43.5
3589,2002,5,27,3,43.5
3590,2002,5,27,3,43.5
3591,2002,5,27,3,43.5
3592,2002,5,27,3,43.6
3593,2002,5,27,3,43.7
3594,2002,5,27,3,43.7
3595,2002,5,27,3,43.7
3596,2002,5,27,3,43.8
3597,2002,5,27,3,43.8
3598,2002,5,27,3,43.8
3599,2002,5,27,3,43.8
3600,2002,5,27,3,43.8
3601,2002,5,27,3,43.9
3602,2002,5,27,3,44
3603,2002,5,27,3,44
3604,2002,5,27,3,44
3605,2002,5,27,4,44
3606,2002,5,27,3,44.1
3607,2002,5,27,3,44.1
3608,2002,5,27,3,44.2
3609,2002,5,27,3,44.2
3610,2002,5,27,3,44.2
3611,2002,5,27,3,44.2
3612,2002,5,27,3,44.2
3613,2002,5,27,3,44.2
3614,2002,5,27,3,44.2
3615,2002,5,27,3,44.2
3616,2002,5,27,3,44.3
3617,2002,5,27,3,44.3
3618,2002,5,27,3,44.3
3619,2002,5,27,3,44.3
3620,2002,5,27,3,44.3
3621,2002,5,27,3,44.3
3622,2002,5,27,3,44.3
3623,2002,5,27,3,44.4
3624,2002,5,27,3,44.4
3625,2002,5,27,4,44.5
3626,2002,5,27,4,44.5
3627,2002,5,27,3,44.5
3628,2002,5,27,3,44.5
3629,2002,5,27,3,44.5
3630,2002,5,27,3,44.5
3631,2002,5,27,4,44.5
3632,2002,5,27,3,44.6
3633,2002,5,27,3,44.6
3634,2002,5,27,3,44.6
3635,2002,5,27,4,44.6
3636,2002,5,27,3,44.7
3637,2002,5,27,3,44.7
3638,2002,5,27,3,44.8
3639,2002,5,27,3,44.8
3640,2002,5,27,3,44.8
3641,2002,5,27,3,44.8
3642,2002,5,27,3,44.8
3643,2002,5,27,3,44.9
3644,2002,5,27,3,44.9
3645,2002,5,27,3,44.9
3646,2002,5,27,3,44.9
3647,2002,5,27,3,45
3648,2002,5,27,3,45
3649,2002,5,27,3,45
3650,2002,5,27,3,45.1
3651,2002,5,27,3,45.1
3652,2002,5,27,3,45.1
3653,2002,5,27,4,45.2
3654,2002,5,27,3,45.2
3655,2002,5,27,3,45.2
3656,2002,5,27,3,45.5
3657,2002,5,27,3,45.5
3658,2002,5,27,3,45.5
3659,2002,5,27,3,45.5
3660,2002,5,27,4,45.5
3661,2002,5,27,3,45.5
3662,2002,5,27,4,45.5
3663,2002,5,27,3,45.6
3664,2002,5,27,4,45.6
3665,2002,5,27,3,45.7
3666,2002,5,27,3,45.8
3667,2002,5,27,3,45.8
3668,2002,5,27,3,45.8
3669,2002,5,27,3,45.9
3670,2002,5,27,3,45.9
3671,2002,5,27,3,46.2
3672,2002,5,27,3,46.3
3673,2002,5,27,3,46.4
3674,2002,5,27,4,46.5
3675,2002,5,27,3,46.5
3676,2002,5,27,3,46.5
3677,2002,5,27,4,46.5
3678,2002,5,27,3,46.6
3679,2002,5,27,5,46.6
3680,2002,5,27,3,46.6
3681,2002,5,27,4,46.7
3682,2002,5,27,3,46.8
3683,2002,5,27,3,46.8
3684,2002,5,27,4,46.8
3685,2002,5,27,4,46.8
3686,2002,5,27,6,46.9
3687,2002,5,27,3,46.9
3688,2002,5,27,5,47
3689,2002,5,27,4,47.4
3690,2002,5,27,4,47.5
3691,2002,5,27,4,47.5
3692,2002,5,27,4,47.5
3693,2002,5,27,4,47.5
3694,2002,5,27,4,47.6
3695,2002,5,27,4,47.6
3696,2002,5,27,3,47.7
3697,2002,5,27,3,47.9
3698,2002,5,27,3,47.9
3699,2002,5,27,4,48
3700,2002,5,27,4,48
3701,2002,5,27,4,48
3702,2002,5,27,4,48
3703,2002,5,27,4,48.1
3704,2002,5,27,4,48.1
3705,2002,5,27,4,48.1
3706,2002,5,27,4,48.2
3707,2002,5,27,4,48.2
3708,2002,5,27,3,48.2
3709,2002,5,27,3,48.2
3710,2002,5,27,4,48.2
3711,2002,5,27,4,48.3
3712,2002,5,27,4,48.3
3713,2002,5,27,4,48.3
3714,2002,5,27,4,48.4
3715,2002,5,27,4,48.5
3716,2002,5,27,4,48.5
3717,2002,5,27,4,48.6
3718,2002,5,27,4,48.7
3719,2002,5,27,4,48.7
3720,2002,5,27,5,48.8
3721,2002,5,27,4,48.8
3722,2002,5,27,4,48.9
3723,2002,5,27,4,48.9
3724,2002,5,27,4,48.9
3725,2002,5,27,4,48.9
3726,2002,5,27,4,48.9
3727,2002,5,27,4,49.1
3728,2002,5,27,4,49.1
3729,2002,5,27,4,49.2
3730,2002,5,27,4,49.2
3731,2002,5,27,4,49.3
3732,2002,5,27,4,49.3
3733,2002,5,27,4,49.4
3734,2002,5,27,4,49.5
3735,2002,5,27,4,49.7
3736,2002,5,27,5,49.7
3737,2002,5,27,4,49.7
3738,2002,5,27,4,49.8
3739,2002,5,27,4,49.8
3740,2002,5,27,4,49.8
3741,2002,5,27,4,50
3742,2002,5,27,4,50
3743,2002,5,27,5,50
3744,2002,5,27,4,50
3745,2002,5,27,4,50
3746,2002,5,27,4,50.1
3747,2002,5,27,4,50.2
3748,2002,5,27,4,50.2
3749,2002,5,27,4,50.2
3750,2002,5,27,4,50.3
3751,2002,5,27,4,50.4
3752,2002,5,27,4,50.4
3753,2002,5,27,4,50.5
3754,2002,5,27,4,50.5
3755,2002,5,27,4,50.5
3756,2002,5,27,4,50.6
3757,2002,5,27,4,50.7
3758,2002,5,27,4,50.8
3759,2002,5,27,4,50.9
3760,2002,5,27,5,51
3761,2002,5,27,4,51
3762,2002,5,27,4,51
3763,2002,5,27,4,51.1
3764,2002,5,27,4,51.1
3765,2002,5,27,4,51.2
3766,2002,5,27,5,51.2
3767,2002,5,27,4,51.3
3768,2002,5,27,4,51.3
3769,2002,5,27,4,51.3
3770,2002,5,27,4,51.4
3771,2002,5,27,4,51.5
3772,2002,5,27,4,51.5
3773,2002,5,27,4,51.7
3774,2002,5,27,4,51.7
3775,2002,5,27,4,51.7
3776,2002,5,27,4,51.8
3777,2002,5,27,4,51.9
3778,2002,5,27,4,52
3779,2002,5,27,4,52
3780,2002,5,27,4,52.1
3781,2002,5,27,4,52.2
3782,2002,5,27,4,52.3
3783,2002,5,27,4,52.4
3784,2002,5,27,5,52.5
3785,2002,5,27,5,52.5
3786,2002,5,27,5,52.6
3787,2002,5,27,5,52.6
3788,2002,5,27,4,52.7
3789,2002,5,27,4,52.8
3790,2002,5,27,4,53
3791,2002,5,27,5,53
3792,2002,5,27,4,53
3793,2002,5,27,5,53.1
3794,2002,5,27,5,53.1
3795,2002,5,27,5,53.1
3796,2002,5,27,4,53.1
3797,2002,5,27,5,53.1
3798,2002,5,27,5,53.2
3799,2002,5,27,5,53.3
3800,2002,5,27,4,53.4
3801,2002,5,27,4,53.5
3802,2002,5,27,4,53.5
3803,2002,5,27,4,53.7
3804,2002,5,27,5,53.8
3805,2002,5,27,4,53.8
3806,2002,5,27,5,53.8
3807,2002,5,27,5,53.9
3808,2002,5,27,5,53.9
3809,2002,5,27,4,53.9
3810,2002,5,27,4,54
3811,2002,5,27,4,54
3812,2002,5,27,5,54.1
3813,2002,5,27,4,54.3
3814,2002,5,27,5,54.5
3815,2002,5,27,4,54.6
3816,2002,5,27,5,54.8
3817,2002,5,27,5,54.8
3818,2002,5,27,4,55
3819,2002,5,27,5,55.1
3820,2002,5,27,6,55.2
3821,2002,5,27,5,55.3
3822,2002,5,27,5,55.3
3823,2002,5,27,5,55.3
3824,2002,5,27,4,55.5
3825,2002,5,27,5,55.6
3826,2002,5,27,5,55.6
3827,2002,5,27,5,56
3828,2002,5,27,5,56
3829,2002,5,27,5,56
3830,2002,5,27,5,56.3
3831,2002,5,27,5,56.5
3832,2002,5,27,5,56.7
3833,2002,5,27,6,56.8
3834,2002,5,27,5,57
3835,2002,5,27,5,57.2
3836,2002,5,27,5,57.5
3837,2002,5,27,5,57.5
3838,2002,5,27,4,57.5
3839,2002,5,27,5,57.5
3840,2002,5,27,4,57.5
3841,2002,5,27,6,57.6
3842,2002,5,27,5,57.7
3843,2002,5,27,5,57.7
3844,2002,5,27,5,57.8
3845,2002,5,27,5,58
3846,2002,5,27,5,58
3847,2002,5,27,5,58.2
3848,2002,5,27,5,58.7
3849,2002,5,27,5,58.7
3850,2002,5,27,5,58.7
3851,2002,5,27,6,58.9
3852,2002,5,27,5,59
3853,2002,5,27,5,59
3854,2002,5,27,5,59
3855,2002,5,27,5,59
3856,2002,5,27,5,59.5
3857,2002,5,27,6,59.5
3858,2002,5,27,5,59.6
3859,2002,5,27,5,59.6
3860,2002,5,27,6,59.7
3861,2002,5,27,6,59.8
3862,2002,5,27,5,60
3863,2002,5,27,6,60.3
3864,2002,5,27,5,60.3
3865,2002,5,27,6,60.5
3866,2002,5,27,6,60.7
3867,2002,5,27,5,60.8
3868,2002,5,27,5,60.9
3869,2002,5,27,5,61
3870,2002,5,27,6,61
3871,2002,5,27,6,61.2
3872,2002,5,27,5,61.8
3873,2002,5,27,6,62.5
3874,2002,5,27,6,62.8
3875,2002,5,27,7,63
3876,2002,5,27,6,63
3877,2002,5,27,6,63.3
3878,2002,5,27,6,63.4
3879,2002,5,27,7,64.5
3880,2002,5,27,6,64.7
3881,2002,5,27,7,64.8
3882,2002,5,27,6,65.3
3883,2002,5,27,8,65.5
3884,2002,5,27,6,65.7
3885,2002,5,27,6,65.9
3886,2002,5,27,6,66.4
3887,2002,5,27,6,66.7
3888,2002,5,27,6,66.7
3889,2002,5,27,7,67
3890,2002,5,27,7,67.1
3891,2002,5,27,7,68.3
3892,2002,5,27,7,69
3893,2002,5,27,8,69.7
3894,2002,5,27,7,70.7
3895,2002,5,27,8,71.5
3896,2002,5,27,9,73.8
3897,2002,5,27,8,74.2
3898,2002,5,27,8,74.6
3899,2002,5,27,9,75.5
3900,2002,5,27,8,75.7
3901,2002,5,27,9,76
3902,2002,5,27,10,77.5
3903,2002,5,27,13,80.9
3904,2002,5,29,1,17.2
3905,2002,5,29,2,27.8
3906,2002,5,29,3,41.3
3907,2002,5,31,2,29.1
3908,2002,5,31,3,40.7
3909,2002,6,5,2,27.3
3910,2002,6,5,2,29.5
3911,2002,6,5,2,30.5
3912,2002,6,5,2,34.4
3913,2002,6,5,4,48.2
3914,2002,6,5,6,59.9
3915,2002,6,5,6,67
3916,2002,6,5,9,73.5
3917,2002,6,6,2,28.5
3918,2002,6,6,2,29.2
3919,2002,6,6,2,29.5
3920,2002,6,6,2,29.6
3921,2002,6,6,2,30.3
3922,2002,6,6,2,31.3
3923,2002,6,6,2,31.7
3924,2002,6,6,2,35
3925,2002,6,6,2,35.6
3926,2002,6,7,2,27.3
3927,2002,6,7,2,27.6
3928,2002,6,7,2,29.3
3929,2002,6,7,2,30.1
3930,2002,6,7,2,30.3
3931,2002,6,7,2,30.9
3932,2002,6,8,2,26.3
3933,2002,6,8,2,26.8
3934,2002,6,8,2,27.1
3935,2002,6,8,2,28
3936,2002,6,8,2,28.5
3937,2002,6,8,2,28.9
3938,2002,6,8,3,29.4
3939,2002,6,8,2,29.5
3940,2002,6,8,2,31.3
3941,2002,6,10,2,27.2
3942,2002,6,10,2,27.7
3943,2002,6,10,2,30.4
3944,2002,6,10,3,36.2
3945,2002,6,10,6,70.5
3946,2002,6,12,1,16.8
3947,2002,6,12,1,19.1
3948,2002,6,12,2,28.8
3949,2002,6,12,2,30.7
3950,2002,6,12,2,35.6
3951,2002,6,12,3,35.7
3952,2002,6,12,3,37.7
3953,2002,6,17,2,28
3954,2002,6,17,2,30.7
3955,2002,6,17,3,33.2
3956,2002,6,19,1,18
3957,2002,6,19,2,29.1
3958,2002,6,19,2,29.3
3959,2002,6,19,2,29.5
3960,2003,5,24,2,29
3961,2003,5,24,2,29.8
3962,2003,5,24,2,31.1
3963,2003,5,24,2,32.7
3964,2003,5,24,3,37.3
3965,2003,5,24,3,37.4
3966,2003,5,24,4,37.4
3967,2003,5,24,2,38.1
3968,2003,5,24,3,38.2
3969,2003,5,24,3,38.3
3970,2003,5,24,4,38.5
3971,2003,5,24,3,38.5
3972,2003,5,24,3,38.6
3973,2003,5,24,3,38.6
3974,2003,5,24,3,38.8
3975,2003,5,24,3,39
3976,2003,5,24,3,39.1
3977,2003,5,24,3,39.5
3978,2003,5,24,3,39.5
3979,2003,5,24,3,39.5
3980,2003,5,24,3,39.7
3981,2003,5,24,3,39.7
3982,2003,5,24,3,39.7
3983,2003,5,24,3,40.1
3984,2003,5,24,3,40.1
3985,2003,5,24,3,40.3
3986,2003,5,24,3,40.5
3987,2003,5,24,3,40.5
3988,2003,5,24,3,40.5
3989,2003,5,24,3,40.6
3990,2003,5,24,3,40.6
3991,2003,5,24,3,40.6
3992,2003,5,24,3,40.7
3993,2003,5,24,3,40.8
3994,2003,5,24,3,41.1
3995,2003,5,24,3,41.1
3996,2003,5,24,3,41.2
3997,2003,5,24,3,41.2
3998,2003,5,24,3,41.3
3999,2003,5,24,3,41.3
4000,2003,5,24,4,41.5
4001,2003,5,24,3,41.5
4002,2003,5,24,4,41.5
4003,2003,5,24,3,41.8
4004,2003,5,24,4,41.8
4005,2003,5,24,3,42.8
4006,2003,5,24,3,42.8
4007,2003,5,24,3,42.8
4008,2003,5,24,3,43
4009,2003,5,24,3,43.1
4010,2003,5,24,3,43.1
4011,2003,5,24,4,43.3
4012,2003,5,24,3,43.4
4013,2003,5,24,3,43.5
4014,2003,5,24,3,43.8
4015,2003,5,24,4,43.8
4016,2003,5,24,4,43.8
4017,2003,5,24,3,43.9
4018,2003,5,24,4,44
4019,2003,5,24,3,44.1
4020,2003,5,24,3,44.4
4021,2003,5,24,3,44.5
4022,2003,5,24,4,44.7
4023,2003,5,24,3,44.7
4024,2003,5,24,4,45.2
4025,2003,5,24,4,45.4
4026,2003,5,24,4,45.5
4027,2003,5,24,3,45.5
4028,2003,5,24,5,45.9
4029,2003,5,24,4,45.9
4030,2003,5,24,4,46
4031,2003,5,24,4,46
4032,2003,5,24,4,46
4033,2003,5,24,3,46.1
4034,2003,5,24,4,46.1
4035,2003,5,24,4,46.2
4036,2003,5,24,4,46.4
4037,2003,5,24,3,46.4
4038,2003,5,24,5,46.5
4039,2003,5,24,4,46.6
4040,2003,5,24,3,46.6
4041,2003,5,24,4,46.8
4042,2003,5,24,4,47
4043,2003,5,24,4,47.1
4044,2003,5,24,4,47.1
4045,2003,5,24,4,47.2
4046,2003,5,24,4,47.3
4047,2003,5,24,4,47.3
4048,2003,5,24,5,47.4
4049,2003,5,24,4,47.5
4050,2003,5,24,4,47.5
4051,2003,5,24,4,47.9
4052,2003,5,24,4,48
4053,2003,5,24,4,48.1
4054,2003,5,24,4,48.1
4055,2003,5,24,4,48.1
4056,2003,5,24,4,48.2
4057,2003,5,24,4,48.5
4058,2003,5,24,4,48.5
4059,2003,5,24,4,48.5
4060,2003,5,24,4,48.6
4061,2003,5,24,4,48.8
4062,2003,5,24,4,48.8
4063,2003,5,24,4,48.8
4064,2003,5,24,4,48.9
4065,2003,5,24,4,48.9
4066,2003,5,24,4,49
4067,2003,5,24,5,49
4068,2003,5,24,4,49
4069,2003,5,24,3,49
4070,2003,5,24,5,49.1
4071,2003,5,24,5,49.1
4072,2003,5,24,4,49.1
4073,2003,5,24,4,49.1
4074,2003,5,24,4,49.1
4075,2003,5,24,4,49.2
4076,2003,5,24,4,49.2
4077,2003,5,24,5,49.3
4078,2003,5,24,5,49.5
4079,2003,5,24,4,49.5
4080,2003,5,24,4,49.5
4081,2003,5,24,4,49.6
4082,2003,5,24,4,49.6
4083,2003,5,24,4,49.6
4084,2003,5,24,4,49.7
4085,2003,5,24,4,49.7
4086,2003,5,24,4,49.8
4087,2003,5,24,4,49.9
4088,2003,5,24,5,50
4089,2003,5,24,4,50
4090,2003,5,24,4,50
4091,2003,5,24,4,50
4092,2003,5,24,4,50.4
4093,2003,5,24,4,50.4
4094,2003,5,24,4,50.5
4095,2003,5,24,4,50.5
4096,2003,5,24,4,50.8
4097,2003,5,24,4,51
4098,2003,5,24,5,51.1
4099,2003,5,24,4,51.1
4100,2003,5,24,3,51.2
4101,2003,5,24,5,51.4
4102,2003,5,24,5,51.5
4103,2003,5,24,4,51.5
4104,2003,5,24,4,51.8
4105,2003,5,24,4,51.9
4106,2003,5,24,4,52
4107,2003,5,24,4,52.2
4108,2003,5,24,5,52.4
4109,2003,5,24,4,52.4
4110,2003,5,24,4,52.6
4111,2003,5,24,4,52.6
4112,2003,5,24,5,52.7
4113,2003,5,24,4,52.8
4114,2003,5,24,5,52.9
4115,2003,5,24,4,53
4116,2003,5,24,4,53
4117,2003,5,24,4,53.5
4118,2003,5,24,5,53.5
4119,2003,5,24,5,53.7
4120,2003,5,24,5,53.8
4121,2003,5,24,4,53.8
4122,2003,5,24,4,54
4123,2003,5,24,4,54
4124,2003,5,24,5,54
4125,2003,5,24,5,54.1
4126,2003,5,24,4,54.2
4127,2003,5,24,4,54.2
4128,2003,5,24,5,54.4
4129,2003,5,24,4,54.6
4130,2003,5,24,5,54.6
4131,2003,5,24,4,55
4132,2003,5,24,4,55
4133,2003,5,24,4,55
4134,2003,5,24,4,55.1
4135,2003,5,24,4,55.2
4136,2003,5,24,5,55.5
4137,2003,5,24,5,55.5
4138,2003,5,24,4,55.6
4139,2003,5,24,4,56.1
4140,2003,5,24,4,56.1
4141,2003,5,24,5,56.3
4142,2003,5,24,5,56.6
4143,2003,5,24,5,56.7
4144,2003,5,24,4,56.7
4145,2003,5,24,7,56.7
4146,2003,5,24,5,57.4
4147,2003,5,24,5,57.5
4148,2003,5,24,5,58.1
4149,2003,5,24,5,58.4
4150,2003,5,24,6,59.5
4151,2003,5,24,8,60.2
4152,2003,5,24,5,60.5
4153,2003,5,24,5,60.5
4154,2003,5,24,6,62.7
4155,2003,5,24,5,63
4156,2003,5,24,5,63.5
4157,2003,5,24,6,65.1
4158,2003,5,24,8,66.5
4159,2003,5,24,9,74.2
4160,2003,5,26,2,28.8
4161,2003,5,26,2,31.3
4162,2003,5,26,2,31.6
4163,2003,5,26,3,37.7
4164,2003,5,26,3,37.7
4165,2003,5,26,3,38.4
4166,2003,5,26,3,38.8
4167,2003,5,26,2,39.4
4168,2003,5,26,3,39.6
4169,2003,5,26,3,39.8
4170,2003,5,26,3,39.8
4171,2003,5,26,3,39.9
4172,2003,5,26,3,40
4173,2003,5,26,3,40.2
4174,2003,5,26,3,40.2
4175,2003,5,26,3,40.3
4176,2003,5,26,2,40.3
4177,2003,5,26,3,40.5
4178,2003,5,26,3,40.6
4179,2003,5,26,3,40.8
4180,2003,5,26,3,40.8
4181,2003,5,26,3,41.1
4182,2003,5,26,3,41.2
4183,2003,5,26,3,41.2
4184,2003,5,26,2,41.4
4185,2003,5,26,3,41.6
4186,2003,5,26,4,42.1
4187,2003,5,26,3,42.2
4188,2003,5,26,3,42.3
4189,2003,5,26,3,42.5
4190,2003,5,26,3,42.5
4191,2003,5,26,3,43.5
4192,2003,5,26,3,43.5
4193,2003,5,26,3,43.6
4194,2003,5,26,3,43.6
4195,2003,5,26,3,43.6
4196,2003,5,26,3,43.8
4197,2003,5,26,3,43.8
4198,2003,5,26,3,44.1
4199,2003,5,26,3,44.1
4200,2003,5,26,4,44.3
4201,2003,5,26,3,44.3
4202,2003,5,26,3,44.4
4203,2003,5,26,3,44.5
4204,2003,5,26,4,44.6
4205,2003,5,26,4,44.7
4206,2003,5,26,4,44.8
4207,2003,5,26,4,44.9
4208,2003,5,26,3,45
4209,2003,5,26,3,45.2
4210,2003,5,26,4,45.3
4211,2003,5,26,3,45.3
4212,2003,5,26,3,45.5
4213,2003,5,26,4,45.6
4214,2003,5,26,4,45.7
4215,2003,5,26,4,45.9
4216,2003,5,26,3,46
4217,2003,5,26,4,46.3
4218,2003,5,26,4,46.5
4219,2003,5,26,4,46.8
4220,2003,5,26,4,46.8
4221,2003,5,26,3,47.1
4222,2003,5,26,3,47.2
4223,2003,5,26,4,47.3
4224,2003,5,26,4,47.4
4225,2003,5,26,4,47.5
4226,2003,5,26,5,47.5
4227,2003,5,26,4,47.5
4228,2003,5,26,3,47.6
4229,2003,5,26,4,47.6
4230,2003,5,26,4,47.7
4231,2003,5,26,4,47.8
4232,2003,5,26,4,48
4233,2003,5,26,4,48
4234,2003,5,26,4,48.1
4235,2003,5,26,4,48.2
4236,2003,5,26,4,48.2
4237,2003,5,26,4,48.5
4238,2003,5,26,4,48.6
4239,2003,5,26,4,48.7
4240,2003,5,26,4,48.8
4241,2003,5,26,4,48.9
4242,2003,5,26,5,49
4243,2003,5,26,4,49.1
4244,2003,5,26,4,49.1
4245,2003,5,26,4,49.1
4246,2003,5,26,4,49.1
4247,2003,5,26,4,49.2
4248,2003,5,26,4,49.5
4249,2003,5,26,4,49.6
4250,2003,5,26,5,49.6
4251,2003,5,26,4,50
4252,2003,5,26,4,50.3
4253,2003,5,26,4,50.3
4254,2003,5,26,5,50.5
4255,2003,5,26,4,50.6
4256,2003,5,26,4,50.6
4257,2003,5,26,4,50.7
4258,2003,5,26,4,50.7
4259,2003,5,26,5,50.8
4260,2003,5,26,4,51.1
4261,2003,5,26,4,51.3
4262,2003,5,26,4,51.5
4263,2003,5,26,4,51.6
4264,2003,5,26,4,51.6
4265,2003,5,26,4,52.3
4266,2003,5,26,5,52.3
4267,2003,5,26,4,52.6
4268,2003,5,26,4,52.6
4269,2003,5,26,4,52.8
4270,2003,5,26,4,52.8
4271,2003,5,26,4,52.9
4272,2003,5,26,4,53.1
4273,2003,5,26,4,53.1
4274,2003,5,26,4,53.2
4275,2003,5,26,4,53.2
4276,2003,5,26,4,53.3
4277,2003,5,26,4,53.3
4278,2003,5,26,4,53.5
4279,2003,5,26,5,53.6
4280,2003,5,26,4,53.6
4281,2003,5,26,4,53.8
4282,2003,5,26,5,54
4283,2003,5,26,5,54
4284,2003,5,26,5,54.3
4285,2003,5,26,5,55.2
4286,2003,5,26,4,55.4
4287,2003,5,26,5,55.5
4288,2003,5,26,5,55.5
4289,2003,5,26,5,56.1
4290,2003,5,26,4,56.3
4291,2003,5,26,4,56.6
4292,2003,5,26,5,56.8
4293,2003,5,26,5,57
4294,2003,5,26,5,57.6
4295,2003,5,26,5,58.2
4296,2003,5,26,5,59.3
4297,2003,5,26,5,60.3
4298,2003,5,26,6,60.5
4299,2003,5,26,5,60.5
4300,2003,5,26,6,61
4301,2003,5,26,5,61.3
4302,2003,5,26,6,63.3
4303,2003,5,28,2,30.5
4304,2003,5,28,2,31.9
4305,2003,5,28,2,36.8
4306,2003,5,28,3,37.9
4307,2003,5,28,3,38.2
4308,2003,5,28,3,38.5
4309,2003,5,28,3,38.5
4310,2003,5,28,3,39.5
4311,2003,5,28,3,39.6
4312,2003,5,28,3,39.8
4313,2003,5,28,3,39.9
4314,2003,5,28,3,40.9
4315,2003,5,28,3,41
4316,2003,5,28,3,41.3
4317,2003,5,28,3,41.4
4318,2003,5,28,3,41.5
4319,2003,5,28,3,41.7
4320,2003,5,28,3,41.9
4321,2003,5,28,3,42
4322,2003,5,28,3,42
4323,2003,5,28,3,42.1
4324,2003,5,28,3,42.2
4325,2003,5,28,3,42.3
4326,2003,5,28,3,42.4
4327,2003,5,28,3,42.5
4328,2003,5,28,3,42.6
4329,2003,5,28,3,43
4330,2003,5,28,3,43.2
4331,2003,5,28,3,43.8
4332,2003,5,28,3,44.3
4333,2003,5,28,3,44.3
4334,2003,5,28,3,44.3
4335,2003,5,28,3,44.4
4336,2003,5,28,3,44.6
4337,2003,5,28,3,44.8
4338,2003,5,28,4,45.7
4339,2003,5,28,4,45.8
4340,2003,5,28,4,46.8
4341,2003,5,28,4,48.5
4342,2003,5,28,4,48.5
4343,2003,5,28,4,49.7
4344,2003,5,28,4,49.8
4345,2003,5,28,4,49.8
4346,2003,5,28,4,50.2
4347,2003,5,28,4,50.5
4348,2003,5,28,4,50.9
4349,2003,5,28,4,51.2
4350,2003,5,28,4,51.3
4351,2003,5,28,4,51.3
4352,2003,5,28,4,51.8
4353,2003,5,28,4,52
4354,2003,5,28,4,52.5
4355,2003,5,28,4,52.5
4356,2003,5,28,4,52.8
4357,2003,5,28,4,53
4358,2003,5,28,4,53.3
4359,2003,5,28,4,53.6
4360,2003,5,28,5,53.6
4361,2003,5,28,4,53.7
4362,2003,5,28,4,54
4363,2003,5,28,4,54.2
4364,2003,5,28,4,54.3
4365,2003,5,28,4,54.7
4366,2003,5,28,4,55
4367,2003,5,28,4,55.2
4368,2003,5,28,4,55.6
4369,2003,5,28,4,55.8
4370,2003,5,28,5,55.8
4371,2003,5,28,4,56.2
4372,2003,5,28,5,56.6
4373,2003,5,28,5,58.3
4374,2003,5,28,5,60.5
4375,2003,5,28,5,62.9
4376,2003,5,28,7,71.4
4377,2003,5,30,4,45.2
4378,2003,5,30,4,47
4379,2003,5,30,4,49.6
4380,2003,5,30,5,51
4381,2003,5,30,6,52.9
4382,2003,5,30,5,58.8
4383,2003,5,30,6,60.5
4384,2003,5,30,5,65.8
4385,2003,5,30,7,72.4
4386,2003,6,3,3,35.2
4387,2003,6,3,4,45.4
4388,2003,6,3,4,46.5
4389,2003,6,3,4,47.6
4390,2003,6,3,4,47.7
4391,2003,6,3,4,48.6
4392,2003,6,3,4,48.8
4393,2003,6,3,4,50
4394,2003,6,3,5,50.8
4395,2003,6,3,5,54
4396,2003,6,3,5,55.1
4397,2003,6,3,5,55.4
4398,2003,6,3,6,62.6
4399,2003,6,4,4,45.5
4400,2003,6,4,4,45.5
4401,2003,6,4,5,49
4402,2003,6,5,5,56.3
4403,2003,6,7,2,28.3
4404,2003,6,7,2,29.1
4405,2003,6,7,2,29.8
4406,2003,6,7,2,30.2
4407,2003,6,7,2,30.8
4408,2003,6,7,2,32.1
4409,2003,6,7,2,32.4
4410,2003,6,7,2,32.6
4411,2003,6,7,2,33.2
4412,2003,6,7,2,33.3
4413,2003,6,7,2,34.5
4414,2003,6,7,4,47.2
4415,2003,6,7,4,48.4
4416,2003,6,7,4,50.6
4417,2003,6,7,4,51.1
4418,2003,6,7,6,56.1
4419,2003,6,7,5,60.1
4420,2003,6,7,5,61.5
4421,2003,6,7,6,61.7
4422,2003,6,7,5,62.9
4423,2003,6,7,8,76.5
4424,2003,6,9,4,44.2
4425,2003,6,9,3,46.5
4426,2003,6,9,4,49.5
4427,2003,6,9,4,54.8
4428,2003,6,9,5,55.5
4429,2003,6,9,5,56.4
4430,2003,6,9,6,60.9
4431,2003,6,9,9,74
4432,2003,6,10,5,53.7
4433,2003,6,10,5,62.2
4434,2003,6,10,7,71.7
4435,2003,6,10,8,73.7
4436,2003,6,11,5,49.8
4437,2003,6,11,4,51.8
4438,2003,6,11,9,77.7
4439,2003,6,11,11,80.7
4440,2003,6,13,2,28.4
4441,2003,6,13,2,33.8
4442,2003,6,13,4,53.3
4443,2003,6,13,5,62.5
4444,2003,6,14,4,49.6
4445,2003,6,14,5,56.9
4446,2003,6,16,5,51
4447,2003,6,18,9,78.3
4448,2004,5,24,2,30.3
4449,2004,5,24,2,31.2
4450,2004,5,24,2,31.4
4451,2004,5,24,2,32.7
4452,2004,5,24,2,32.8
4453,2004,5,24,2,33.4
4454,2004,5,24,3,37.4
4455,2004,5,24,3,38
4456,2004,5,24,3,38.2
4457,2004,5,24,3,38.2
4458,2004,5,24,3,38.5
4459,2004,5,24,3,38.7
4460,2004,5,24,3,39.1
4461,2004,5,24,3,39.4
4462,2004,5,24,3,39.5
4463,2004,5,24,3,39.8
4464,2004,5,24,3,40.3
4465,2004,5,24,3,40.5
4466,2004,5,24,3,41.1
4467,2004,5,24,3,41.2
4468,2004,5,24,3,41.6
4469,2004,5,24,3,41.8
4470,2004,5,24,3,41.8
4471,2004,5,24,3,42.1
4472,2004,5,24,3,42.1
4473,2004,5,24,3,42.2
4474,2004,5,24,3,42.4
4475,2004,5,24,4,42.5
4476,2004,5,24,3,42.5
4477,2004,5,24,3,42.8
4478,2004,5,24,3,43.1
4479,2004,5,24,3,43.1
4480,2004,5,24,3,43.2
4481,2004,5,24,3,43.3
4482,2004,5,24,3,43.4
4483,2004,5,24,3,44.3
4484,2004,5,24,4,45.9
4485,2004,5,24,4,46.7
4486,2004,5,24,4,47.1
4487,2004,5,24,4,47.7
4488,2004,5,24,4,50.1
4489,2004,5,24,5,55.1
4490,2004,5,24,5,56.8
4491,2004,5,24,5,58
4492,2004,5,24,5,59.1
4493,2004,5,24,5,59.5
4494,2004,5,24,5,61.6
4495,2004,5,24,6,62.5
4496,2004,5,24,6,65.8
4497,2004,5,24,7,69.5
4498,2004,5,24,11,71.9
4499,2004,5,26,2,28.8
4500,2004,5,26,2,30.3
4501,2004,5,26,3,36.8
4502,2004,5,26,3,37.6
4503,2004,5,26,3,38.5
4504,2004,5,26,3,38.8
4505,2004,5,26,3,38.9
4506,2004,5,26,3,39.1
4507,2004,5,26,3,39.2
4508,2004,5,26,3,39.2
4509,2004,5,26,3,39.2
4510,2004,5,26,3,39.4
4511,2004,5,26,3,39.8
4512,2004,5,26,3,40.3
4513,2004,5,26,3,40.4
4514,2004,5,26,3,40.6
4515,2004,5,26,3,40.6
4516,2004,5,26,3,40.7
4517,2004,5,26,3,41.2
4518,2004,5,26,3,41.2
4519,2004,5,26,3,41.2
4520,2004,5,26,3,41.3
4521,2004,5,26,3,41.3
4522,2004,5,26,3,41.5
4523,2004,5,26,3,41.5
4524,2004,5,26,3,41.8
4525,2004,5,26,3,41.9
4526,2004,5,26,3,42.5
4527,2004,5,26,3,42.7
4528,2004,5,26,3,42.8
4529,2004,5,26,3,42.8
4530,2004,5,26,3,42.8
4531,2004,5,26,3,43.8
4532,2004,5,26,3,43.8
4533,2004,5,26,3,44.7
4534,2004,5,26,3,45.1
4535,2004,5,26,3,45.6
4536,2004,5,26,3,45.6
4537,2004,5,26,3,45.6
4538,2004,5,26,3,45.7
4539,2004,5,26,4,46
4540,2004,5,26,3,46.5
4541,2004,5,26,4,47.5
4542,2004,5,26,3,48.2
4543,2004,5,26,5,49.4
4544,2004,5,26,4,49.6
4545,2004,5,26,4,50.7
4546,2004,5,26,4,51.8
4547,2004,5,26,4,51.8
4548,2004,5,26,5,55.3
4549,2004,5,26,5,56.4
4550,2004,5,26,5,60.5
4551,2004,5,29,2,28.5
4552,2004,5,29,2,28.7
4553,2004,5,29,2,29.1
4554,2004,5,29,2,29.2
4555,2004,5,29,2,29.3
4556,2004,5,29,2,29.5
4557,2004,5,29,2,29.8
4558,2004,5,29,2,30.3
4559,2004,5,29,2,31.3
4560,2004,5,29,2,31.5
4561,2004,5,29,2,33.1
4562,2004,5,29,3,37.1
4563,2004,5,29,3,37.3
4564,2004,5,29,3,37.6
4565,2004,5,29,3,38
4566,2004,5,29,3,39
4567,2004,5,29,3,39.4
4568,2004,5,29,3,39.5
4569,2004,5,29,3,39.6
4570,2004,5,29,5,39.7
4571,2004,5,29,3,39.8
4572,2004,5,29,3,39.8
4573,2004,5,29,3,40
4574,2004,5,29,3,40.2
4575,2004,5,29,3,40.5
4576,2004,5,29,3,40.6
4577,2004,5,29,3,40.7
4578,2004,5,29,3,40.8
4579,2004,5,29,3,40.8
4580,2004,5,29,3,40.9
4581,2004,5,29,3,41
4582,2004,5,29,3,41.1
4583,2004,5,29,3,41.5
4584,2004,5,29,3,41.5
4585,2004,5,29,3,41.5
4586,2004,5,29,3,41.8
4587,2004,5,29,3,42
4588,2004,5,29,3,42
4589,2004,5,29,3,42
4590,2004,5,29,4,42.2
4591,2004,5,29,3,42.3
4592,2004,5,29,3,42.4
4593,2004,5,29,3,42.5
4594,2004,5,29,3,42.5
4595,2004,5,29,3,42.7
4596,2004,5,29,3,42.8
4597,2004,5,29,3,42.8
4598,2004,5,29,3,42.8
4599,2004,5,29,3,42.8
4600,2004,5,29,3,42.8
4601,2004,5,29,3,43
4602,2004,5,29,3,43
4603,2004,5,29,3,43.2
4604,2004,5,29,3,43.3
4605,2004,5,29,3,43.3
4606,2004,5,29,3,43.3
4607,2004,5,29,3,43.5
4608,2004,5,29,3,43.5
4609,2004,5,29,3,43.5
4610,2004,5,29,3,43.6
4611,2004,5,29,3,43.6
4612,2004,5,29,3,43.7
4613,2004,5,29,3,43.7
4614,2004,5,29,3,43.8
4615,2004,5,29,3,43.8
4616,2004,5,29,3,43.8
4617,2004,5,29,3,43.8
4618,2004,5,29,3,44
4619,2004,5,29,3,44.1
4620,2004,5,29,3,44.1
4621,2004,5,29,3,44.2
4622,2004,5,29,3,44.2
4623,2004,5,29,3,44.2
4624,2004,5,29,3,44.3
4625,2004,5,29,4,44.4
4626,2004,5,29,3,44.4
4627,2004,5,29,3,44.5
4628,2004,5,29,3,44.5
4629,2004,5,29,3,44.6
4630,2004,5,29,3,44.6
4631,2004,5,29,3,44.6
4632,2004,5,29,3,44.8
4633,2004,5,29,3,44.8
4634,2004,5,29,4,44.8
4635,2004,5,29,3,44.8
4636,2004,5,29,3,44.8
4637,2004,5,29,3,44.8
4638,2004,5,29,3,44.8
4639,2004,5,29,3,44.8
4640,2004,5,29,3,44.9
4641,2004,5,29,3,44.9
4642,2004,5,29,3,45
4643,2004,5,29,3,45.1
4644,2004,5,29,3,45.2
4645,2004,5,29,3,45.2
4646,2004,5,29,3,45.4
4647,2004,5,29,3,45.4
4648,2004,5,29,3,45.5
4649,2004,5,29,3,45.5
4650,2004,5,29,3,45.6
4651,2004,5,29,3,45.7
4652,2004,5,29,3,45.7
4653,2004,5,29,3,45.8
4654,2004,5,29,3,45.8
4655,2004,5,29,3,45.8
4656,2004,5,29,3,45.8
4657,2004,5,29,3,45.8
4658,2004,5,29,3,45.8
4659,2004,5,29,4,45.9
4660,2004,5,29,4,46.1
4661,2004,5,29,3,46.1
4662,2004,5,29,4,46.4
4663,2004,5,29,3,46.6
4664,2004,5,29,4,47.5
4665,2004,5,29,4,47.7
4666,2004,5,29,4,48.3
4667,2004,5,29,4,48.4
4668,2004,5,29,4,48.7
4669,2004,5,29,4,48.7
4670,2004,5,29,4,48.8
4671,2004,5,29,4,48.8
4672,2004,5,29,3,48.9
4673,2004,5,29,4,49.2
4674,2004,5,29,4,49.3
4675,2004,5,29,4,49.4
4676,2004,5,29,4,49.8
4677,2004,5,29,4,50.1
4678,2004,5,29,4,50.2
4679,2004,5,29,4,50.4
4680,2004,5,29,4,50.4
4681,2004,5,29,5,50.6
4682,2004,5,29,4,50.7
4683,2004,5,29,4,50.8
4684,2004,5,29,4,51
4685,2004,5,29,4,51.1
4686,2004,5,29,4,51.3
4687,2004,5,29,4,51.4
4688,2004,5,29,5,51.5
4689,2004,5,29,4,51.5
4690,2004,5,29,5,51.6
4691,2004,5,29,4,51.6
4692,2004,5,29,4,51.7
4693,2004,5,29,4,51.7
4694,2004,5,29,4,52
4695,2004,5,29,4,52
4696,2004,5,29,5,52
4697,2004,5,29,5,52
4698,2004,5,29,4,52.6
4699,2004,5,29,4,52.9
4700,2004,5,29,5,53.3
4701,2004,5,29,4,53.7
4702,2004,5,29,5,54.1
4703,2004,5,29,4,54.1
4704,2004,5,29,5,54.5
4705,2004,5,29,4,54.6
4706,2004,5,29,4,54.6
4707,2004,5,29,4,54.8
4708,2004,5,29,5,54.8
4709,2004,5,29,4,55
4710,2004,5,29,4,55
4711,2004,5,29,5,55.5
4712,2004,5,29,4,55.8
4713,2004,5,29,5,56.6
4714,2004,5,29,4,57.1
4715,2004,5,29,5,58.2
4716,2004,5,29,5,59.3
4717,2004,5,29,5,59.5
4718,2004,5,29,6,61.6
4719,2004,5,29,5,62.8
4720,2004,5,29,6,63.1
4721,2004,5,29,5,63.3
4722,2004,5,29,6,63.6
4723,2004,5,29,7,65.5
4724,2004,6,2,2,27.4
4725,2004,6,2,3,38.5
4726,2004,6,2,3,40.3
4727,2004,6,2,3,41.1
4728,2004,6,2,3,41.7
4729,2004,6,2,3,43.3
4730,2004,6,2,3,45.2
4731,2004,6,2,3,45.5
4732,2004,6,2,3,46
4733,2004,6,2,3,46.7
4734,2004,6,2,4,47.3
4735,2004,6,2,4,47.8
4736,2004,6,2,4,49.1
4737,2004,6,2,4,49.9
4738,2004,6,2,4,50.7
4739,2004,6,2,4,50.8
4740,2004,6,2,4,51.1
4741,2004,6,2,4,51.3
4742,2004,6,2,4,51.7
4743,2004,6,2,4,52.1
4744,2004,6,2,4,52.2
4745,2004,6,2,5,53.3
4746,2004,6,2,4,53.6
4747,2004,6,2,4,53.8
4748,2004,6,2,5,56.5
4749,2004,6,2,5,56.5
4750,2004,6,2,6,61.9
4751,2004,6,2,7,67.5
4752,2004,6,4,2,33
4753,2004,6,4,5,58.2
4754,2004,6,4,6,70.5
4755,2004,6,5,3,47
4756,2004,6,5,8,75.8
4757,2004,6,7,5,49.7
4758,2004,6,7,4,52.3
4759,2004,6,7,6,52.4
4760,2004,6,10,2,30.5
4761,2004,6,10,2,31
4762,2004,6,10,2,33.3
4763,2004,6,10,5,46.6
4764,2004,6,10,4,47.5
4765,2004,6,11,1,18.4
4766,2004,6,11,2,33.7
4767,2004,6,11,6,55.5
4768,2004,6,12,1,17.7
4769,2004,6,12,1,18.1
4770,2004,6,14,1,16.8
4771,2004,6,14,1,17.1
4772,2004,6,14,1,17.5
4773,2004,6,14,1,17.8
4774,2004,6,14,1,18
4775,2004,6,14,1,18.5
4776,2004,6,14,1,19.4
4777,2004,6,14,1,19.4
4778,2004,6,14,1,19.6
4779,2004,6,14,2,29.2
4780,2004,6,14,11,77.5
4781,2004,6,15,1,17.1
4782,2004,6,15,1,19.2
4783,2004,6,16,1,17.2
4784,2004,6,16,1,17.8
4785,2004,6,16,1,18.6
4786,2004,6,16,1,20.1
4787,2004,6,16,5,50
4788,2004,6,17,1,18.8
4789,2004,6,17,11,70.2
4790,2004,6,18,3,37.2
4791,2004,6,18,3,40.8
4792,2004,6,21,1,17.9
4793,2004,6,21,1,19.1
4794,2004,6,21,1,19.5
4795,2004,6,21,1,19.5
4796,2004,6,22,1,17
4797,2004,6,22,1,18.2
4798,2004,6,22,1,18.9
4799,2004,6,22,1,19.4
4800,2004,6,22,1,19.5
4801,2004,6,22,1,19.9
4802,2004,6,22,2,30.4
4803,2004,6,24,1,16.2
4804,2004,6,24,1,16.4
4805,2004,6,24,1,17.8
4806,2004,6,24,1,18.2
4807,2004,6,25,1,16.8
4808,2004,6,25,1,17.2
4809,2004,6,25,1,17.6
4810,2004,6,25,1,18.8
4811,2004,6,25,1,19.5
4812,2004,6,25,1,19.6
4813,2004,6,25,1,20
4814,2004,6,25,1,21
4815,2004,6,25,2,28.8
4816,2004,6,25,2,31
4817,2004,6,25,2,33
4818,2004,6,25,7,67
4819,2005,5,24,3,40.5
4820,2005,5,24,3,41
4821,2005,5,24,4,47.5
4822,2005,5,24,4,48.7
4823,2005,5,24,4,50.1
4824,2005,5,24,4,50.7
4825,2005,5,24,4,52.1
4826,2005,5,24,4,53.2
4827,2005,5,24,4,53.3
4828,2005,5,24,5,54.3
4829,2005,5,24,5,58.3
4830,2005,5,24,7,69.7
4831,2005,5,27,3,42.3
4832,2005,5,27,4,43.8
4833,2005,5,27,4,43.9
4834,2005,5,27,4,45.2
4835,2005,5,27,4,45.2
4836,2005,5,27,4,46.5
4837,2005,5,27,4,46.9
4838,2005,5,27,4,47.1
4839,2005,5,27,4,47.1
4840,2005,5,27,5,48.2
4841,2005,5,27,4,48.2
4842,2005,5,27,4,48.5
4843,2005,5,27,4,48.7
4844,2005,5,27,4,49.2
4845,2005,5,27,4,49.3
4846,2005,5,27,4,49.4
4847,2005,5,27,4,49.5
4848,2005,5,27,4,49.8
4849,2005,5,27,5,50.4
4850,2005,5,27,4,51.2
4851,2005,5,27,4,51.4
4852,2005,5,27,4,51.7
4853,2005,5,27,4,51.7
4854,2005,5,27,5,52
4855,2005,5,27,4,52.2
4856,2005,5,27,4,53.4
4857,2005,5,27,5,53.6
4858,2005,5,27,4,53.7
4859,2005,5,27,4,54.6
4860,2005,5,27,4,54.7
4861,2005,5,27,5,55
4862,2005,5,27,5,55.5
4863,2005,5,27,5,56.5
4864,2005,5,27,5,56.6
4865,2005,5,27,5,57.2
4866,2005,5,27,6,57.3
4867,2005,5,27,5,58.9
4868,2005,5,27,5,59.5
4869,2005,5,27,5,60.2
4870,2005,5,27,6,63.8
4871,2005,5,29,3,45.4
4872,2005,5,29,4,47.8
4873,2005,5,29,4,48.3
4874,2005,5,29,4,49.7
4875,2005,5,29,4,50.7
4876,2005,5,29,4,50.8
4877,2005,5,29,4,51.5
4878,2005,5,29,5,51.7
4879,2005,5,29,5,53.6
4880,2005,5,29,4,54.1
4881,2005,5,29,4,56.8
4882,2005,5,29,6,58.8
4883,2005,5,29,6,63.6
4884,2005,5,29,6,65
4885,2005,5,29,6,66
4886,2005,5,29,6,66.7
4887,2005,5,29,7,67.6
4888,2005,5,29,7,71.5
4889,2005,5,29,7,72.4
4890,2005,6,1,3,42.9
4891,2005,6,1,4,44.7
4892,2005,6,1,4,45.2
4893,2005,6,1,5,49
4894,2005,6,1,4,50.1
4895,2005,6,1,4,50.2
4896,2005,6,1,5,50.7
4897,2005,6,1,4,50.9
4898,2005,6,1,4,52
4899,2005,6,1,5,56.4
4900,2005,6,3,2,26.3
4901,2005,6,3,4,46
4902,2005,6,3,5,57.8
4903,2005,6,3,7,62.5
4904,2005,6,4,2,29.5
4905,2005,6,4,3,38.8
4906,2005,6,4,3,41.3
4907,2005,6,4,3,41.8
4908,2005,6,4,3,44.2
4909,2005,6,4,3,45.1
4910,2005,6,4,4,46.8
4911,2005,6,4,4,46.9
4912,2005,6,4,4,47
4913,2005,6,4,4,48.1
4914,2005,6,4,4,48.5
4915,2005,6,4,4,49.2
4916,2005,6,4,4,49.5
4917,2005,6,4,4,50.3
4918,2005,6,4,4,50.3
4919,2005,6,4,4,51.2
4920,2005,6,4,4,51.5
4921,2005,6,4,6,53
4922,2005,6,4,5,53.1
4923,2005,6,4,4,53.5
4924,2005,6,4,4,54.1
4925,2005,6,4,5,54.5
4926,2005,6,4,5,55.3
4927,2005,6,4,7,57.2
4928,2005,6,4,5,58.2
4929,2005,6,4,6,60.8
4930,2005,6,4,6,62.1
4931,2005,6,4,6,64.5
4932,2005,6,4,7,69
4933,2005,6,4,10,82.9
4934,2005,6,6,4,47.6
4935,2005,6,6,5,51.2
4936,2005,6,7,2,28.2
4937,2005,6,7,2,28.5
4938,2005,6,7,2,28.8
4939,2005,6,7,2,29.5
4940,2005,6,7,2,30.5
4941,2005,6,7,2,31
4942,2005,6,7,2,33
4943,2005,6,7,2,33.4
4944,2005,6,7,3,40.5
4945,2005,6,7,3,42.2
4946,2005,6,7,3,42.3
4947,2005,6,7,3,42.7
4948,2005,6,7,3,42.9
4949,2005,6,7,4,45.1
4950,2005,6,7,4,46.5
4951,2005,6,7,4,47.1
4952,2005,6,7,4,47.1
4953,2005,6,7,4,47.3
4954,2005,6,7,4,47.4
4955,2005,6,7,4,48.9
4956,2005,6,7,4,49.1
4957,2005,6,7,4,49.6
4958,2005,6,7,5,49.6
4959,2005,6,7,4,50.6
4960,2005,6,7,4,50.7
4961,2005,6,7,4,50.8
4962,2005,6,7,5,55.2
4963,2005,6,8,5,52.7
4964,2005,6,9,2,27.1
4965,2005,6,9,2,27.6
4966,2005,6,9,2,28
4967,2005,6,9,2,28.1
4968,2005,6,9,2,29
4969,2005,6,9,2,29.2
4970,2005,6,9,2,30.5
4971,2005,6,9,2,30.6
4972,2005,6,9,5,42.6
4973,2005,6,9,3,43.9
4974,2005,6,9,4,44.2
4975,2005,6,9,4,44.7
4976,2005,6,9,4,47.6
4977,2005,6,9,4,47.7
4978,2005,6,9,4,48.7
4979,2005,6,9,4,49.6
4980,2005,6,9,4,49.7
4981,2005,6,9,4,50.2
4982,2005,6,9,5,50.2
4983,2005,6,9,5,51.1
4984,2005,6,9,5,54
4985,2005,6,9,5,55.7
4986,2005,6,9,6,64.5
4987,2005,6,9,11,86.1
4988,2005,6,10,2,30.8
4989,2005,6,10,4,46.3
4990,2005,6,10,4,47.2
4991,2005,6,10,6,55.2
4992,2005,6,10,11,86.1
4993,2005,6,11,4,44.6
4994,2005,6,11,4,47.8
4995,2005,6,13,1,17.1
4996,2005,6,16,1,18.3
4997,2005,6,16,2,26.7
4998,2005,6,16,2,28.8
4999,2005,6,16,2,29.2
5000,2005,6,16,2,30.4
5001,2005,6,16,2,31
5002,2005,6,16,2,34.1
5003,2005,6,16,4,43.7
5004,2005,6,16,5,46.5
5005,2005,6,16,4,47.4
5006,2005,6,16,4,47.9
5007,2005,6,16,4,48.3
5008,2005,6,16,4,48.7
5009,2005,6,16,4,49.4
5010,2005,6,16,4,49.8
5011,2005,6,16,4,50.1
5012,2005,6,16,4,51
5013,2005,6,16,4,51.8
5014,2005,6,16,4,54
5015,2005,6,16,5,54
5016,2005,6,16,5,54.8
5017,2005,6,16,5,56.7
5018,2005,6,16,6,59.2
5019,2005,6,16,6,63
5020,2005,6,16,6,64.5
5021,2005,6,22,4,43.2
5022,2006,5,23,4,49.2
5023,2006,5,23,6,55.8
5024,2006,5,23,5,58.2
5025,2006,5,23,5,58.5
5026,2006,5,23,6,59.5
5027,2006,5,23,6,63.8
5028,2006,5,23,7,67.2
5029,2006,5,23,7,67.4
5030,2006,5,23,7,67.6
5031,2006,5,23,9,75
5032,2006,5,25,4,46.3
5033,2006,5,25,4,51.3
5034,2006,5,25,5,58
5035,2006,5,25,5,60.1
5036,2006,5,25,6,61.5
5037,2006,5,25,6,61.6
5038,2006,5,25,7,64.2
5039,2006,5,28,8,75.2
5040,2006,5,29,5,53
5041,2006,5,30,2,27
5042,2006,5,30,2,27.1
5043,2006,5,30,2,28.5
5044,2006,5,30,2,32.5
5045,2006,5,30,3,38.8
5046,2006,5,30,3,39
5047,2006,5,30,3,39.3
5048,2006,5,30,3,39.4
5049,2006,5,30,3,39.8
5050,2006,5,30,3,40.2
5051,2006,5,30,3,40.5
5052,2006,5,30,3,40.6
5053,2006,5,30,3,40.7
5054,2006,5,30,3,41.3
5055,2006,5,30,4,41.4
5056,2006,5,30,3,41.5
5057,2006,5,30,3,42
5058,2006,5,30,3,43.1
5059,2006,5,30,3,43.4
5060,2006,5,30,4,43.6
5061,2006,5,30,3,44.8
5062,2006,5,30,4,45.1
5063,2006,5,30,4,45.5
5064,2006,5,30,4,45.8
5065,2006,5,30,4,45.8
5066,2006,5,30,4,47
5067,2006,5,30,4,48.1
5068,2006,5,30,5,48.8
5069,2006,5,30,5,49.9
5070,2006,5,30,5,50.4
5071,2006,5,30,4,51.6
5072,2006,5,30,5,52.5
5073,2006,5,30,5,52.5
5074,2006,5,30,6,53.5
5075,2006,5,30,5,53.8
5076,2006,5,30,5,54.2
5077,2006,5,30,5,55.5
5078,2006,5,30,6,55.8
5079,2006,5,30,6,56.1
5080,2006,5,30,5,57.5
5081,2006,5,30,6,57.7
5082,2006,5,30,6,59.5
5083,2006,5,30,6,60
5084,2006,5,30,5,60.3
5085,2006,5,30,5,60.5
5086,2006,5,30,7,60.7
5087,2006,5,30,6,62
5088,2006,5,30,6,64.2
5089,2006,5,30,8,77
5090,2006,5,30,9,77.7
5091,2006,5,30,12,84.6
5092,2006,5,31,7,51
5093,2006,5,31,5,51.3
5094,2006,5,31,5,53.2
5095,2006,5,31,7,58.5
5096,2006,5,31,8,60.5
5097,2006,5,31,8,67.7
5098,2006,6,1,2,24.5
5099,2006,6,1,5,49.9
5100,2006,6,1,6,54.8
5101,2006,6,1,6,54.9
5102,2006,6,5,1,15.5
5103,2006,6,20,8,78
5104,2007,5,22,3,35.7
5105,2007,5,22,3,39.2
5106,2007,5,22,3,41.1
5107,2007,5,24,3,35.9
5108,2007,5,24,3,36.8
5109,2007,5,24,3,36.8
5110,2007,5,24,3,37
5111,2007,5,24,3,37.8
5112,2007,5,24,3,37.8
5113,2007,5,24,3,38.8
5114,2007,5,24,3,38.9
5115,2007,5,24,3,38.9
5116,2007,5,24,3,38.9
5117,2007,5,24,3,38.9
5118,2007,5,24,3,39.2
5119,2007,5,24,3,39.4
5120,2007,5,24,3,40
5121,2007,5,24,3,40.2
5122,2007,5,24,3,40.4
5123,2007,5,24,3,40.5
5124,2007,5,24,3,40.7
5125,2007,5,24,3,40.8
5126,2007,5,24,3,40.9
5127,2007,5,24,3,41.1
5128,2007,5,24,3,41.1
5129,2007,5,24,4,41.1
5130,2007,5,24,3,41.4
5131,2007,5,24,3,41.5
5132,2007,5,24,3,41.6
5133,2007,5,24,3,41.6
5134,2007,5,24,3,41.8
5135,2007,5,24,3,41.8
5136,2007,5,24,3,41.9
5137,2007,5,24,3,41.9
5138,2007,5,24,3,42
5139,2007,5,24,3,42
5140,2007,5,24,3,42.3
5141,2007,5,24,3,42.3
5142,2007,5,24,3,42.6
5143,2007,5,24,3,43.2
5144,2007,5,24,3,43.4
5145,2007,5,24,3,43.7
5146,2007,5,24,3,43.8
5147,2007,5,24,4,43.9
5148,2007,5,24,3,44.1
5149,2007,5,24,3,44.5
5150,2007,5,24,4,45.2
5151,2007,5,24,4,46.2
5152,2007,5,24,4,46.3
5153,2007,5,24,4,46.9
5154,2007,5,24,4,47
5155,2007,5,24,4,47.2
5156,2007,5,24,4,47.6
5157,2007,5,24,4,48.8
5158,2007,5,24,4,49.1
5159,2007,5,24,4,50.7
5160,2007,5,24,6,55.7
5161,2007,5,24,5,57.5
5162,2007,5,24,5,59
5163,2007,5,24,9,73
5164,2007,5,26,2,28.1
5165,2007,5,26,2,28.2
5166,2007,5,26,3,30.8
5167,2007,5,26,2,32.2
5168,2007,5,26,3,32.5
5169,2007,5,26,2,33
5170,2007,5,26,3,33.9
5171,2007,5,26,3,34.7
5172,2007,5,26,3,35.2
5173,2007,5,26,3,35.2
5174,2007,5,26,3,36.3
5175,2007,5,26,3,36.3
5176,2007,5,26,3,36.5
5177,2007,5,26,3,36.6
5178,2007,5,26,3,36.7
5179,2007,5,26,3,36.7
5180,2007,5,26,3,36.8
5181,2007,5,26,3,37.1
5182,2007,5,26,3,37.1
5183,2007,5,26,3,37.2
5184,2007,5,26,3,37.5
5185,2007,5,26,3,37.5
5186,2007,5,26,3,37.6
5187,2007,5,26,3,37.8
5188,2007,5,26,3,37.8
5189,2007,5,26,3,37.8
5190,2007,5,26,3,37.8
5191,2007,5,26,3,37.8
5192,2007,5,26,3,37.9
5193,2007,5,26,3,37.9
5194,2007,5,26,3,38
5195,2007,5,26,3,38
5196,2007,5,26,3,38
5197,2007,5,26,3,38
5198,2007,5,26,3,38.1
5199,2007,5,26,3,38.1
5200,2007,5,26,3,38.1
5201,2007,5,26,3,38.1
5202,2007,5,26,3,38.2
5203,2007,5,26,3,38.2
5204,2007,5,26,3,38.2
5205,2007,5,26,3,38.2
5206,2007,5,26,3,38.2
5207,2007,5,26,3,38.2
5208,2007,5,26,3,38.4
5209,2007,5,26,3,38.4
5210,2007,5,26,3,38.4
5211,2007,5,26,3,38.5
5212,2007,5,26,3,38.6
5213,2007,5,26,3,38.6
5214,2007,5,26,3,38.7
5215,2007,5,26,3,38.7
5216,2007,5,26,3,38.8
5217,2007,5,26,3,38.8
5218,2007,5,26,3,38.8
5219,2007,5,26,3,38.8
5220,2007,5,26,3,38.8
5221,2007,5,26,3,38.8
5222,2007,5,26,3,38.9
5223,2007,5,26,3,38.9
5224,2007,5,26,3,38.9
5225,2007,5,26,3,38.9
5226,2007,5,26,3,39
5227,2007,5,26,3,39
5228,2007,5,26,3,39
5229,2007,5,26,3,39
5230,2007,5,26,3,39.1
5231,2007,5,26,3,39.1
5232,2007,5,26,3,39.1
5233,2007,5,26,3,39.2
5234,2007,5,26,3,39.2
5235,2007,5,26,3,39.2
5236,2007,5,26,3,39.2
5237,2007,5,26,3,39.2
5238,2007,5,26,3,39.2
5239,2007,5,26,3,39.2
5240,2007,5,26,3,39.3
5241,2007,5,26,3,39.4
5242,2007,5,26,3,39.4
5243,2007,5,26,3,39.4
5244,2007,5,26,3,39.5
5245,2007,5,26,3,39.5
5246,2007,5,26,3,39.5
5247,2007,5,26,3,39.5
5248,2007,5,26,3,39.5
5249,2007,5,26,3,39.5
5250,2007,5,26,3,39.5
5251,2007,5,26,3,39.5
5252,2007,5,26,3,39.5
5253,2007,5,26,3,39.5
5254,2007,5,26,3,39.5
5255,2007,5,26,3,39.6
5256,2007,5,26,3,39.6
5257,2007,5,26,3,39.6
5258,2007,5,26,3,39.6
5259,2007,5,26,3,39.6
5260,2007,5,26,3,39.7
5261,2007,5,26,3,39.7
5262,2007,5,26,3,39.7
5263,2007,5,26,3,39.7
5264,2007,5,26,3,39.8
5265,2007,5,26,3,39.8
5266,2007,5,26,3,39.8
5267,2007,5,26,3,39.9
5268,2007,5,26,3,39.9
5269,2007,5,26,3,40
5270,2007,5,26,3,40.1
5271,2007,5,26,3,40.1
5272,2007,5,26,3,40.1
5273,2007,5,26,3,40.1
5274,2007,5,26,3,40.2
5275,2007,5,26,3,40.3
5276,2007,5,26,3,40.3
5277,2007,5,26,3,40.3
5278,2007,5,26,3,40.4
5279,2007,5,26,3,40.4
5280,2007,5,26,3,40.4
5281,2007,5,26,3,40.4
5282,2007,5,26,3,40.4
5283,2007,5,26,3,40.5
5284,2007,5,26,3,40.5
5285,2007,5,26,3,40.5
5286,2007,5,26,3,40.5
5287,2007,5,26,3,40.5
5288,2007,5,26,3,40.5
5289,2007,5,26,3,40.5
5290,2007,5,26,3,40.6
5291,2007,5,26,3,40.6
5292,2007,5,26,3,40.6
5293,2007,5,26,3,40.6
5294,2007,5,26,3,40.6
5295,2007,5,26,3,40.6
5296,2007,5,26,3,40.6
5297,2007,5,26,3,40.7
5298,2007,5,26,3,40.7
5299,2007,5,26,3,40.7
5300,2007,5,26,3,40.7
5301,2007,5,26,3,40.7
5302,2007,5,26,3,40.7
5303,2007,5,26,3,40.7
5304,2007,5,26,3,40.8
5305,2007,5,26,3,40.8
5306,2007,5,26,3,40.8
5307,2007,5,26,3,40.9
5308,2007,5,26,3,40.9
5309,2007,5,26,3,41
5310,2007,5,26,3,41
5311,2007,5,26,3,41
5312,2007,5,26,3,41.1
5313,2007,5,26,3,41.1
5314,2007,5,26,3,41.1
5315,2007,5,26,3,41.1
5316,2007,5,26,3,41.1
5317,2007,5,26,3,41.1
5318,2007,5,26,3,41.1
5319,2007,5,26,3,41.2
5320,2007,5,26,3,41.2
5321,2007,5,26,3,41.2
5322,2007,5,26,3,41.3
5323,2007,5,26,3,41.4
5324,2007,5,26,3,41.4
5325,2007,5,26,3,41.4
5326,2007,5,26,3,41.4
5327,2007,5,26,3,41.4
5328,2007,5,26,3,41.5
5329,2007,5,26,3,41.5
5330,2007,5,26,3,41.5
5331,2007,5,26,3,41.6
5332,2007,5,26,3,41.6
5333,2007,5,26,3,41.6
5334,2007,5,26,3,41.8
5335,2007,5,26,3,41.8
5336,2007,5,26,3,41.8
5337,2007,5,26,3,41.8
5338,2007,5,26,3,41.8
5339,2007,5,26,3,41.8
5340,2007,5,26,3,41.8
5341,2007,5,26,3,41.9
5342,2007,5,26,3,41.9
5343,2007,5,26,3,42
5344,2007,5,26,3,42
5345,2007,5,26,3,42
5346,2007,5,26,3,42
5347,2007,5,26,4,42
5348,2007,5,26,3,42.1
5349,2007,5,26,3,42.1
5350,2007,5,26,3,42.2
5351,2007,5,26,3,42.2
5352,2007,5,26,3,42.3
5353,2007,5,26,3,42.3
5354,2007,5,26,3,42.3
5355,2007,5,26,3,42.5
5356,2007,5,26,3,42.7
5357,2007,5,26,3,42.7
5358,2007,5,26,4,42.7
5359,2007,5,26,3,42.8
5360,2007,5,26,3,42.8
5361,2007,5,26,3,42.9
5362,2007,5,26,3,43
5363,2007,5,26,3,43
5364,2007,5,26,3,43.1
5365,2007,5,26,3,43.1
5366,2007,5,26,3,43.2
5367,2007,5,26,3,43.2
5368,2007,5,26,3,43.3
5369,2007,5,26,3,43.7
5370,2007,5,26,3,43.8
5371,2007,5,26,3,43.8
5372,2007,5,26,3,43.8
5373,2007,5,26,3,43.8
5374,2007,5,26,4,43.9
5375,2007,5,26,3,44.1
5376,2007,5,26,3,44.2
5377,2007,5,26,4,44.5
5378,2007,5,26,3,44.5
5379,2007,5,26,3,44.6
5380,2007,5,26,4,44.9
5381,2007,5,26,4,45
5382,2007,5,26,4,45.2
5383,2007,5,26,4,45.2
5384,2007,5,26,4,45.7
5385,2007,5,26,4,45.8
5386,2007,5,26,4,45.8
5387,2007,5,26,3,45.8
5388,2007,5,26,4,45.8
5389,2007,5,26,4,46.8
5390,2007,5,26,4,47.1
5391,2007,5,26,4,47.1
5392,2007,5,26,4,47.2
5393,2007,5,26,4,47.3
5394,2007,5,26,4,47.5
5395,2007,5,26,4,47.7
5396,2007,5,26,4,47.8
5397,2007,5,26,4,48
5398,2007,5,26,4,48
5399,2007,5,26,5,48.1
5400,2007,5,26,4,48.2
5401,2007,5,26,4,48.7
5402,2007,5,26,4,49
5403,2007,5,26,4,49.1
5404,2007,5,26,4,49.3
5405,2007,5,26,4,49.6
5406,2007,5,26,4,49.6
5407,2007,5,26,4,50.3
5408,2007,5,26,4,50.7
5409,2007,5,26,5,51.1
5410,2007,5,26,5,51.2
5411,2007,5,26,4,52.3
5412,2007,5,26,5,52.9
5413,2007,5,26,5,53
5414,2007,5,26,5,53.2
5415,2007,5,26,5,53.5
5416,2007,5,26,5,54.1
5417,2007,5,26,5,54.8
5418,2007,5,26,5,57.6
5419,2007,5,26,7,59.7
5420,2007,5,26,6,60.1
5421,2007,5,26,8,60.5
5422,2007,5,26,5,61.1
5423,2007,5,26,8,63.2
5424,2007,5,26,6,63.7
5425,2007,5,26,7,64.3
5426,2007,5,26,7,67.4
5427,2007,5,29,9,79.1
5428,2007,5,30,3,36.6
5429,2007,5,30,3,37.2
5430,2007,5,30,3,37.4
5431,2007,5,30,3,37.6
5432,2007,5,30,3,38.1
5433,2007,5,30,3,38.2
5434,2007,5,30,3,38.8
5435,2007,5,30,3,40.4
5436,2007,5,30,3,40.9
5437,2007,5,30,3,41.4
5438,2007,5,30,3,41.4
5439,2007,5,30,3,41.7
5440,2007,5,30,3,41.8
5441,2007,5,30,3,42.1
5442,2007,5,30,3,43.2
5443,2007,5,30,3,43.3
5444,2007,6,2,6,52.6
5445,2007,6,4,2,25.8
5446,2007,6,4,2,25.8
5447,2007,6,4,2,26.2
5448,2007,6,4,2,26.6
5449,2007,6,4,2,28.4
5450,2007,6,4,2,28.4
5451,2007,6,4,2,29.5
5452,2007,6,4,2,29.6
5453,2007,6,4,2,29.9
5454,2007,6,4,2,32.5
5455,2007,6,4,2,33.1
5456,2007,6,4,2,33.7
5457,2007,6,4,2,34.4
5458,2007,6,4,2,35
5459,2007,6,4,3,36
5460,2007,6,4,3,36.2
5461,2007,6,4,3,36.4
5462,2007,6,4,3,36.4
5463,2007,6,4,3,37.6
5464,2007,6,4,3,37.8
5465,2007,6,4,3,39.3
5466,2007,6,4,3,39.3
5467,2007,6,4,3,39.4
5468,2007,6,4,3,40.1
5469,2007,6,4,3,40.1
5470,2007,6,4,3,40.2
5471,2007,6,4,3,40.2
5472,2007,6,4,3,40.5
5473,2007,6,4,3,40.7
5474,2007,6,4,3,40.7
5475,2007,6,4,3,42.5
5476,2007,6,4,4,50.6
5477,2007,6,4,7,65.6
5478,2007,6,6,2,26.1
5479,2007,6,6,3,37.7
5480,2007,6,7,7,66
5481,2007,6,7,15,95.8
5482,2007,6,11,7,56.5
5483,2007,6,11,8,65.3
5484,2007,6,12,6,58.8
5485,2007,6,12,8,61
5486,2007,6,12,6,61.2
5487,2007,6,12,8,61.6
5488,2007,6,12,6,63
5489,2007,6,12,8,69
5490,2007,6,12,11,73.2
5491,2007,6,12,15,97
5492,2007,6,15,4,47
5493,2007,6,15,4,47.4
5494,2007,6,15,4,48
5495,2007,6,15,4,48.9
5496,2007,6,15,4,49.2
5497,2007,6,15,4,49.5
5498,2007,6,15,6,50.7
5499,2007,6,15,6,55.5
5500,2007,6,15,7,56.3
5501,2007,6,15,7,58.9
5502,2008,5,26,3,37.2
5503,2008,5,26,3,37.9
5504,2008,5,26,3,37.9
5505,2008,5,26,3,38.5
5506,2008,5,26,3,38.7
5507,2008,5,26,3,38.7
5508,2008,5,26,3,38.8
5509,2008,5,26,3,39
5510,2008,5,26,3,39.1
5511,2008,5,26,3,39.7
5512,2008,5,26,3,39.7
5513,2008,5,26,3,39.7
5514,2008,5,26,3,39.8
5515,2008,5,26,3,39.8
5516,2008,5,26,3,39.9
5517,2008,5,26,3,39.9
5518,2008,5,26,3,40
5519,2008,5,26,3,40.1
5520,2008,5,26,3,40.2
5521,2008,5,26,3,40.3
5522,2008,5,26,3,40.5
5523,2008,5,26,3,40.5
5524,2008,5,26,3,40.6
5525,2008,5,26,4,40.6
5526,2008,5,26,3,40.7
5527,2008,5,26,4,40.8
5528,2008,5,26,3,41.2
5529,2008,5,26,3,41.2
5530,2008,5,26,3,41.2
5531,2008,5,26,3,41.3
5532,2008,5,26,3,41.5
5533,2008,5,26,3,41.5
5534,2008,5,26,3,41.5
5535,2008,5,26,3,41.5
5536,2008,5,26,3,41.5
5537,2008,5,26,3,41.5
5538,2008,5,26,3,41.6
5539,2008,5,26,3,41.8
5540,2008,5,26,3,41.8
5541,2008,5,26,3,41.8
5542,2008,5,26,3,41.8
5543,2008,5,26,3,41.8
5544,2008,5,26,3,42
5545,2008,5,26,3,42
5546,2008,5,26,3,42
5547,2008,5,26,3,42.1
5548,2008,5,26,4,42.1
5549,2008,5,26,3,42.1
5550,2008,5,26,3,42.2
5551,2008,5,26,3,42.2
5552,2008,5,26,3,42.3
5553,2008,5,26,3,42.3
5554,2008,5,26,3,42.3
5555,2008,5,26,3,42.3
5556,2008,5,26,3,42.4
5557,2008,5,26,3,42.5
5558,2008,5,26,4,42.5
5559,2008,5,26,4,42.6
5560,2008,5,26,3,42.6
5561,2008,5,26,3,42.7
5562,2008,5,26,3,42.7
5563,2008,5,26,3,42.7
5564,2008,5,26,3,42.8
5565,2008,5,26,3,42.8
5566,2008,5,26,3,42.9
5567,2008,5,26,3,42.9
5568,2008,5,26,3,43
5569,2008,5,26,3,43.1
5570,2008,5,26,3,43.1
5571,2008,5,26,3,43.1
5572,2008,5,26,3,43.1
5573,2008,5,26,3,43.1
5574,2008,5,26,3,43.2
5575,2008,5,26,3,43.3
5576,2008,5,26,3,43.3
5577,2008,5,26,3,43.3
5578,2008,5,26,3,43.3
5579,2008,5,26,3,43.3
5580,2008,5,26,3,43.4
5581,2008,5,26,3,43.4
5582,2008,5,26,3,43.6
5583,2008,5,26,4,43.7
5584,2008,5,26,4,43.7
5585,2008,5,26,3,43.8
5586,2008,5,26,3,43.8
5587,2008,5,26,3,43.8
5588,2008,5,26,4,43.9
5589,2008,5,26,3,43.9
5590,2008,5,26,3,43.9
5591,2008,5,26,3,44
5592,2008,5,26,4,44
5593,2008,5,26,3,44
5594,2008,5,26,3,44.1
5595,2008,5,26,3,44.1
5596,2008,5,26,4,44.1
5597,2008,5,26,4,44.2
5598,2008,5,26,3,44.2
5599,2008,5,26,3,44.3
5600,2008,5,26,4,44.3
5601,2008,5,26,3,44.3
5602,2008,5,26,4,44.4
5603,2008,5,26,4,44.5
5604,2008,5,26,4,44.5
5605,2008,5,26,4,44.6
5606,2008,5,26,4,44.7
5607,2008,5,26,3,44.8
5608,2008,5,26,3,44.8
5609,2008,5,26,4,45.2
5610,2008,5,26,4,45.2
5611,2008,5,26,4,45.3
5612,2008,5,26,4,45.3
5613,2008,5,26,4,45.3
5614,2008,5,26,4,45.3
5615,2008,5,26,4,45.3
5616,2008,5,26,4,45.3
5617,2008,5,26,3,45.3
5618,2008,5,26,4,45.3
5619,2008,5,26,4,45.4
5620,2008,5,26,4,45.4
5621,2008,5,26,4,45.4
5622,2008,5,26,4,45.5
5623,2008,5,26,4,45.5
5624,2008,5,26,4,45.5
5625,2008,5,26,4,45.6
5626,2008,5,26,3,45.6
5627,2008,5,26,4,45.6
5628,2008,5,26,4,45.6
5629,2008,5,26,4,45.7
5630,2008,5,26,3,45.8
5631,2008,5,26,4,45.8
5632,2008,5,26,3,45.9
5633,2008,5,26,4,45.9
5634,2008,5,26,4,46
5635,2008,5,26,4,46
5636,2008,5,26,4,46.1
5637,2008,5,26,3,46.1
5638,2008,5,26,3,46.1
5639,2008,5,26,4,46.2
5640,2008,5,26,4,46.3
5641,2008,5,26,4,46.3
5642,2008,5,26,4,46.3
5643,2008,5,26,4,46.4
5644,2008,5,26,4,46.5
5645,2008,5,26,4,46.5
5646,2008,5,26,4,46.5
5647,2008,5,26,4,46.5
5648,2008,5,26,4,46.5
5649,2008,5,26,4,46.6
5650,2008,5,26,4,46.6
5651,2008,5,26,4,46.6
5652,2008,5,26,4,46.6
5653,2008,5,26,4,46.7
5654,2008,5,26,5,46.7
5655,2008,5,26,4,46.8
5656,2008,5,26,4,46.8
5657,2008,5,26,4,46.8
5658,2008,5,26,4,46.8
5659,2008,5,26,4,46.8
5660,2008,5,26,4,46.9
5661,2008,5,26,4,47
5662,2008,5,26,4,47.1
5663,2008,5,26,4,47.1
5664,2008,5,26,4,47.1
5665,2008,5,26,4,47.1
5666,2008,5,26,4,47.2
5667,2008,5,26,4,47.2
5668,2008,5,26,6,47.2
5669,2008,5,26,4,47.3
5670,2008,5,26,4,47.3
5671,2008,5,26,4,47.3
5672,2008,5,26,5,47.4
5673,2008,5,26,4,47.4
5674,2008,5,26,5,47.6
5675,2008,5,26,4,47.6
5676,2008,5,26,3,47.6
5677,2008,5,26,4,47.7
5678,2008,5,26,5,47.7
5679,2008,5,26,4,47.7
5680,2008,5,26,4,47.8
5681,2008,5,26,4,47.8
5682,2008,5,26,4,47.9
5683,2008,5,26,4,47.9
5684,2008,5,26,4,48.1
5685,2008,5,26,4,48.1
5686,2008,5,26,5,48.1
5687,2008,5,26,4,48.1
5688,2008,5,26,4,48.2
5689,2008,5,26,5,48.3
5690,2008,5,26,4,48.3
5691,2008,5,26,4,48.3
5692,2008,5,26,5,48.3
5693,2008,5,26,5,48.3
5694,2008,5,26,4,48.4
5695,2008,5,26,4,48.5
5696,2008,5,26,5,48.5
5697,2008,5,26,4,48.6
5698,2008,5,26,4,48.6
5699,2008,5,26,4,48.8
5700,2008,5,26,4,48.8
5701,2008,5,26,4,48.8
5702,2008,5,26,5,49
5703,2008,5,26,4,49.1
5704,2008,5,26,4,49.1
5705,2008,5,26,4,49.1
5706,2008,5,26,4,49.2
5707,2008,5,26,4,49.2
5708,2008,5,26,4,49.2
5709,2008,5,26,4,49.3
5710,2008,5,26,4,49.3
5711,2008,5,26,4,49.3
5712,2008,5,26,4,49.4
5713,2008,5,26,4,49.4
5714,2008,5,26,4,49.5
5715,2008,5,26,5,49.5
5716,2008,5,26,4,49.6
5717,2008,5,26,5,49.6
5718,2008,5,26,4,49.7
5719,2008,5,26,4,49.7
5720,2008,5,26,5,49.7
5721,2008,5,26,4,49.7
5722,2008,5,26,4,49.8
5723,2008,5,26,4,49.8
5724,2008,5,26,5,50
5725,2008,5,26,4,50.1
5726,2008,5,26,4,50.1
5727,2008,5,26,5,50.1
5728,2008,5,26,4,50.2
5729,2008,5,26,4,50.4
5730,2008,5,26,4,50.5
5731,2008,5,26,4,50.6
5732,2008,5,26,5,50.7
5733,2008,5,26,4,50.8
5734,2008,5,26,5,50.8
5735,2008,5,26,5,51
5736,2008,5,26,5,51.1
5737,2008,5,26,6,51.1
5738,2008,5,26,4,51.3
5739,2008,5,26,5,51.5
5740,2008,5,26,4,51.6
5741,2008,5,26,5,51.6
5742,2008,5,26,4,51.8
5743,2008,5,26,5,52
5744,2008,5,26,4,52
5745,2008,5,26,5,52.1
5746,2008,5,26,5,52.3
5747,2008,5,26,4,52.4
5748,2008,5,26,5,52.6
5749,2008,5,26,5,52.7
5750,2008,5,26,5,52.7
5751,2008,5,26,4,52.8
5752,2008,5,26,4,52.9
5753,2008,5,26,4,53
5754,2008,5,26,5,53.1
5755,2008,5,26,4,53.1
5756,2008,5,26,5,53.3
5757,2008,5,26,5,53.3
5758,2008,5,26,5,53.6
5759,2008,5,26,5,53.7
5760,2008,5,26,5,53.7
5761,2008,5,26,5,53.9
5762,2008,5,26,5,54.1
5763,2008,5,26,5,54.3
5764,2008,5,26,5,54.3
5765,2008,5,26,5,54.4
5766,2008,5,26,5,54.6
5767,2008,5,26,5,55
5768,2008,5,26,6,55
5769,2008,5,26,5,55.1
5770,2008,5,26,5,55.2
5771,2008,5,26,5,55.8
5772,2008,5,26,6,56.5
5773,2008,5,26,6,57.8
5774,2008,5,26,6,58.5
5775,2008,5,26,6,58.5
5776,2008,5,26,6,59
5777,2008,5,26,6,59.2
5778,2008,5,26,6,59.8
5779,2008,5,26,5,60.1
5780,2008,5,26,8,63.9
5781,2008,5,26,9,66
5782,2008,5,26,7,67.3
5783,2008,5,26,7,68.6
5784,2008,5,26,8,70.9
5785,2008,5,26,9,74
5786,2008,5,28,2,28.1
5787,2008,5,28,2,28.8
5788,2008,5,28,3,34.2
5789,2008,5,28,3,36.5
5790,2008,5,28,3,36.6
5791,2008,5,28,3,37.1
5792,2008,5,28,3,37.2
5793,2008,5,28,3,38.2
5794,2008,5,28,3,38.4
5795,2008,5,28,3,39
5796,2008,5,28,3,39
5797,2008,5,28,3,39.2
5798,2008,5,28,3,39.4
5799,2008,5,28,3,39.6
5800,2008,5,28,3,39.7
5801,2008,5,28,3,39.8
5802,2008,5,28,3,39.8
5803,2008,5,28,3,39.9
5804,2008,5,28,3,40
5805,2008,5,28,3,40.3
5806,2008,5,28,3,40.3
5807,2008,5,28,3,40.3
5808,2008,5,28,3,40.5
5809,2008,5,28,3,40.6
5810,2008,5,28,3,40.7
5811,2008,5,28,3,40.7
5812,2008,5,28,3,40.7
5813,2008,5,28,3,40.7
5814,2008,5,28,3,40.7
5815,2008,5,28,3,40.9
5816,2008,5,28,3,41.2
5817,2008,5,28,3,41.2
5818,2008,5,28,3,41.2
5819,2008,5,28,3,41.3
5820,2008,5,28,3,41.3
5821,2008,5,28,3,41.4
5822,2008,5,28,3,41.4
5823,2008,5,28,3,41.5
5824,2008,5,28,3,41.5
5825,2008,5,28,3,41.5
5826,2008,5,28,3,41.6
5827,2008,5,28,3,41.6
5828,2008,5,28,3,41.7
5829,2008,5,28,3,41.7
5830,2008,5,28,3,41.7
5831,2008,5,28,3,41.7
5832,2008,5,28,3,41.8
5833,2008,5,28,3,41.8
5834,2008,5,28,3,41.9
5835,2008,5,28,3,41.9
5836,2008,5,28,3,42.2
5837,2008,5,28,3,42.2
5838,2008,5,28,3,42.3
5839,2008,5,28,3,42.3
5840,2008,5,28,3,42.3
5841,2008,5,28,3,42.3
5842,2008,5,28,3,42.3
5843,2008,5,28,3,42.5
5844,2008,5,28,3,42.5
5845,2008,5,28,3,42.6
5846,2008,5,28,3,42.6
5847,2008,5,28,3,42.6
5848,2008,5,28,3,42.6
5849,2008,5,28,3,42.7
5850,2008,5,28,3,42.8
5851,2008,5,28,3,42.9
5852,2008,5,28,3,43.1
5853,2008,5,28,3,43.1
5854,2008,5,28,3,43.1
5855,2008,5,28,3,43.2
5856,2008,5,28,4,43.2
5857,2008,5,28,4,43.3
5858,2008,5,28,3,43.6
5859,2008,5,28,3,43.6
5860,2008,5,28,4,43.7
5861,2008,5,28,4,43.7
5862,2008,5,28,3,43.8
5863,2008,5,28,3,43.9
5864,2008,5,28,4,43.9
5865,2008,5,28,3,44.2
5866,2008,5,28,3,44.2
5867,2008,5,28,4,44.2
5868,2008,5,28,3,44.5
5869,2008,5,28,4,44.8
5870,2008,5,28,3,44.8
5871,2008,5,28,4,44.9
5872,2008,5,28,4,45
5873,2008,5,28,4,45
5874,2008,5,28,5,45.2
5875,2008,5,28,4,45.4
5876,2008,5,28,4,45.6
5877,2008,5,28,4,45.7
5878,2008,5,28,4,45.8
5879,2008,5,28,4,46
5880,2008,5,28,5,46
5881,2008,5,28,4,46.1
5882,2008,5,28,4,46.1
5883,2008,5,28,4,46.2
5884,2008,5,28,3,46.2
5885,2008,5,28,5,46.3
5886,2008,5,28,4,46.3
5887,2008,5,28,4,46.4
5888,2008,5,28,4,46.5
5889,2008,5,28,4,46.5
5890,2008,5,28,4,46.5
5891,2008,5,28,4,46.8
5892,2008,5,28,5,47
5893,2008,5,28,4,47.1
5894,2008,5,28,4,47.2
5895,2008,5,28,4,47.3
5896,2008,5,28,4,47.3
5897,2008,5,28,3,47.3
5898,2008,5,28,4,47.3
5899,2008,5,28,5,47.4
5900,2008,5,28,4,47.5
5901,2008,5,28,4,47.6
5902,2008,5,28,4,47.7
5903,2008,5,28,4,47.7
5904,2008,5,28,4,47.7
5905,2008,5,28,4,47.8
5906,2008,5,28,4,48
5907,2008,5,28,5,48.1
5908,2008,5,28,4,48.2
5909,2008,5,28,4,48.4
5910,2008,5,28,4,48.5
5911,2008,5,28,4,48.5
5912,2008,5,28,4,48.5
5913,2008,5,28,4,48.5
5914,2008,5,28,5,48.5
5915,2008,5,28,4,48.5
5916,2008,5,28,4,48.7
5917,2008,5,28,4,48.7
5918,2008,5,28,4,48.8
5919,2008,5,28,4,48.9
5920,2008,5,28,4,49
5921,2008,5,28,4,49.1
5922,2008,5,28,4,49.2
5923,2008,5,28,4,49.2
5924,2008,5,28,4,49.2
5925,2008,5,28,4,49.3
5926,2008,5,28,4,49.3
5927,2008,5,28,4,49.4
5928,2008,5,28,4,49.4
5929,2008,5,28,4,49.4
5930,2008,5,28,4,49.6
5931,2008,5,28,4,49.8
5932,2008,5,28,4,50
5933,2008,5,28,4,50.1
5934,2008,5,28,5,50.1
5935,2008,5,28,4,50.2
5936,2008,5,28,5,50.2
5937,2008,5,28,4,50.3
5938,2008,5,28,5,50.3
5939,2008,5,28,4,50.4
5940,2008,5,28,4,50.5
5941,2008,5,28,4,50.7
5942,2008,5,28,4,50.7
5943,2008,5,28,4,50.8
5944,2008,5,28,5,50.9
5945,2008,5,28,4,51
5946,2008,5,28,4,51.2
5947,2008,5,28,4,51.3
5948,2008,5,28,4,51.5
5949,2008,5,28,4,51.7
5950,2008,5,28,5,51.8
5951,2008,5,28,5,52
5952,2008,5,28,5,52
5953,2008,5,28,5,52.1
5954,2008,5,28,5,52.2
5955,2008,5,28,4,52.2
5956,2008,5,28,5,52.5
5957,2008,5,28,5,52.6
5958,2008,5,28,5,52.7
5959,2008,5,28,5,53.2
5960,2008,5,28,5,53.2
5961,2008,5,28,4,53.5
5962,2008,5,28,5,53.6
5963,2008,5,28,6,53.7
5964,2008,5,28,5,54.3
5965,2008,5,28,5,54.3
5966,2008,5,28,5,55
5967,2008,5,28,4,55.4
5968,2008,5,28,5,55.4
5969,2008,5,28,5,56.1
5970,2008,5,28,5,56.2
5971,2008,5,28,5,56.9
5972,2008,5,28,7,57
5973,2008,5,28,6,57.2
5974,2008,5,28,5,57.6
5975,2008,5,28,5,58.1
5976,2008,5,28,5,59.1
5977,2008,5,28,5,59.2
5978,2008,5,28,5,59.7
5979,2008,5,28,5,59.8
5980,2008,5,28,7,60.1
5981,2008,5,28,6,60.2
5982,2008,5,28,5,60.8
5983,2008,5,28,6,61.7
5984,2008,5,28,6,63.1
5985,2008,5,28,8,63.3
5986,2008,5,28,7,63.7
5987,2008,5,28,7,65.5
5988,2008,5,28,7,66.1
5989,2008,5,28,7,68
5990,2008,5,28,7,71.5
5991,2008,5,28,9,79
5992,2008,5,28,10,83.3
5993,2008,5,29,3,40.5
5994,2008,5,29,3,40.6
5995,2008,5,29,3,41.2
5996,2008,5,29,3,41.4
5997,2008,5,29,3,41.6
5998,2008,5,29,3,41.7
5999,2008,5,29,3,41.8
6000,2008,5,29,3,41.9
6001,2008,5,29,3,42.2
6002,2008,5,29,3,42.6
6003,2008,5,29,3,42.8
6004,2008,5,29,3,43.1
6005,2008,5,29,3,43.1
6006,2008,5,29,3,43.1
6007,2008,5,29,3,43.4
6008,2008,5,29,3,43.5
6009,2008,5,29,3,43.6
6010,2008,5,29,4,43.6
6011,2008,5,29,3,43.7
6012,2008,5,29,3,44.2
6013,2008,5,29,4,44.6
6014,2008,5,29,4,44.6
6015,2008,5,29,4,44.8
6016,2008,5,29,4,45.1
6017,2008,5,29,4,45.1
6018,2008,5,29,3,45.2
6019,2008,5,29,4,45.2
6020,2008,5,29,4,45.2
6021,2008,5,29,4,45.2
6022,2008,5,29,5,45.2
6023,2008,5,29,4,45.2
6024,2008,5,29,4,45.5
6025,2008,5,29,4,45.5
6026,2008,5,29,3,45.7
6027,2008,5,29,4,45.9
6028,2008,5,29,4,45.9
6029,2008,5,29,3,46
6030,2008,5,29,4,46.1
6031,2008,5,29,4,46.1
6032,2008,5,29,4,46.5
6033,2008,5,29,4,46.5
6034,2008,5,29,4,46.8
6035,2008,5,29,4,46.8
6036,2008,5,29,4,46.9
6037,2008,5,29,4,47.2
6038,2008,5,29,4,47.4
6039,2008,5,29,4,47.4
6040,2008,5,29,4,47.8
6041,2008,5,29,4,47.8
6042,2008,5,29,4,48
6043,2008,5,29,4,48.2
6044,2008,5,29,4,48.5
6045,2008,5,29,4,48.5
6046,2008,5,29,4,48.8
6047,2008,5,29,4,48.9
6048,2008,5,29,4,49.2
6049,2008,5,29,4,49.5
6050,2008,5,29,4,50.4
6051,2008,5,29,5,52.9
6052,2008,5,29,5,52.9
6053,2008,5,29,5,56.6
6054,2008,5,29,6,58
6055,2008,5,29,8,58.5
6056,2008,5,29,6,58.8
6057,2008,5,29,7,60.8
6058,2008,5,29,7,64
6059,2008,5,29,8,64.4
6060,2008,5,29,9,68.1
6061,2008,5,29,9,70
6062,2008,5,29,8,74.8
6063,2008,5,30,3,35.5
6064,2008,5,30,3,37.8
6065,2008,5,30,3,39.2
6066,2008,5,30,3,40.2
6067,2008,5,30,3,40.4
6068,2008,5,30,3,40.5
6069,2008,5,30,3,40.7
6070,2008,5,30,3,41.1
6071,2008,5,30,3,41.5
6072,2008,5,30,3,41.5
6073,2008,5,30,3,41.6
6074,2008,5,30,3,42.1
6075,2008,5,30,3,42.2
6076,2008,5,30,3,42.2
6077,2008,5,30,3,42.2
6078,2008,5,30,3,42.2
6079,2008,5,30,3,42.2
6080,2008,5,30,4,42.3
6081,2008,5,30,3,42.5
6082,2008,5,30,3,42.8
6083,2008,5,30,3,43.1
6084,2008,5,30,3,43.1
6085,2008,5,30,3,43.1
6086,2008,5,30,4,43.2
6087,2008,5,30,4,43.2
6088,2008,5,30,3,43.6
6089,2008,5,30,3,43.7
6090,2008,5,30,3,43.9
6091,2008,5,30,4,44.9
6092,2008,5,30,4,45.3
6093,2008,5,30,4,45.6
6094,2008,5,30,3,45.8
6095,2008,5,30,4,46.1
6096,2008,5,30,3,46.2
6097,2008,5,30,4,46.3
6098,2008,5,30,4,47.3
6099,2008,5,30,4,47.5
6100,2008,5,30,4,47.5
6101,2008,5,30,4,47.7
6102,2008,5,30,4,47.7
6103,2008,5,30,4,47.8
6104,2008,5,30,5,48.1
6105,2008,5,30,4,48.1
6106,2008,5,30,4,48.1
6107,2008,5,30,4,48.1
6108,2008,5,30,4,48.5
6109,2008,5,30,4,48.5
6110,2008,5,30,4,48.7
6111,2008,5,30,5,48.8
6112,2008,5,30,4,48.8
6113,2008,5,30,4,48.8
6114,2008,5,30,4,48.9
6115,2008,5,30,5,48.9
6116,2008,5,30,4,48.9
6117,2008,5,30,4,48.9
6118,2008,5,30,4,49.1
6119,2008,5,30,4,49.1
6120,2008,5,30,4,49.4
6121,2008,5,30,4,49.5
6122,2008,5,30,4,49.8
6123,2008,5,30,4,49.8
6124,2008,5,30,4,50.1
6125,2008,5,30,4,50.3
6126,2008,5,30,4,50.4
6127,2008,5,30,4,50.5
6128,2008,5,30,5,50.6
6129,2008,5,30,5,50.7
6130,2008,5,30,4,50.7
6131,2008,5,30,4,50.8
6132,2008,5,30,4,51
6133,2008,5,30,5,51.1
6134,2008,5,30,5,51.2
6135,2008,5,30,4,51.2
6136,2008,5,30,4,51.4
6137,2008,5,30,4,51.5
6138,2008,5,30,5,51.5
6139,2008,5,30,6,51.5
6140,2008,5,30,4,51.9
6141,2008,5,30,5,52
6142,2008,5,30,5,52.2
6143,2008,5,30,5,52.2
6144,2008,5,30,5,52.2
6145,2008,5,30,5,52.3
6146,2008,5,30,5,53
6147,2008,5,30,5,53
6148,2008,5,30,4,53.2
6149,2008,5,30,5,53.2
6150,2008,5,30,5,53.2
6151,2008,5,30,5,53.3
6152,2008,5,30,5,53.3
6153,2008,5,30,5,53.5
6154,2008,5,30,4,53.8
6155,2008,5,30,5,54.3
6156,2008,5,30,5,54.5
6157,2008,5,30,5,54.5
6158,2008,5,30,5,55.2
6159,2008,5,30,5,55.2
6160,2008,5,30,5,55.5
6161,2008,5,30,5,55.6
6162,2008,5,30,5,55.8
6163,2008,5,30,5,56.2
6164,2008,5,30,5,56.2
6165,2008,5,30,5,56.2
6166,2008,5,30,5,56.5
6167,2008,5,30,5,56.9
6168,2008,5,30,6,57
6169,2008,5,30,6,57.9
6170,2008,5,30,5,58.6
6171,2008,5,30,5,58.7
6172,2008,5,30,5,58.9
6173,2008,5,30,5,59.3
6174,2008,5,30,6,59.8
6175,2008,5,30,6,60.2
6176,2008,5,30,6,60.2
6177,2008,5,30,7,60.9
6178,2008,5,30,5,61.5
6179,2008,5,30,6,66.3
6180,2008,5,30,6,66.8
6181,2008,5,30,7,67
6182,2008,5,30,7,67.2
6183,2008,5,30,7,69.1
6184,2008,5,30,8,69.3
6185,2008,5,30,8,70.8
6186,2008,5,30,8,72.2
6187,2008,5,30,8,72.5
6188,2008,5,30,8,72.8
6189,2008,5,30,9,74.2
6190,2008,5,30,9,76.5
6191,2008,5,30,9,82.8
6192,2008,6,2,3,45.2
6193,2008,6,2,4,45.6
6194,2008,6,2,4,47.6
6195,2008,6,2,4,59.2
6196,2008,6,3,4,40.7
6197,2008,6,3,4,48.5
6198,2008,6,4,3,46.2
6199,2008,6,5,3,44.1
6200,2008,6,5,4,46.1
6201,2008,6,6,4,43.1
6202,2008,6,13,4,45.3
6203,2008,6,14,4,49.1
6204,2008,6,14,5,52.4
6205,2008,6,16,10,84.3
6206,2008,6,18,4,48
6207,2008,6,19,1,15.8
6208,2008,6,19,1,16
6209,2008,6,19,1,16.3
6210,2008,6,19,1,16.5
6211,2008,6,20,4,47
6212,2009,5,23,2,22.9
6213,2009,5,23,2,26.5
6214,2009,5,23,3,37.7
6215,2009,5,23,3,38.1
6216,2009,5,23,3,38.4
6217,2009,5,23,3,38.8
6218,2009,5,23,3,38.9
6219,2009,5,23,3,39.3
6220,2009,5,23,3,39.4
6221,2009,5,23,3,39.5
6222,2009,5,23,3,39.7
6223,2009,5,23,3,41
6224,2009,5,23,3,41.1
6225,2009,5,23,3,41.2
6226,2009,5,23,3,41.2
6227,2009,5,23,3,41.5
6228,2009,5,23,3,41.6
6229,2009,5,23,3,41.7
6230,2009,5,23,3,41.9
6231,2009,5,23,3,42
6232,2009,5,23,3,42.2
6233,2009,5,23,3,42.2
6234,2009,5,23,4,42.2
6235,2009,5,23,4,43
6236,2009,5,23,3,43.1
6237,2009,5,23,4,45
6238,2009,5,23,4,45.9
6239,2009,5,23,4,46.6
6240,2009,5,23,4,46.6
6241,2009,5,23,4,47
6242,2009,5,23,4,47.2
6243,2009,5,23,4,47.5
6244,2009,5,23,5,48.2
6245,2009,5,23,4,48.4
6246,2009,5,23,4,48.5
6247,2009,5,23,4,48.6
6248,2009,5,23,4,49
6249,2009,5,23,4,49.1
6250,2009,5,23,4,49.3
6251,2009,5,23,4,49.3
6252,2009,5,23,4,49.4
6253,2009,5,23,5,49.5
6254,2009,5,23,4,49.5
6255,2009,5,23,4,49.6
6256,2009,5,23,4,49.7
6257,2009,5,23,4,49.7
6258,2009,5,23,4,49.7
6259,2009,5,23,4,49.8
6260,2009,5,23,4,49.8
6261,2009,5,23,4,49.9
6262,2009,5,23,5,49.9
6263,2009,5,23,4,50.1
6264,2009,5,23,4,50.1
6265,2009,5,23,4,50.2
6266,2009,5,23,4,50.2
6267,2009,5,23,4,50.2
6268,2009,5,23,4,50.3
6269,2009,5,23,4,50.3
6270,2009,5,23,5,50.3
6271,2009,5,23,5,50.5
6272,2009,5,23,4,50.8
6273,2009,5,23,4,51.1
6274,2009,5,23,4,51.2
6275,2009,5,23,4,51.2
6276,2009,5,23,4,51.3
6277,2009,5,23,4,51.5
6278,2009,5,23,4,51.5
6279,2009,5,23,4,51.6
6280,2009,5,23,4,51.7
6281,2009,5,23,4,51.8
6282,2009,5,23,4,51.8
6283,2009,5,23,5,51.8
6284,2009,5,23,4,51.8
6285,2009,5,23,4,51.9
6286,2009,5,23,4,51.9
6287,2009,5,23,4,52
6288,2009,5,23,5,52.1
6289,2009,5,23,4,52.1
6290,2009,5,23,5,52.2
6291,2009,5,23,4,52.2
6292,2009,5,23,5,52.3
6293,2009,5,23,5,52.3
6294,2009,5,23,5,52.3
6295,2009,5,23,4,52.5
6296,2009,5,23,4,52.5
6297,2009,5,23,4,52.7
6298,2009,5,23,4,53
6299,2009,5,23,5,53.1
6300,2009,5,23,5,53.1
6301,2009,5,23,5,53.1
6302,2009,5,23,5,53.2
6303,2009,5,23,5,53.2
6304,2009,5,23,4,53.2
6305,2009,5,23,5,53.5
6306,2009,5,23,5,53.6
6307,2009,5,23,4,53.6
6308,2009,5,23,5,53.6
6309,2009,5,23,5,53.8
6310,2009,5,23,5,54
6311,2009,5,23,5,54.1
6312,2009,5,23,5,54.1
6313,2009,5,23,5,54.2
6314,2009,5,23,5,54.5
6315,2009,5,23,4,54.5
6316,2009,5,23,5,54.5
6317,2009,5,23,4,54.7
6318,2009,5,23,5,54.9
6319,2009,5,23,6,55
6320,2009,5,23,5,55.2
6321,2009,5,23,5,55.3
6322,2009,5,23,5,55.5
6323,2009,5,23,5,55.6
6324,2009,5,23,5,55.9
6325,2009,5,23,5,56
6326,2009,5,23,5,56.1
6327,2009,5,23,5,56.2
6328,2009,5,23,5,56.3
6329,2009,5,23,5,56.3
6330,2009,5,23,6,56.4
6331,2009,5,23,6,56.5
6332,2009,5,23,5,56.7
6333,2009,5,23,6,57
6334,2009,5,23,5,57
6335,2009,5,23,5,57.1
6336,2009,5,23,5,57.1
6337,2009,5,23,5,57.2
6338,2009,5,23,6,57.2
6339,2009,5,23,6,57.2
6340,2009,5,23,6,57.2
6341,2009,5,23,5,57.3
6342,2009,5,23,5,57.5
6343,2009,5,23,5,57.7
6344,2009,5,23,5,58
6345,2009,5,23,5,58.1
6346,2009,5,23,5,58.2
6347,2009,5,23,6,58.4
6348,2009,5,23,5,58.5
6349,2009,5,23,6,59.1
6350,2009,5,23,6,59.4
6351,2009,5,23,6,59.5
6352,2009,5,23,6,60.8
6353,2009,5,23,6,61.5
6354,2009,5,23,6,61.5
6355,2009,5,23,6,61.6
6356,2009,5,23,5,61.7
6357,2009,5,23,5,62
6358,2009,5,23,6,62
6359,2009,5,23,6,62
6360,2009,5,23,6,62.5
6361,2009,5,23,6,62.7
6362,2009,5,23,6,62.9
6363,2009,5,23,7,63
6364,2009,5,23,6,63.2
6365,2009,5,23,6,65.7
6366,2009,5,23,6,66.8
6367,2009,5,23,8,69.8
6368,2009,5,23,9,73.1
6369,2009,5,23,8,73.5
6370,2009,5,23,9,77.3
6371,2009,5,25,3,35.2
6372,2009,5,25,3,35.8
6373,2009,5,25,3,36.4
6374,2009,5,25,3,37
6375,2009,5,25,3,37
6376,2009,5,25,3,37.1
6377,2009,5,25,3,37.2
6378,2009,5,25,3,37.5
6379,2009,5,25,3,37.7
6380,2009,5,25,3,37.8
6381,2009,5,25,3,38
6382,2009,5,25,3,38.1
6383,2009,5,25,3,38.1
6384,2009,5,25,3,38.1
6385,2009,5,25,3,38.2
6386,2009,5,25,3,38.2
6387,2009,5,25,3,38.3
6388,2009,5,25,3,38.4
6389,2009,5,25,3,38.4
6390,2009,5,25,3,38.4
6391,2009,5,25,3,38.5
6392,2009,5,25,3,38.5
6393,2009,5,25,3,38.5
6394,2009,5,25,3,38.5
6395,2009,5,25,3,38.7
6396,2009,5,25,3,38.7
6397,2009,5,25,3,38.8
6398,2009,5,25,3,38.8
6399,2009,5,25,4,38.8
6400,2009,5,25,3,38.9
6401,2009,5,25,3,38.9
6402,2009,5,25,3,39
6403,2009,5,25,3,39.2
6404,2009,5,25,3,39.2
6405,2009,5,25,3,39.3
6406,2009,5,25,3,39.3
6407,2009,5,25,3,39.3
6408,2009,5,25,3,39.4
6409,2009,5,25,3,39.4
6410,2009,5,25,3,39.5
6411,2009,5,25,3,39.7
6412,2009,5,25,3,39.7
6413,2009,5,25,3,39.8
6414,2009,5,25,3,39.8
6415,2009,5,25,3,39.8
6416,2009,5,25,3,39.8
6417,2009,5,25,3,40
6418,2009,5,25,3,40
6419,2009,5,25,3,40.1
6420,2009,5,25,3,40.1
6421,2009,5,25,4,40.2
6422,2009,5,25,3,40.2
6423,2009,5,25,3,40.3
6424,2009,5,25,3,40.3
6425,2009,5,25,3,40.4
6426,2009,5,25,3,40.7
6427,2009,5,25,3,40.8
6428,2009,5,25,3,41.1
6429,2009,5,25,3,41.2
6430,2009,5,25,3,41.4
6431,2009,5,25,3,41.4
6432,2009,5,25,3,41.5
6433,2009,5,25,4,41.5
6434,2009,5,25,3,41.5
6435,2009,5,25,3,41.6
6436,2009,5,25,4,41.9
6437,2009,5,25,3,42.1
6438,2009,5,25,3,42.1
6439,2009,5,25,4,43.2
6440,2009,5,25,4,43.2
6441,2009,5,25,4,43.5
6442,2009,5,25,4,43.6
6443,2009,5,25,4,43.6
6444,2009,5,25,4,44.1
6445,2009,5,25,4,44.2
6446,2009,5,25,4,44.5
6447,2009,5,25,3,44.5
6448,2009,5,25,4,44.6
6449,2009,5,25,4,44.8
6450,2009,5,25,4,45
6451,2009,5,25,4,45
6452,2009,5,25,4,45.2
6453,2009,5,25,4,45.5
6454,2009,5,25,5,45.5
6455,2009,5,25,4,45.6
6456,2009,5,25,4,45.8
6457,2009,5,25,4,45.8
6458,2009,5,25,4,45.8
6459,2009,5,25,4,45.8
6460,2009,5,25,4,46
6461,2009,5,25,4,46.1
6462,2009,5,25,4,46.2
6463,2009,5,25,4,46.2
6464,2009,5,25,4,46.3
6465,2009,5,25,5,46.6
6466,2009,5,25,4,46.7
6467,2009,5,25,4,46.8
6468,2009,5,25,5,47.1
6469,2009,5,25,4,47.1
6470,2009,5,25,4,47.2
6471,2009,5,25,4,47.4
6472,2009,5,25,4,47.5
6473,2009,5,25,4,47.5
6474,2009,5,25,4,47.7
6475,2009,5,25,4,47.7
6476,2009,5,25,4,47.8
6477,2009,5,25,4,47.8
6478,2009,5,25,5,48
6479,2009,5,25,4,48.2
6480,2009,5,25,5,48.3
6481,2009,5,25,4,48.4
6482,2009,5,25,4,48.5
6483,2009,5,25,4,48.5
6484,2009,5,25,5,48.8
6485,2009,5,25,5,48.8
6486,2009,5,25,4,49.1
6487,2009,5,25,4,49.1
6488,2009,5,25,4,49.2
6489,2009,5,25,4,49.2
6490,2009,5,25,4,49.3
6491,2009,5,25,4,49.3
6492,2009,5,25,5,49.3
6493,2009,5,25,4,49.4
6494,2009,5,25,5,49.4
6495,2009,5,25,4,49.5
6496,2009,5,25,4,49.5
6497,2009,5,25,5,49.5
6498,2009,5,25,4,49.5
6499,2009,5,25,4,49.5
6500,2009,5,25,5,49.6
6501,2009,5,25,5,49.6
6502,2009,5,25,4,49.7
6503,2009,5,25,4,49.7
6504,2009,5,25,4,49.8
6505,2009,5,25,4,49.8
6506,2009,5,25,4,49.8
6507,2009,5,25,4,50
6508,2009,5,25,5,50
6509,2009,5,25,5,50
6510,2009,5,25,5,50
6511,2009,5,25,5,50
6512,2009,5,25,4,50.1
6513,2009,5,25,4,50.1
6514,2009,5,25,4,50.2
6515,2009,5,25,4,50.2
6516,2009,5,25,4,50.4
6517,2009,5,25,4,50.5
6518,2009,5,25,4,50.6
6519,2009,5,25,4,50.7
6520,2009,5,25,5,50.7
6521,2009,5,25,4,50.7
6522,2009,5,25,4,50.7
6523,2009,5,25,4,50.7
6524,2009,5,25,5,50.8
6525,2009,5,25,4,50.9
6526,2009,5,25,4,51
6527,2009,5,25,4,51.1
6528,2009,5,25,5,51.1
6529,2009,5,25,5,51.1
6530,2009,5,25,4,51.1
6531,2009,5,25,5,51.2
6532,2009,5,25,5,51.3
6533,2009,5,25,4,51.3
6534,2009,5,25,4,51.5
6535,2009,5,25,4,51.5
6536,2009,5,25,4,51.7
6537,2009,5,25,5,51.7
6538,2009,5,25,4,51.8
6539,2009,5,25,4,51.8
6540,2009,5,25,5,51.8
6541,2009,5,25,5,51.8
6542,2009,5,25,4,51.9
6543,2009,5,25,5,51.9
6544,2009,5,25,4,52.1
6545,2009,5,25,4,52.1
6546,2009,5,25,6,52.1
6547,2009,5,25,4,52.2
6548,2009,5,25,5,52.2
6549,2009,5,25,4,52.3
6550,2009,5,25,6,52.3
6551,2009,5,25,4,52.5
6552,2009,5,25,5,52.5
6553,2009,5,25,4,52.8
6554,2009,5,25,5,52.8
6555,2009,5,25,5,52.9
6556,2009,5,25,5,53.1
6557,2009,5,25,4,53.1
6558,2009,5,25,5,53.1
6559,2009,5,25,5,53.1
6560,2009,5,25,5,53.2
6561,2009,5,25,5,53.2
6562,2009,5,25,5,53.2
6563,2009,5,25,5,53.3
6564,2009,5,25,5,53.4
6565,2009,5,25,5,53.5
6566,2009,5,25,5,53.5
6567,2009,5,25,5,53.5
6568,2009,5,25,5,53.7
6569,2009,5,25,5,54.4
6570,2009,5,25,5,54.4
6571,2009,5,25,5,54.5
6572,2009,5,25,5,54.7
6573,2009,5,25,6,54.7
6574,2009,5,25,5,54.7
6575,2009,5,25,5,54.8
6576,2009,5,25,5,54.8
6577,2009,5,25,5,54.8
6578,2009,5,25,6,55
6579,2009,5,25,5,55
6580,2009,5,25,5,55
6581,2009,5,25,5,55.1
6582,2009,5,25,6,55.1
6583,2009,5,25,6,55.1
6584,2009,5,25,5,55.2
6585,2009,5,25,5,55.5
6586,2009,5,25,5,55.5
6587,2009,5,25,6,55.5
6588,2009,5,25,5,55.8
6589,2009,5,25,6,56.2
6590,2009,5,25,5,56.5
6591,2009,5,25,5,56.7
6592,2009,5,25,5,56.7
6593,2009,5,25,5,57
6594,2009,5,25,5,57.1
6595,2009,5,25,5,57.2
6596,2009,5,25,6,57.2
6597,2009,5,25,5,57.3
6598,2009,5,25,6,57.5
6599,2009,5,25,5,57.7
6600,2009,5,25,6,57.8
6601,2009,5,25,5,58.1
6602,2009,5,25,6,58.2
6603,2009,5,25,6,58.2
6604,2009,5,25,6,58.4
6605,2009,5,25,5,58.5
6606,2009,5,25,5,58.8
6607,2009,5,25,5,59
6608,2009,5,25,6,59
6609,2009,5,25,5,59.2
6610,2009,5,25,6,59.3
6611,2009,5,25,6,59.3
6612,2009,5,25,6,59.7
6613,2009,5,25,5,59.9
6614,2009,5,25,6,60
6615,2009,5,25,6,60.1
6616,2009,5,25,6,60.3
6617,2009,5,25,5,60.4
6618,2009,5,25,5,60.5
6619,2009,5,25,5,61.1
6620,2009,5,25,6,61.1
6621,2009,5,25,6,61.3
6622,2009,5,25,6,61.5
6623,2009,5,25,6,63.5
6624,2009,5,25,8,70.1
6625,2009,5,25,7,72
6626,2009,5,25,8,72.8
6627,2009,5,25,9,75.2
6628,2009,5,27,3,37.3
6629,2009,5,27,3,37.5
6630,2009,5,27,3,37.6
6631,2009,5,27,3,38.6
6632,2009,5,27,3,38.7
6633,2009,5,27,3,39.1
6634,2009,5,27,3,39.1
6635,2009,5,27,3,39.3
6636,2009,5,27,3,39.5
6637,2009,5,27,3,39.5
6638,2009,5,27,3,39.6
6639,2009,5,27,3,39.7
6640,2009,5,27,4,40.2
6641,2009,5,27,3,40.5
6642,2009,5,27,3,40.6
6643,2009,5,27,3,40.8
6644,2009,5,27,3,40.8
6645,2009,5,27,3,41.3
6646,2009,5,27,3,41.5
6647,2009,5,27,3,42.1
6648,2009,5,27,3,42.2
6649,2009,5,27,3,42.9
6650,2009,5,27,4,43.4
6651,2009,5,27,4,43.9
6652,2009,5,27,4,44.1
6653,2009,5,27,4,46.6
6654,2009,5,27,4,46.8
6655,2009,5,27,4,46.8
6656,2009,5,27,4,47.2
6657,2009,5,27,4,47.3
6658,2009,5,27,5,47.4
6659,2009,5,27,4,47.8
6660,2009,5,27,4,47.8
6661,2009,5,27,5,47.9
6662,2009,5,27,4,47.9
6663,2009,5,27,4,48.4
6664,2009,5,27,4,48.8
6665,2009,5,27,4,48.8
6666,2009,5,27,5,49.1
6667,2009,5,27,4,49.8
6668,2009,5,27,4,49.9
6669,2009,5,27,4,50
6670,2009,5,27,4,50
6671,2009,5,27,5,50
6672,2009,5,27,4,50
6673,2009,5,27,4,50
6674,2009,5,27,4,50.1
6675,2009,5,27,4,50.2
6676,2009,5,27,5,50.2
6677,2009,5,27,4,50.2
6678,2009,5,27,4,50.2
6679,2009,5,27,5,50.3
6680,2009,5,27,4,50.4
6681,2009,5,27,4,50.6
6682,2009,5,27,4,50.6
6683,2009,5,27,4,50.7
6684,2009,5,27,5,50.8
6685,2009,5,27,4,50.9
6686,2009,5,27,4,51.1
6687,2009,5,27,4,51.3
6688,2009,5,27,5,51.4
6689,2009,5,27,4,51.5
6690,2009,5,27,5,51.5
6691,2009,5,27,4,51.5
6692,2009,5,27,5,51.8
6693,2009,5,27,4,52.2
6694,2009,5,27,5,52.3
6695,2009,5,27,4,52.3
6696,2009,5,27,4,52.4
6697,2009,5,27,4,52.5
6698,2009,5,27,5,54.2
6699,2009,5,27,5,54.5
6700,2009,5,27,5,54.6
6701,2009,5,27,5,55.1
6702,2009,5,27,5,55.1
6703,2009,5,27,5,55.5
6704,2009,5,27,5,55.7
6705,2009,5,27,5,56
6706,2009,5,27,5,56.4
6707,2009,5,27,5,56.5
6708,2009,5,27,5,56.6
6709,2009,5,27,5,56.8
6710,2009,5,27,5,57.9
6711,2009,5,27,5,58.3
6712,2009,5,27,6,58.7
6713,2009,5,27,5,59.6
6714,2009,5,27,5,59.8
6715,2009,5,27,6,60.1
6716,2009,5,27,6,60.4
6717,2009,5,27,6,60.8
6718,2009,5,27,6,61
6719,2009,5,27,6,61.1
6720,2009,5,27,5,61.2
6721,2009,5,27,6,61.8
6722,2009,5,27,7,62.1
6723,2009,5,27,6,62.3
6724,2009,5,27,6,63.1
6725,2009,5,27,6,64
6726,2009,5,27,7,72.2
6727,2009,5,27,9,81.6
6728,2009,5,29,4,48.5
6729,2009,5,29,5,50.4
6730,2009,5,29,5,56.5
6731,2009,5,29,7,58
6732,2009,5,29,10,85.8
6733,2009,6,4,4,41
6734,2009,6,4,5,50.1
6735,2009,6,4,6,57.9
6736,2009,6,5,4,43.4
6737,2009,6,5,4,47.1
6738,2009,6,5,4,47.3
6739,2009,6,5,4,48.3
6740,2009,6,5,4,49
6741,2009,6,5,4,49.4
6742,2009,6,5,4,49.7
6743,2009,6,5,5,53.5
6744,2009,6,5,6,55.8
6745,2009,6,5,5,56.3
6746,2009,6,5,5,57
6747,2009,6,5,6,57.1
6748,2009,6,5,6,62.8
6749,2009,6,5,10,64.4
6750,2009,6,5,6,64.6
6751,2009,6,5,9,66.3
6752,2009,6,5,8,69.3
6753,2009,6,5,8,71.6
6754,2009,6,5,10,72.8
6755,2009,6,5,9,73.9
6756,2009,6,5,9,76
6757,2009,6,5,11,76.1
6758,2009,6,5,11,85
6759,2011,6,15,9,67.2
6760,2011,6,15,4,50.8
6761,2011,6,15,9,64.2
6762,2011,6,16,8,62.2
6763,2011,6,16,3,35
6764,2011,6,16,6,55.9
6765,2011,6,17,3,39
6766,2011,6,17,3,40.4
6767,2011,6,21,4,40.4
6768,2011,6,21,9,70.3
6769,2011,6,22,8,61.4
6770,2011,6,26,3,37
6771,2011,6,26,9,63.2
6772,2011,5,31,8,69.5
6773,2011,5,31,7,66.2
6774,2011,5,31,7,64.4
6775,2011,5,31,7,64.3
6776,2011,5,31,6,61
6777,2011,5,31,6,57.7
6778,2011,5,31,5,54.9
6779,2011,5,31,5,54.5
6780,2011,5,31,5,54
6781,2011,5,31,5,53.9
6782,2011,5,31,4,52.9
6783,2011,5,31,5,52.8
6784,2011,5,31,4,52.7
6785,2011,5,31,5,52.3
6786,2011,5,31,4,52.1
6787,2011,5,31,4,52.1
6788,2011,5,31,5,51.6
6789,2011,5,31,5,51.6
6790,2011,5,31,4,50.9
6791,2011,5,31,5,50.6
6792,2011,5,31,4,50.6
6793,2011,5,31,4,50.4
6794,2011,5,31,4,50.1
6795,2011,5,31,4,49.5
6796,2011,5,31,5,49.5
6797,2011,5,31,5,49.5
6798,2011,5,31,4,49.4
6799,2011,5,31,4,49.3
6800,2011,5,31,4,49.3
6801,2011,5,31,4,49.2
6802,2011,5,31,4,49
6803,2011,5,31,4,48.3
6804,2011,5,31,4,48.2
6805,2011,5,31,4,47.6
6806,2011,5,31,4,47.5
6807,2011,5,31,4,47.2
6808,2011,5,31,4,47.2
6809,2011,5,31,4,47.1
6810,2011,5,31,4,47
6811,2011,5,31,4,46.9
6812,2011,5,31,4,46.9
6813,2011,5,31,4,46.8
6814,2011,5,31,4,46.7
6815,2011,5,31,3,46.5
6816,2011,5,31,4,46.5
6817,2011,5,31,4,46.4
6818,2011,5,31,4,46.3
6819,2011,5,31,4,45.8
6820,2011,5,31,4,45.7
6821,2011,5,31,5,45.7
6822,2011,5,31,3,45.5
6823,2011,5,31,4,45.4
6824,2011,5,31,3,45.1
6825,2011,5,31,3,45.1
6826,2011,5,31,4,44.9
6827,2011,5,31,4,44.8
6828,2011,5,31,4,44.8
6829,2011,5,31,4,44.7
6830,2011,5,31,4,44.7
6831,2011,5,31,4,44.6
6832,2011,5,31,4,44.5
6833,2011,5,31,4,44.5
6834,2011,5,31,4,44.5
6835,2011,5,31,4,44.5
6836,2011,5,31,4,44.4
6837,2011,5,31,4,44.2
6838,2011,5,31,4,44.2
6839,2011,5,31,3,44.4
6840,2011,5,31,4,44.1
6841,2011,5,31,3,44.1
6842,2011,5,31,4,44.1
6843,2011,5,31,4,44
6844,2011,5,31,4,44
6845,2011,5,31,4,44
6846,2011,5,31,4,43.8
6847,2011,5,31,4,43.5
6848,2011,5,31,4,43.2
6849,2011,5,31,4,43.2
6850,2011,5,31,4,43.1
6851,2011,5,31,4,43.1
6852,2011,5,31,4,42.8
6853,2011,5,31,4,42.7
6854,2011,5,31,4,42.7
6855,2011,5,31,3,42.6
6856,2011,5,31,4,42.5
6857,2011,5,31,3,42.5
6858,2011,5,31,4,42.5
6859,2011,5,31,4,42.2
6860,2011,5,31,4,42.1
6861,2011,5,31,4,42.1
6862,2011,5,31,4,41.9
6863,2011,5,31,4,41.9
6864,2011,5,31,4,41.8
6865,2011,5,31,3,41.6
6866,2011,5,31,4,41.5
6867,2011,5,31,4,41.5
6868,2011,5,31,4,41.2
6869,2011,5,31,4,41.1
6870,2011,5,31,4,41
6871,2011,5,31,4,41
6872,2011,5,31,3,40.9
6873,2011,5,31,4,40.8
6874,2011,5,31,4,40.6
6875,2011,5,31,4,40
6876,2011,5,31,3,39.8
6877,2011,5,31,4,39.7
6878,2011,5,31,3,39.6
6879,2011,5,31,4,39.5
6880,2011,5,31,4,39.1
6881,2011,5,31,4,38.7
6882,2011,5,31,3,38.6
6883,2011,5,31,3,38.5
6884,2011,5,31,3,38.2
6885,2011,5,31,3,38.2
6886,2011,5,31,3,38
6887,2011,5,31,3,37.8
6888,2011,5,31,3,37.7
6889,2011,5,31,3,37.7
6890,2011,5,31,3,37.5
6891,2011,5,31,3,37.5
6892,2011,5,31,3,37.5
6893,2011,5,31,3,37.2
6894,2011,5,31,3,37.1
6895,2011,5,31,3,37
6896,2011,5,31,3,36.8
6897,2011,5,31,3,36.7
6898,2011,5,31,3,36.7
6899,2011,5,31,3,36.6
6900,2011,5,31,3,36.5
6901,2011,5,31,3,36.4
6902,2011,5,31,3,36.2
6903,2011,5,31,3,36
6904,2011,5,31,3,35.8
6905,2011,5,31,3,35.8
6906,2011,5,31,3,35.5
6907,2011,5,31,3,35.5
6908,2011,5,31,3,35.2
6909,2011,5,31,3,35
6910,2011,5,31,4,34.6
6911,2011,5,31,3,34.6
6912,2011,5,31,3,33.4
6913,2011,6,1,6,64.5
6914,2011,6,1,6,64
6915,2011,6,1,6,61.5
6916,2011,6,1,6,54
6917,2011,6,1,5,53.1
6918,2011,6,1,4,53
6919,2011,6,1,4,51.3
6920,2011,6,1,4,51.2
6921,2011,6,1,5,51.1
6922,2011,6,1,4,49.8
6923,2011,6,1,4,49.6
6924,2011,6,1,4,48.8
6925,2011,6,1,5,48.5
6926,2011,6,1,4,48.2
6927,2011,6,1,4,47
6928,2011,6,1,4,46.7
6929,2011,6,1,4,46.5
6930,2011,6,1,4,46.1
6931,2011,6,1,4,45.6
6932,2011,6,1,3,45.5
6933,2011,6,1,4,45.4
6934,2011,6,1,4,45.3
6935,2011,6,1,4,45.3
6936,2011,6,1,4,45
6937,2011,6,1,4,45
6938,2011,6,1,3,45
6939,2011,6,1,4,44.8
6940,2011,6,1,4,44.8
6941,2011,6,1,4,44.6
6942,2011,6,1,4,44.6
6943,2011,6,1,4,44.5
6944,2011,6,1,4,44.4
6945,2011,6,1,4,44.4
6946,2011,6,1,4,44.4
6947,2011,6,1,4,44.3
6948,2011,6,1,4,44
6949,2011,6,1,3,44
6950,2011,6,1,4,44
6951,2011,6,1,4,43.9
6952,2011,6,1,4,43.8
6953,2011,6,1,4,43.7
6954,2011,6,1,4,43.7
6955,2011,6,1,4,43.6
6956,2011,6,1,4,43.6
6957,2011,6,1,4,43.6
6958,2011,6,1,4,43.5
6959,2011,6,1,4,43.4
6960,2011,6,1,4,43.4
6961,2011,6,1,3,43.2
6962,2011,6,1,3,43.1
6963,2011,6,1,4,43
6964,2011,6,1,4,42.9
6965,2011,6,1,4,42.8
6966,2011,6,1,4,42.6
6967,2011,6,1,4,42.6
6968,2011,6,1,4,42.4
6969,2011,6,1,4,42.4
6970,2011,6,1,4,42.1
6971,2011,6,1,4,42
6972,2011,6,1,3,42
6973,2011,6,1,4,41.9
6974,2011,6,1,4,41.9
6975,2011,6,1,3,41.5
6976,2011,6,1,4,41.2
6977,2011,6,1,4,41.2
6978,2011,6,1,4,41.2
6979,2011,6,1,4,41.1
6980,2011,6,1,4,41
6981,2011,6,1,4,41
6982,2011,6,1,3,40.9
6983,2011,6,1,4,40.8
6984,2011,6,1,4,40.5
6985,2011,6,1,4,40.4
6986,2011,6,1,4,40.2
6987,2011,6,1,4,40.1
6988,2011,6,1,4,40
6989,2011,6,1,4,39.8
6990,2011,6,1,4,39.6
6991,2011,6,1,3,39.5
6992,2011,6,1,3,39.3
6993,2011,6,1,3,39.3
6994,2011,6,1,4,39.1
6995,2011,6,1,3,39.1
6996,2011,6,1,3,39
6997,2011,6,1,3,39
6998,2011,6,1,3,38.9
6999,2011,6,1,3,38.9
7000,2011,6,1,3,38.6
7001,2011,6,1,3,38.4
7002,2011,6,1,3,38.2
7003,2011,6,1,3,38.2
7004,2011,6,1,3,38.1
7005,2011,6,1,3,38
7006,2011,6,1,3,38
7007,2011,6,1,3,38
7008,2011,6,1,3,37.9
7009,2011,6,1,3,37.9
7010,2011,6,1,3,37.7
7011,2011,6,1,3,37.6
7012,2011,6,1,3,37.6
7013,2011,6,1,3,37.4
7014,2011,6,1,4,37.3
7015,2011,6,1,3,37.3
7016,2011,6,1,3,37.3
7017,2011,6,1,3,37.3
7018,2011,6,1,3,37.3
7019,2011,6,1,3,37.3
7020,2011,6,1,3,37.3
7021,2011,6,1,3,37.2
7022,2011,6,1,3,37.2
7023,2011,6,1,3,37.1
7024,2011,6,1,3,37.1
7025,2011,6,1,3,37.1
7026,2011,6,1,3,37
7027,2011,6,1,4,37
7028,2011,6,1,3,37
7029,2011,6,1,3,36.9
7030,2011,6,1,3,36.8
7031,2011,6,1,3,36.8
7032,2011,6,1,3,36.8
7033,2011,6,1,3,36.8
7034,2011,6,1,3,36.8
7035,2011,6,1,3,36.7
7036,2011,6,1,3,36.6
7037,2011,6,1,3,36.6
7038,2011,6,1,3,36.6
7039,2011,6,1,4,36.6
7040,2011,6,1,3,36.6
7041,2011,6,1,3,36.6
7042,2011,6,1,3,36.5
7043,2011,6,1,3,36.5
7044,2011,6,1,3,36.5
7045,2011,6,1,3,36.4
7046,2011,6,1,3,36.2
7047,2011,6,1,3,36.2
7048,2011,6,1,3,36.2
7049,2011,6,1,3,36.1
7050,2011,6,1,3,36.1
7051,2011,6,1,3,36.1
7052,2011,6,1,3,36
7053,2011,6,1,3,36
7054,2011,6,1,3,36
7055,2011,6,1,3,36
7056,2011,6,1,3,36
7057,2011,6,1,3,35.8
7058,2011,6,1,3,35.8
7059,2011,6,1,3,35.8
7060,2011,6,1,3,35.8
7061,2011,6,1,3,35.8
7062,2011,6,1,3,35.8
7063,2011,6,1,3,35.8
7064,2011,6,1,3,35.7
7065,2011,6,1,3,35.7
7066,2011,6,1,3,35.7
7067,2011,6,1,3,35.6
7068,2011,6,1,3,35.6
7069,2011,6,1,3,35.6
7070,2011,6,1,3,35.7
7071,2011,6,1,3,35.5
7072,2011,6,1,3,35.5
7073,2011,6,1,3,35.5
7074,2011,6,1,3,35.4
7075,2011,6,1,3,35.4
7076,2011,6,1,3,35.3
7077,2011,6,1,3,35.3
7078,2011,6,1,3,35.2
7079,2011,6,1,3,35.2
7080,2011,6,1,3,35.2
7081,2011,6,1,3,35.2
7082,2011,6,1,3,35.1
7083,2011,6,1,3,35.1
7084,2011,6,1,3,35.1
7085,2011,6,1,3,35.1
7086,2011,6,1,3,35
7087,2011,6,1,3,35
7088,2011,6,1,3,35
7089,2011,6,1,3,35
7090,2011,6,1,3,34.9
7091,2011,6,1,3,34.8
7092,2011,6,1,3,34.7
7093,2011,6,1,3,34.7
7094,2011,6,1,3,34.7
7095,2011,6,1,3,34.6
7096,2011,6,1,3,34.4
7097,2011,6,1,3,34.3
7098,2011,6,1,3,34.3
7099,2011,6,1,3,34.2
7100,2011,6,1,3,34.2
7101,2011,6,1,3,34.2
7102,2011,6,1,3,34.2
7103,2011,6,1,3,34.1
7104,2011,6,1,3,34
7105,2011,6,1,3,33.9
7106,2011,6,1,3,33.9
7107,2011,6,1,3,33.8
7108,2011,6,1,3,33.6
7109,2011,6,1,3,33.5
7110,2011,6,1,3,33.1
7111,2011,6,1,3,33
7112,2011,6,1,3,33
7113,2011,6,1,3,32.6
7114,2011,6,2,8,63
7115,2011,6,2,3,55
7116,2011,6,2,4,52.7
7117,2011,6,2,5,52.5
7118,2011,6,2,4,50.5
7119,2011,6,2,4,49.8
7120,2011,6,2,4,48.5
7121,2011,6,2,4,48.3
7122,2011,6,2,3,46.1
7123,2011,6,2,3,45.5
7124,2011,6,2,4,45.2
7125,2011,6,2,4,45.1
7126,2011,6,2,3,44.1
7127,2011,6,2,4,43.9
7128,2011,6,2,4,43.4
7129,2011,6,2,3,43.1
7130,2011,6,2,4,42.8
7131,2011,6,2,3,42.2
7132,2011,6,2,3,42.1
7133,2011,6,2,4,41.1
7134,2011,6,2,4,41.1
7135,2011,6,2,4,40.9
7136,2011,6,2,4,40.8
7137,2011,6,2,3,40.4
7138,2011,6,2,3,40.4
7139,2011,6,2,3,40.1
7140,2011,6,2,4,40
7141,2011,6,2,4,40
7142,2011,6,2,4,39.8
7143,2011,6,2,4,38.7
7144,2011,6,2,3,38.7
7145,2011,6,2,3,38.7
7146,2011,6,2,3,38.7
7147,2011,6,2,3,38.5
7148,2011,6,2,3,38.3
7149,2011,6,2,4,38.2
7150,2011,6,2,3,38.1
7151,2011,6,2,3,37.9
7152,2011,6,2,3,37.9
7153,2011,6,2,3,37.9
7154,2011,6,2,3,37.8
7155,2011,6,2,4,37.6
7156,2011,6,2,3,37.6
7157,2011,6,2,3,37.5
7158,2011,6,2,4,37.5
7159,2011,6,2,3,37.4
7160,2011,6,2,3,37.2
7161,2011,6,2,3,37.2
7162,2011,6,2,3,37.1
7163,2011,6,2,3,36.9
7164,2011,6,2,3,36.9
7165,2011,6,2,3,36.8
7166,2011,6,2,3,36.7
7167,2011,6,2,3,36.7
7168,2011,6,2,3,36.6
7169,2011,6,2,3,36.6
7170,2011,6,2,3,36.6
7171,2011,6,2,3,36.6
7172,2011,6,2,3,36.5
7173,2011,6,2,3,36.3
7174,2011,6,2,3,36.2
7175,2011,6,2,3,36.2
7176,2011,6,2,3,36.1
7177,2011,6,2,3,36.1
7178,2011,6,2,3,36.1
7179,2011,6,2,3,36
7180,2011,6,2,3,36
7181,2011,6,2,3,36
7182,2011,6,2,3,36
7183,2011,6,2,3,36
7184,2011,6,2,3,35.9
7185,2011,6,2,3,35.9
7186,2011,6,2,3,35.8
7187,2011,6,2,3,35.7
7188,2011,6,2,3,35.7
7189,2011,6,2,3,35.6
7190,2011,6,2,3,35.5
7191,2011,6,2,3,35.5
7192,2011,6,2,3,35.4
7193,2011,6,2,3,35.2
7194,2011,6,2,3,35
7195,2011,6,2,3,35
7196,2011,6,2,3,35
7197,2011,6,2,3,34.9
7198,2011,6,2,3,34.8
7199,2011,6,2,3,34.8
7200,2011,6,2,3,34.7
7201,2011,6,2,3,34.5
7202,2011,6,2,3,34.1
7203,2011,6,2,3,34
7204,2011,6,2,2,33.1
7205,2011,6,2,3,32.8
7206,2011,6,2,3,32.8
7207,2011,6,3,6,56.1
7208,2011,6,3,5,52.5
7209,2011,6,3,4,51
7210,2011,6,3,4,49.9
7211,2011,6,3,4,49.3
7212,2011,6,3,4,49
7213,2011,6,3,4,48.7
7214,2011,6,3,4,48.3
7215,2011,6,3,4,47.9
7216,2011,6,3,4,47.5
7217,2011,6,3,4,46.8
7218,2011,6,3,4,46.3
7219,2011,6,3,4,45.6
7220,2011,6,3,4,45.4
7221,2011,6,3,4,45.2
7222,2011,6,3,4,45.1
7223,2011,6,3,4,45.1
7224,2011,6,3,4,45.1
7225,2011,6,3,4,45
7226,2011,6,3,4,44.5
7227,2011,6,3,4,44.5
7228,2011,6,3,4,44.3
7229,2011,6,3,3,44.3
7230,2011,6,3,4,44
7231,2011,6,3,4,44
7232,2011,6,3,4,43.9
7233,2011,6,3,4,43.9
7234,2011,6,3,3,43.8
7235,2011,6,3,4,43.8
7236,2011,6,3,3,43.8
7237,2011,6,3,3,43.7
7238,2011,6,3,4,43.6
7239,2011,6,3,4,43.5
7240,2011,6,3,3,43
7241,2011,6,3,4,42.9
7242,2011,6,3,4,42.8
7243,2011,6,3,4,42.7
7244,2011,6,3,4,42.6
7245,2011,6,3,4,42.5
7246,2011,6,3,4,42.5
7247,2011,6,3,3,42.5
7248,2011,6,3,4,42.5
7249,2011,6,3,4,42.4
7250,2011,6,3,4,42.3
7251,2011,6,3,4,42.1
7252,2011,6,3,4,41.8
7253,2011,6,3,4,41.4
7254,2011,6,3,4,41.2
7255,2011,6,3,4,41
7256,2011,6,3,3,40.9
7257,2011,6,3,4,40
7258,2011,6,3,3,39.6
7259,2011,6,3,3,39
7260,2011,6,3,3,38.7
7261,2011,6,3,3,38.7
7262,2011,6,3,3,38.4
7263,2011,6,3,3,38.2
7264,2011,6,3,3,38.2
7265,2011,6,3,3,38.2
7266,2011,6,3,3,38.2
7267,2011,6,3,3,38.1
7268,2011,6,3,3,38
7269,2011,6,3,3,38
7270,2011,6,3,3,37.8
7271,2011,6,3,3,37.8
7272,2011,6,3,3,37.6
7273,2011,6,3,3,37.6
7274,2011,6,3,3,37.6
7275,2011,6,3,3,37.5
7276,2011,6,3,3,37.3
7277,2011,6,3,3,37.2
7278,2011,6,3,3,37.1
7279,2011,6,3,3,36.9
7280,2011,6,3,3,36.6
7281,2011,6,3,3,36.4
7282,2011,6,3,3,36.4
7283,2011,6,3,3,36.3
7284,2011,6,3,3,36.3
7285,2011,6,3,3,36.2
7286,2011,6,3,3,36.2
7287,2011,6,3,3,36.2
7288,2011,6,3,3,36.2
7289,2011,6,3,3,36.1
7290,2011,6,3,3,36.1
7291,2011,6,3,3,36.1
7292,2011,6,3,3,36
7293,2011,6,3,3,35.7
7294,2011,6,3,3,35.5
7295,2011,6,3,4,35.4
7296,2011,6,3,3,35.4
7297,2011,6,3,3,35.3
7298,2011,6,3,3,35.2
7299,2011,6,3,3,35.1
7300,2011,6,3,3,34.9
7301,2011,6,3,3,34.3
7302,2011,6,3,3,34.1
7303,2011,6,3,3,33.8
7304,2011,6,3,3,33.7
7305,2011,6,3,3,33
7306,2011,6,5,4,51.7
7307,2011,6,5,4,45.8
7308,2011,6,5,4,42.8
7309,2011,6,5,4,42
7310,2011,6,5,3,36
7311,2011,6,6,10,73.5
7312,2011,6,6,7,63
7313,2011,6,6,6,62.7
7314,2011,6,6,6,58.3
7315,2011,6,6,6,58.2
7316,2011,6,6,5,58
7317,2011,6,6,6,57.1
7318,2011,6,6,7,56.8
7319,2011,6,6,7,52.1
7320,2011,6,6,5,50.8
7321,2011,6,6,5,50.4
7322,2011,6,6,4,49.2
7323,2011,6,6,4,47.6
7324,2011,6,6,4,47.5
7325,2011,6,6,5,47.4
7326,2011,6,6,4,47.2
7327,2011,6,6,4,47.1
7328,2011,6,6,4,46.6
7329,2011,6,6,3,46.6
7330,2011,6,6,4,46
7331,2011,6,6,4,45.6
7332,2011,6,6,4,45.6
7333,2011,6,6,4,45.6
7334,2011,6,6,4,45.5
7335,2011,6,6,4,45.4
7336,2011,6,6,3,45.4
7337,2011,6,6,4,45.4
7338,2011,6,6,4,45.3
7339,2011,6,6,4,45.2
7340,2011,6,6,4,45.2
7341,2011,6,6,4,45.2
7342,2011,6,6,4,45.1
7343,2011,6,6,3,45
7344,2011,6,6,4,44.8
7345,2011,6,6,4,44.6
7346,2011,6,6,4,44.4
7347,2011,6,6,4,44.4
7348,2011,6,6,4,44.3
7349,2011,6,6,4,44.3
7350,2011,6,6,3,44.2
7351,2011,6,6,4,44.2
7352,2011,6,6,4,43.7
7353,2011,6,6,4,43.6
7354,2011,6,6,4,43.5
7355,2011,6,6,4,43.3
7356,2011,6,6,4,43.3
7357,2011,6,6,4,43.1
7358,2011,6,6,4,43
7359,2011,6,6,4,42.9
7360,2011,6,6,4,42.8
7361,2011,6,6,4,42.2
7362,2011,6,6,4,42.1
7363,2011,6,6,4,41.9
7364,2011,6,6,4,41.9
7365,2011,6,6,4,41.8
7366,2011,6,6,4,41.7
7367,2011,6,6,4,41.7
7368,2011,6,6,4,41.7
7369,2011,6,6,4,41.5
7370,2011,6,6,4,41.4
7371,2011,6,6,4,41.1
7372,2011,6,6,4,41
7373,2011,6,6,4,40.9
7374,2011,6,6,4,40.7
7375,2011,6,6,4,40.4
7376,2011,6,6,4,40.3
7377,2011,6,6,3,40
7378,2011,6,6,4,39.8
7379,2011,6,6,3,39.5
7380,2011,6,6,3,39.4
7381,2011,6,6,3,37.6
7382,2011,6,6,3,37.6
7383,2011,6,6,3,37.5
7384,2011,6,6,3,37.1
7385,2011,6,6,3,37
7386,2011,6,6,3,37
7387,2011,6,6,3,36.8
7388,2011,6,6,3,36.2
7389,2011,6,6,3,35.4
7390,2011,6,7,7,59.9
7391,2011,6,7,4,43
7392,2011,6,7,4,42.9
7393,2011,6,7,4,41.9
7394,2011,6,7,4,40.6
7395,2011,6,7,4,39.7
7396,2011,6,7,3,38.5
7397,2011,6,7,3,36.8
7398,2011,6,7,3,36.6
7399,2011,6,8,5,58.6
7400,2011,6,8,5,57
7401,2011,6,8,5,55.9
7402,2011,6,8,4,52.7
7403,2011,6,8,4,51.3
7404,2011,6,8,4,50.2
7405,2011,6,8,4,48
7406,2011,6,8,4,47.2
7407,2011,6,8,4,46.9
7408,2011,6,8,4,46.5
7409,2011,6,8,4,46
7410,2011,6,8,4,44.6
7411,2011,6,8,4,44.5
7412,2011,6,8,4,43.9
7413,2011,6,8,4,42.5
7414,2011,6,8,4,41.7
7415,2011,6,8,4,41.5
7416,2011,6,8,4,39.4
7417,2011,6,8,3,38.4
7418,2011,6,8,3,38
7419,2011,6,8,3,35.9
7420,2011,6,8,3,34.8
7421,2011,6,8,3,34.5
7422,2011,6,9,6,57
7423,2011,6,9,4,47.2
7424,2011,6,9,4,44.7
7425,2011,6,9,4,44.4
7426,2011,6,9,4,44.1
7427,2011,6,9,4,41.1
7428,2011,6,9,3,37.2
7429,2011,6,10,4,44.7
7430,2011,6,10,9,68.1
7431,2011,6,10,6,63
7432,2011,6,10,7,61.6
7433,2011,6,10,8,61.3
7434,2011,6,10,6,56.3
7435,2011,6,10,4,53.7
7436,2011,6,10,5,52.2
7437,2011,6,10,5,51.4
7438,2011,6,10,5,50.6
7439,2011,6,10,4,48.8
7440,2011,6,10,4,48.7
7441,2011,6,10,4,47.5
7442,2011,6,10,4,47.4
7443,2011,6,10,4,47.3
7444,2011,6,10,4,47.2
7445,2011,6,10,4,46.8
7446,2011,6,10,3,46.8
7447,2011,6,10,4,46.5
7448,2011,6,10,4,46.5
7449,2011,6,10,3,46.2
7450,2011,6,10,4,45.6
7451,2011,6,10,4,45.5
7452,2011,6,10,4,45.5
7453,2011,6,10,4,45.3
7454,2011,6,10,4,44.9
7455,2011,6,10,4,44.7
7456,2011,6,10,4,44.6
7457,2011,6,10,4,44.5
7458,2011,6,10,4,44.3
7459,2011,6,10,4,44.2
7460,2011,6,10,4,44.2
7461,2011,6,10,4,44.1
7462,2011,6,10,3,43.8
7463,2011,6,10,3,43.5
7464,2011,6,10,4,43.1
7465,2011,6,10,4,42.8
7466,2011,6,10,3,42.6
7467,2011,6,10,4,42.5
7468,2011,6,10,4,42.3
7469,2011,6,10,4,42.1
7470,2011,6,10,4,41.8
7471,2011,6,10,4,41.7
7472,2011,6,10,4,41.5
7473,2011,6,10,3,41.2
7474,2011,6,10,4,41.1
7475,2011,6,10,4,41
7476,2011,6,10,4,40.8
7477,2011,6,10,4,40.6
7478,2011,6,10,2,40.3
7479,2011,6,10,4,39.5
7480,2011,6,10,3,38.9
7481,2011,6,10,3,38.4
7482,2011,6,10,3,38.3
7483,2011,6,10,4,37.8
7484,2011,6,10,3,37.8
7485,2011,6,10,3,37.3
7486,2011,6,10,3,37.3
7487,2011,6,10,3,37.1
7488,2011,6,10,3,37.1
7489,2011,6,10,3,36.2
7490,2011,6,10,3,35.9
7491,2011,6,10,3,35.8
7492,2011,6,10,3,35.3
7493,2011,6,10,3,35.3
7494,2011,6,10,3,35.1
7495,2011,6,10,3,34.8
7496,2011,6,10,3,34.6
7497,2011,6,10,3,34.2
7498,2011,6,10,3,34
7499,2011,6,10,3,33.8
7500,2011,6,11,10,72.5
7501,2011,6,11,6,64.6
7502,2011,6,11,5,58
7503,2011,6,11,6,56.6
7504,2011,6,11,7,56.4
7505,2011,6,11,4,55
7506,2011,6,11,4,53.3
7507,2011,6,11,4,52.5
7508,2011,6,11,5,50.5
7509,2011,6,11,4,48.8
7510,2011,6,11,3,45.9
7511,2011,6,11,4,45.6
7512,2011,6,11,4,45.5
7513,2011,6,11,5,45
7514,2011,6,11,4,45
7515,2011,6,11,3,44.5
7516,2011,6,11,3,44.5
7517,2011,6,11,4,44.5
7518,2011,6,11,4,43.6
7519,2011,6,11,4,42.8
7520,2011,6,11,3,42.8
7521,2011,6,11,4,42.6
7522,2011,6,11,4,41.9
7523,2011,6,11,4,41.8
7524,2011,6,11,4,41.7
7525,2011,6,11,4,41.6
7526,2011,6,11,4,41.3
7527,2011,6,11,4,40.7
7528,2011,6,11,4,40.6
7529,2011,6,11,4,40.5
7530,2011,6,11,4,40.5
7531,2011,6,11,4,40.2
7532,2011,6,11,4,40.2
7533,2011,6,11,3,39.7
7534,2011,6,11,4,39.5
7535,2011,6,11,4,39.5
7536,2011,6,11,4,38.8
7537,2011,6,11,3,37.1
7538,2011,6,11,3,37.1
7539,2011,6,11,3,36.9
7540,2011,6,11,3,36.6
7541,2011,6,11,3,36.4
7542,2011,6,11,3,35.8
7543,2011,6,11,3,35.3
7544,2011,6,11,3,35.3
7545,2011,6,11,3,35
7546,2011,6,11,3,33.6
7547,2011,6,12,11,77.1
7548,2011,6,12,6,60.7
7549,2011,6,12,4,50.3
7550,2011,6,12,4,50.1
7551,2011,6,12,4,49.7
7552,2011,6,12,4,48.9
7553,2011,6,12,4,48.2
7554,2011,6,12,4,46
7555,2011,6,12,4,45.8
7556,2011,6,12,4,45.5
7557,2011,6,12,4,45.2
7558,2011,6,12,4,44.7
7559,2011,6,12,4,44.2
7560,2011,6,12,4,44.2
7561,2011,6,12,4,43.6
7562,2011,6,12,4,43.5
7563,2011,6,12,4,43.5
7564,2011,6,12,4,43.2
7565,2011,6,12,4,43.1
7566,2011,6,12,4,42.9
7567,2011,6,12,4,42.3
7568,2011,6,12,4,42
7569,2011,6,12,3,41.9
7570,2011,6,12,4,41.4
7571,2011,6,12,4,41
7572,2011,6,12,4,40.9
7573,2011,6,12,4,40.6
7574,2011,6,12,4,40.5
7575,2011,6,12,4,39.4
7576,2011,6,12,4,39.3
7577,2011,6,12,3,39
7578,2011,6,12,3,38.3
7579,2011,6,12,3,37.7
7580,2011,6,12,3,37.5
7581,2011,6,12,3,37.4
7582,2011,6,12,3,37.3
7583,2011,6,12,3,37.2
7584,2011,6,12,3,37.2
7585,2011,6,12,3,37.1
7586,2011,6,12,3,37
7587,2011,6,12,3,37
7588,2011,6,12,3,36.8
7589,2011,6,12,3,36.6
7590,2011,6,12,3,36.3
7591,2011,6,12,3,36.3
7592,2011,6,12,3,36.3
7593,2011,6,12,3,36.2
7594,2011,6,12,3,36.1
7595,2011,6,12,3,36
7596,2011,6,12,3,35.9
7597,2011,6,12,3,35.8
7598,2011,6,12,4,35.8
7599,2011,6,12,3,35.4
7600,2011,6,12,3,35.3
7601,2011,6,12,3,35.1
7602,2011,6,12,3,35
7603,2011,6,12,3,34.9
7604,2011,6,12,3,34.2
7605,2011,6,12,3,34.1
7606,2011,6,12,3,33.6
7607,2011,6,12,3,33.5
7608,2011,6,12,3,32.6
7609,2011,6,12,3,32.2
7610,2011,6,13,4,49.2
7611,2011,6,13,4,43
7612,2011,6,13,4,41
7613,2011,6,13,4,41
7614,2011,6,13,3,36.5
7615,2011,6,14,9,66.3
7616,2011,6,14,9,65.9
7617,2011,6,14,9,65.5
7618,2011,6,14,3,42.7
7619,2011,6,14,4,41.1
7620,2011,6,14,4,40.5
7621,2011,6,14,3,37.6
7622,2011,6,14,3,37.2
7623,2011,6,14,3,36.8
7624,2011,6,14,3,36.5
7625,2011,6,14,3,36.5
7626,2011,6,14,3,35.6
7627,2011,6,14,3,33
7628,2011,6,15,4,41.2
7629,2011,6,15,3,35.2
7630,2011,6,15,3,33.4
7631,2011,6,16,4,45.6
7632,2011,6,17,4,47.8
7633,2011,6,17,3,45.1
7634,2011,6,17,3,36.6
7635,2011,6,17,3,35.3
7636,2011,6,17,2,23.9
7637,2011,6,18,5,55.5
7638,2011,6,18,4,39.4
7639,2011,6,23,4,40.5
7640,2011,6,23,3,40.2
7641,2011,6,24,7,66.5
7642,2011,6,24,7,59.8
7643,2011,6,24,6,58.2
7644,2011,6,24,4,46.8
7645,2011,6,24,4,42
7646,2011,6,24,3,36.8
7647,2011,6,24,3,36.2
7648,2011,6,24,3,35.2
7649,2011,6,24,3,34.6
7650,2011,6,24,2,27.1
7651,2011,6,25,7,61.5
7652,2011,6,25,6,58.6
7653,2011,6,25,5,55.3
7654,2011,6,25,6,54.5
7655,2011,6,25,4,48
7656,2011,6,25,4,43.5
7657,2011,6,25,4,41.7
7658,2011,6,25,3,40.9
7659,2011,6,25,4,40.5
7660,2011,6,25,4,39.2
7661,2011,6,25,3,37.9
7662,2011,6,25,3,37.9
7663,2011,6,25,3,37.5
7664,2011,6,25,3,37.3
7665,2011,6,25,3,36.6
7666,2011,6,25,3,36.4
7667,2011,6,25,3,34.7
7668,2011,6,25,3,34.3
7669,2011,6,25,4,34
7670,2011,6,25,3,33.6
7671,2011,6,25,3,32.8
7672,2011,6,25,2,25.8
7673,2011,6,25,2,24.4
7674,2011,6,25,2,20
7675,2011,6,26,3,35.8
7676,2011,6,27,7,60.4
7677,2011,6,28,3,43.8
7678,2011,6,30,6,64
7679,2011,6,30,6,55.9
7680,2011,6,30,6,52.4
7681,2011,6,30,4,43.7
7682,2011,6,30,4,39
7683,2011,6,30,2,36.2
7684,2011,6,30,3,36
7685,2011,6,30,3,35.9
7686,2011,6,30,3,35.1
7687,2011,6,30,3,35
7688,2011,6,30,3,33.1
7689,2012,6,3,5,54.8
7690,2012,6,3,3,36.1
7691,2012,6,3,3,34.6
7692,2012,6,3,5,47.5
7693,2012,6,3,4,39.8
7694,2012,6,3,7,61.9
7695,2012,6,3,7,56.2
7696,2012,6,3,4,44.4
7697,2012,6,3,5,47.6
7698,2012,6,5,8,68.5
7699,2012,6,5,7,60.8
7700,2012,6,5,3,35.5
7701,2012,6,5,5,55
7702,2012,6,6,3,36.6
7703,2012,6,6,5,44.4
7704,2012,6,6,4,49
7705,2012,6,6,5,47.9
7706,2012,6,6,4,43.4
7707,2012,6,6,5,52.4
7708,2012,6,6,2,25.6
7709,2012,6,8,6,63.3
7710,2012,6,9,6,59.2
7711,2012,6,9,5,46.2
7712,2012,6,10,9,66.4
7713,2012,6,10,9,72
7714,2012,6,10,8,68.8
7715,2012,6,10,9,68.2
7716,2012,6,10,4,40.3
7717,2012,6,10,7,61.1
7718,2012,6,10,8,68.2
7719,2012,6,10,5,46.5
7720,2012,6,10,8,63.9
7721,2012,6,10,5,53.8
7722,2012,6,10,5,49.4
7723,2012,6,10,5,51.3
7724,2012,6,10,5,51.5
7725,2012,6,10,5,55.4
7726,2012,6,10,4,45.5
7727,2012,6,10,5,56.1
7728,2012,6,10,5,55.5
7729,2012,6,10,5,49.5
7730,2012,6,11,9,70.2
7731,2012,6,11,3,34.9
7732,2012,6,11,5,45.6
7733,2012,6,11,4,45.7
7734,2012,6,11,7,63.5
7735,2012,6,11,5,51
7736,2012,6,11,10,70.3
7737,2012,6,11,4,40.3
7738,2012,6,11,4,41.4
7739,2012,6,11,6,54.8
7740,2012,6,11,4,44.8
7741,2012,6,11,3,36.3
7742,2012,6,11,8,64.4
7743,2012,6,11,5,51.2
7744,2012,6,11,5,53.5
7745,2012,6,11,8,62.1
7746,2012,6,11,7,60.4
7747,2012,6,11,5,48.8
7748,2012,6,11,5,48.9
7749,2012,6,11,8,59.1
7750,2012,6,11,5,51
7751,2012,6,11,5,45.6
7752,2012,6,11,6,61.2
7753,2012,6,11,4,40.2
7754,2012,6,11,5,50
7755,2012,6,11,4,45.7
7756,2012,6,11,4,46.6
7757,2012,6,11,4,47.2
7758,2012,6,11,5,51.5
7759,2012,6,11,3,44.6
7760,2012,6,11,3,36
7761,2012,6,11,5,53.5
7762,2012,6,11,5,53.4
7763,2012,6,11,5,66
7764,2012,6,12,5,51.9
7765,2012,6,12,5,52
7766,2012,6,12,5,50.6
7767,2012,6,12,5,50.1
7768,2012,6,12,5,51.4
7769,2012,6,12,4,48.2
7770,2012,6,12,4,46.1
7771,2012,6,12,8,61
7772,2012,6,12,5,41.2
7773,2012,6,12,4,46.5
7774,2012,6,12,8,70
7775,2012,6,12,8,59.3
7776,2012,6,12,7,61.3
7777,2012,6,12,4,46.1
7778,2012,6,12,9,69.5
7779,2012,6,12,7,56.8
7780,2012,6,12,7,58.1
7781,2012,6,12,8,65.4
7782,2012,6,12,7,60.5
7783,2012,6,12,5,48.4
7784,2012,6,12,5,48.5
7785,2012,6,13,6,59.3
7786,2012,6,13,6,56.6
7787,2012,6,13,8,65.8
7788,2012,6,13,5,50.8
7789,2012,6,13,12,71.2
7790,2012,6,13,8,58.6
7791,2012,6,13,10,60.3
7792,2012,6,13,4,42.2
7793,2012,6,13,7,58.1
7794,2012,6,13,4,42.4
7795,2012,6,13,7,58.6
7796,2012,6,13,9,69.4
7797,2012,6,13,7,60.5
7798,2012,6,13,7,58.7
7799,2012,6,13,5,55.1
7800,2012,6,13,3,34
7801,2012,6,13,4,45.6
7802,2012,6,14,9,72.8
7803,2012,6,14,8,60.8
7804,2012,6,14,9,61.4
7805,2012,6,14,9,68.6
7806,2012,6,14,8,65.3
7807,2012,6,14,8,67.2
7808,2012,6,14,7,61.5
7809,2012,6,14,6,60.2
7810,2012,6,14,3,31
7811,2012,6,16,9,68.2
7812,2012,6,16,9,63.1
7813,2012,6,16,9,66.6
7814,2012,6,16,7,65.5
7815,2012,6,17,8,62.4
7816,2012,6,18,7,53
7817,2012,6,21,5,44.8
7818,2012,6,21,2,24.8
7819,2012,6,23,8,64.8
7820,2012,6,24,3,37
7821,2012,6,24,3,35.1
7822,2012,6,24,3,34.2
7823,2012,6,24,8,66.6
7824,2012,6,25,10,65.3
7825,2012,6,25,10,70.5
7826,2012,6,25,10,64.7
7827,2012,6,26,2,24.6
7828,2012,6,26,2,28
7829,2012,6,26,2,27.5
7830,2012,6,26,2,25.5
7831,2012,6,26,2,25.5
7832,2012,6,26,2,27.8
7833,2012,6,26,2,27
7834,2012,6,26,2,26.6
7835,2012,6,26,2,26.4
7836,2012,6,26,2,25.2
7837,2012,6,27,7,58.2
7838,2012,6,27,3,33.8
7839,2012,6,27,2,23.8
7840,2012,5,29,4,43.2
7841,2012,5,29,4,43.4
7842,2012,5,29,4,38
7843,2012,5,29,6,55.3
7844,2012,5,29,3,38.8
7845,2012,5,29,4,40.7
7846,2012,5,29,4,42.6
7847,2012,5,29,4,43.6
7848,2012,5,29,5,47.7
7849,2012,5,29,5,57.1
7850,2012,5,29,5,43.8
7851,2012,5,29,5,44.7
7852,2012,5,29,4,47.3
7853,2012,5,29,4,41.5
7854,2012,5,29,6,54.9
7855,2012,5,29,4,44.4
7856,2012,5,29,5,44.5
7857,2012,5,29,5,48
7858,2012,5,29,4,41.4
7859,2012,5,29,4,42.6
7860,2012,5,29,5,47.3
7861,2012,5,29,4,42.4
7862,2012,5,29,5,46.3
7863,2012,5,29,5,43.8
7864,2012,5,29,3,42.2
7865,2012,5,29,4,41.9
7866,2012,5,29,4,48
7867,2012,5,29,5,45.7
7868,2012,5,29,3,42.9
7869,2012,5,29,4,45.7
7870,2012,5,29,4,40.9
7871,2012,5,29,4,41.4
7872,2012,5,29,4,42.1
7873,2012,5,29,5,47
7874,2012,5,29,4,42.2
7875,2012,5,29,5,47.6
7876,2012,5,29,5,50.7
7877,2012,5,29,4,39.6
7878,2012,5,29,5,52.7
7879,2012,5,29,4,41.5
7880,2012,5,29,9,67.8
7881,2012,5,29,4,40.7
7882,2012,5,29,4,44.3
7883,2012,5,29,4,41.2
7884,2012,5,29,5,46.8
7885,2012,5,29,4,42
7886,2012,5,29,5,42.1
7887,2012,5,29,4,42.3
7888,2012,5,29,5,48.2
7889,2012,5,29,4,39
7890,2012,5,29,4,44.5
7891,2012,5,29,5,49.1
7892,2012,5,29,5,46.3
7893,2012,5,29,4,42.9
7894,2012,5,29,5,48.1
7895,2012,5,29,4,43.4
7896,2012,5,29,4,41.7
7897,2012,5,29,5,43.5
7898,2012,5,29,4,42.4
7899,2012,5,29,5,49.6
7900,2012,5,29,4,43
7901,2012,5,29,4,41.2
7902,2012,5,29,4,43
7903,2012,5,29,5,47.6
7904,2012,5,29,4,43.2
7905,2012,5,29,4,41
7906,2012,5,29,5,47.2
7907,2012,5,29,5,51.8
7908,2012,5,29,5,47.1
7909,2012,5,29,5,50.9
7910,2012,5,29,4,49
7911,2012,5,29,3,33
7912,2012,5,29,5,51.1
7913,2012,5,29,5,57.9
7914,2012,5,30,5,54.8
7915,2012,5,30,5,51.3
7916,2012,5,30,4,41.5
7917,2012,5,30,2,25.4
7918,2012,5,30,2,25.8
7919,2012,5,30,2,25.1
7920,2012,5,30,2,26.8
7921,2012,5,31,5,45.2
7922,2012,5,31,5,60.6
7923,2012,5,31,4,35.1
7924,2012,5,31,2,25.2
7925,2012,6,1,5,50.5
7926,2012,6,1,4,41.9
7927,2012,6,1,5,48.5
7928,2012,6,1,4,41.1
7929,2012,6,1,4,37.4
7930,2012,6,1,4,40.6
7931,2012,6,1,4,44.6
7932,2012,6,1,3,34.6
7933,2012,6,2,4,40.3
7934,2012,6,3,4,40.7
7935,2012,6,3,5,48.3
7936,2012,6,3,5,45.3
7937,2012,6,3,4,47
7938,2012,6,3,3,41.9
7939,2012,6,3,4,41.2
7940,2012,6,3,4,49.2
7941,2012,6,3,5,47.6
7942,2012,6,3,4,42.6
7943,2012,6,3,5,45
7944,2012,6,3,7,57.8
7945,2012,6,3,5,45.7
7946,2012,6,3,4,46.9
7947,2012,6,3,6,59.8
7948,2012,6,3,5,46.1
7949,2012,6,3,5,48.3
7950,2012,6,3,5,46.6
7951,2012,6,3,5,50.8
7952,2012,6,3,4,42.9
7953,2012,6,3,4,44.2
7954,2012,6,3,4,42.4
7955,2012,6,3,4,39.2
7956,2012,6,3,4,43.2
7957,2012,6,3,5,44.8
7958,2012,6,3,5,47.4
7959,2012,6,3,9,70.8
7960,2012,6,3,7,67.7
7961,2012,6,3,8,64.6
7962,2012,6,3,5,50
7963,2012,6,3,7,51.6
7964,2012,6,3,5,52.3
7965,2012,6,3,5,50.1
7966,2012,6,3,4,42
7967,2012,6,3,2,25.3
7968,2012,6,3,3,34.7
7969,2012,6,3,2,30
7970,2012,6,3,5,46.1
7971,2012,6,3,3,34.1
7972,2012,6,3,2,29.2
7973,2012,6,5,4,41.4
7974,2012,6,5,4,43.6
7975,2012,6,5,8,57.6
7976,2012,6,5,3,40.1
7977,2012,6,5,4,43.1
7978,2012,6,5,5,48.3
7979,2012,6,5,4,45.7
7980,2012,6,5,3,37.8
7981,2012,6,5,2,24.3
7982,2012,6,5,4,40.8
7983,2012,6,5,3,34.5
7984,2012,6,7,4,40.2
7985,2012,6,7,4,38
7986,2012,6,8,4,41
7987,2012,6,8,7,54.3
7988,2012,6,9,4,41.6
7989,2012,6,9,3,45.2
7990,2012,6,9,5,46.6
7991,2012,6,9,4,42.1
7992,2012,6,9,5,45.3
7993,2012,6,10,4,41.5
7994,2012,6,10,4,42.4
7995,2012,6,10,5,44
7996,2012,6,10,3,36.1
7997,2012,6,10,4,47.5
7998,2012,6,10,3,34.6
7999,2012,6,10,4,37.9
8000,2012,6,10,4,52.5
8001,2012,6,10,3,34.6
8002,2012,6,10,5,51.2
8003,2012,6,11,8,68
8004,2012,6,11,4,41
8005,2012,6,11,6,58.2
8006,2012,6,11,6,58.8
8007,2012,6,11,5,50
8008,2012,6,11,4,44
8009,2012,6,11,8,66
8010,2012,6,11,5,54.9
8011,2012,6,11,5,46.1
8012,2012,6,11,8,73.3
8013,2012,6,12,6,55
8014,2012,6,12,7,56
8015,2012,6,12,5,46.5
8016,2012,6,12,5,45.8
8017,2012,6,12,5,52
8018,2012,6,12,4,46.7
8019,2012,6,13,4,44.5
8020,2012,6,13,5,50.5
8021,2012,6,13,4,49.3
8022,2012,6,13,8,66
8023,2012,6,13,5,46.4
8024,2012,6,13,5,51.5
8025,2012,6,13,4,44.3
8026,2012,6,13,5,48.8
8027,2012,6,13,4,43.2
8028,2012,6,13,3,40.9
8029,2012,6,13,4,42.5
8030,2012,6,13,4,42.4
8031,2012,6,13,4,47.8
8032,2012,6,13,4,45
8033,2012,6,13,4,40.1
8034,2012,6,13,5,47.7
8035,2012,6,13,3,34.9
8036,2012,6,14,5,47.1
8037,2012,6,14,5,50.2
8038,2012,6,14,5,45.5
8039,2012,6,14,7,62.3
8040,2012,6,14,4,43.6
8041,2012,6,14,5,45.9
8042,2012,6,14,4,45
8043,2012,6,14,5,48.5
8044,2012,6,14,4,38.3
8045,2012,6,14,3,36.2
8046,2012,6,14,6,54.6
8047,2012,6,14,5,53.9
8048,2012,6,14,5,51
8049,2012,6,14,2,24.3
8050,2012,6,14,5,49.9
8051,2012,6,14,2,24.5
8052,2012,6,14,6,53
8053,2012,6,14,2,26.2
8054,2012,6,14,8,60.4
8055,2012,6,14,5,43.7
8056,2012,6,15,4,42
8057,2012,6,15,5,48.1
8058,2012,6,15,4,39.2
8059,2012,6,15,7,60.6
8060,2012,6,15,5,50.2
8061,2012,6,15,6,53.3
8062,2012,6,16,5,50.7
8063,2012,6,16,7,60.8
8064,2012,6,16,9,62.3
8065,2012,6,16,6,57.7
8066,2012,6,16,5,48.2
8067,2012,6,16,5,41.8
8068,2012,6,16,5,50
8069,2012,6,16,5,51.2
8070,2012,6,16,2,25.6
8071,2012,6,16,7,62.4
8072,2012,6,16,4,32.6
8073,2012,6,17,3,34.3
8074,2012,6,17,4,52
8075,2012,6,17,5,52
8076,2012,6,17,5,46.1
8077,2012,6,17,5,50.7
8078,2012,6,17,3,34.3
8079,2012,6,17,5,47.8
8080,2012,6,17,3,35.9
8081,2012,6,17,4,41
8082,2012,6,17,8,63.6
8083,2012,6,17,3,33
8084,2012,6,17,5,52.2
8085,2012,6,17,3,34.5
8086,2012,6,17,3,33.6
8087,2012,6,17,2,23.2
8088,2012,6,17,2,28.2
8089,2012,6,18,5,47.1
8090,2012,6,18,7,62.5
8091,2012,6,18,4,41.3
8092,2012,6,18,6,60
8093,2012,6,18,8,61.3
8094,2012,6,18,8,60.9
8095,2012,6,18,8,63.7
8096,2012,6,18,4,39.2
8097,2012,6,18,9,66.1
8098,2012,6,18,5,45.2
8099,2012,6,18,5,51.9
8100,2012,6,18,3,33.5
8101,2012,6,18,4,37.7
8102,2012,6,19,7,62.4
8103,2012,6,19,4,40.4
8104,2012,6,19,5,48.6
8105,2012,6,19,5,46.8
8106,2012,6,19,3,35.2
8107,2012,6,19,3,32.8
8108,2012,6,19,4,40.5
8109,2012,6,19,5,45.9
8110,2012,6,20,3,36.8
8111,2012,6,20,2,25.3
8112,2012,6,20,2,24.7
8113,2012,6,20,2,26.3
8114,2012,6,20,2,25.8
8115,2012,6,20,2,26.2
8116,2012,6,20,2,25.2
8117,2012,6,20,2,24.6
8118,2012,6,20,2,27.5
8119,2012,6,20,2,26.3
8120,2012,6,20,2,26.3
8121,2012,6,20,3,32.9
8122,2012,6,20,4,41.1
8123,2012,6,20,2,27.3
8124,2012,6,20,2,25.4
8125,2012,6,20,2,25.6
8126,2012,6,20,2,24.2
8127,2012,6,20,2,26.3
8128,2012,6,20,2,24.2
8129,2012,6,20,2,26.3
8130,2012,6,20,2,26.5
8131,2012,6,20,2,22.4
8132,2012,6,20,2,26.6
8133,2012,6,20,2,23.6
8134,2012,6,20,2,26
8135,2012,6,20,2,24.3
8136,2012,6,20,2,25.8
8137,2012,6,20,2,24.4
8138,2012,6,20,2,25.5
8139,2012,6,20,2,24.9
8140,2012,6,20,3,35.9
8141,2012,6,20,3,34.2
8142,2012,6,21,3,34.8
8143,2012,6,21,4,38.6
8144,2012,6,21,5,45
8145,2012,6,21,2,25.4
8146,2012,6,21,3,34.8
8147,2012,6,21,2,25.9
8148,2012,6,21,2,26.6
8149,2012,6,21,2,25.1
8150,2012,6,21,2,27.5
8151,2012,6,21,2,26.6
8152,2012,6,21,2,24.4
8153,2012,6,21,2,25.2
8154,2012,6,21,2,25.3
8155,2012,6,21,2,23.4
8156,2012,6,21,2,26.5
8157,2012,6,21,2,26.5
8158,2012,6,21,2,25.6
8159,2012,6,21,2,25.7
8160,2012,6,21,2,27.2
8161,2012,6,21,2,26.2
8162,2012,6,21,2,22
8163,2012,6,21,5,41.4
8164,2012,6,21,3,35.4
8165,2012,6,21,3,29.1
8166,2012,6,21,2,26.9
8167,2012,6,21,2,28.2
8168,2012,6,21,2,23.9
8169,2012,6,21,2,26.9
8170,2012,6,21,2,25
8171,2012,6,21,2,24.9
8172,2012,6,21,2,22.5
8173,2012,6,21,2,27
8174,2012,6,21,2,24.7
8175,2012,6,21,2,26.8
8176,2012,6,21,2,25.2
8177,2012,6,21,2,26
8178,2012,6,21,2,21.4
8179,2012,6,21,2,27.1
8180,2012,6,22,3,38.6
8181,2012,6,22,3,37.3
8182,2012,6,22,4,37.4
8183,2012,6,22,4,38.1
8184,2012,6,22,5,50.9
8185,2012,6,22,4,40.6
8186,2012,6,22,2,26.3
8187,2012,6,22,2,25.5
8188,2012,6,22,2,28
8189,2012,6,22,2,24.3
8190,2012,6,22,4,38.8
8191,2012,6,22,3,35.4
8192,2012,6,22,2,27.5
8193,2012,6,22,2,26.1
8194,2012,6,22,3,32.9
8195,2012,6,22,2,24.2
8196,2012,6,22,2,26.6
8197,2012,6,22,2,30.1
8198,2012,6,22,2,24.8
8199,2012,6,22,2,28
8200,2012,6,22,2,26.3
8201,2012,6,22,2,24.5
8202,2012,6,22,2,27.9
8203,2012,6,22,2,27.9
8204,2012,6,22,2,25.8
8205,2012,6,22,2,24
8206,2012,6,23,5,52.5
8207,2012,6,23,3,34.1
8208,2012,6,23,2,25.2
8209,2012,6,23,2,23.7
8210,2012,6,23,2,27.4
8211,2012,6,23,3,36
8212,2012,6,23,2,25.3
8213,2012,6,23,2,27.1
8214,2012,6,23,2,25.4
8215,2012,6,23,2,23.5
8216,2012,6,23,2,27.2
8217,2012,6,23,3,31
8218,2012,6,23,4,39.9
8219,2012,6,23,4,42
8220,2012,6,23,5,46
8221,2012,6,23,4,34.6
8222,2012,6,23,3,33.6
8223,2012,6,23,6,55
8224,2012,6,23,5,48.3
8225,2012,6,23,2,26.4
8226,2012,6,23,3,34.6
8227,2012,6,23,4,38.8
8228,2012,6,23,4,40.3
8229,2012,6,23,2,26
8230,2012,6,23,2,21.1
8231,2012,6,23,2,24.5
8232,2012,6,23,2,28.4
8233,2012,6,23,2,27
8234,2012,6,23,2,26.3
8235,2012,6,23,2,24.4
8236,2012,6,24,4,41
8237,2012,6,24,3,38.9
8238,2012,6,24,4,39.1
8239,2012,6,24,4,40.2
8240,2012,6,24,5,41.4
8241,2012,6,24,2,25.7
8242,2012,6,24,2,27
8243,2012,6,24,5,42.1
8244,2012,6,24,4,41
8245,2012,6,24,3,32.6
8246,2012,6,24,3,32.7
8247,2012,6,24,5,47.6
8248,2012,6,24,5,45.6
8249,2012,6,24,2,28.5
8250,2012,6,24,2,21.7
8251,2012,6,24,2,27.2
8252,2012,6,24,2,24.4
8253,2012,6,24,2,26
8254,2012,6,24,2,25.3
8255,2012,6,24,2,26.8
8256,2012,6,24,2,26.6
8257,2012,6,24,2,25.7
8258,2012,6,24,2,25.7
8259,2012,6,24,2,25.3
8260,2012,6,24,2,27.1
8261,2012,6,24,2,28
8262,2012,6,24,2,24.4
8263,2012,6,24,2,24.3
8264,2012,6,24,2,23.1
8265,2012,6,24,2,25.5
8266,2012,6,24,2,26.6
8267,2012,6,24,2,27.1
8268,2012,6,24,2,25.5
8269,2012,6,24,2,25.8
8270,2012,6,24,2,25.7
8271,2012,6,24,2,25.8
8272,2012,6,24,4,38.3
8273,2012,6,24,2,27.7
8274,2012,6,24,4,38.6
8275,2012,6,24,4,43.3
8276,2012,6,24,3,34.1
8277,2012,6,24,2,26.6
8278,2012,6,24,2,26.6
8279,2012,6,24,3,33.7
8280,2012,6,24,3,33.9
8281,2012,6,24,4,38.7
8282,2012,6,24,4,41.8
8283,2012,6,25,4,38.8
8284,2012,6,25,5,46.5
8285,2012,6,25,3,34.2
8286,2012,6,25,2,26
8287,2012,6,25,2,27.6
8288,2012,6,25,2,25.4
8289,2012,6,25,2,24.9
8290,2012,6,25,2,24.4
8291,2012,6,25,2,25.7
8292,2012,6,25,2,25.6
8293,2012,6,25,3,33.6
8294,2012,6,25,2,26.1
8295,2012,6,25,2,25.5
8296,2012,6,25,3,34.9
8297,2012,6,26,7,57
8298,2012,6,26,4,52.2
8299,2012,6,26,7,58.6
8300,2012,6,26,3,35.6
8301,2012,6,26,4,46.3
8302,2012,6,26,5,50.4
8303,2012,6,26,5,50.5
8304,2012,6,26,5,43.6
8305,2012,6,26,4,39.2
8306,2012,6,26,3,34.7
8307,2012,6,27,4,38
8308,2012,6,27,4,42.6
8309,2012,6,27,5,53.5
8310,2012,6,27,4,40.8
8311,2012,6,27,3,34.6
8312,2012,6,27,4,42.8
8313,2012,6,28,9,67.5
8314,2010,6,10,3,36.5
8315,2010,6,10,3,37.8
8316,2013,5,13,3,40.3
8317,2013,5,13,5,46.4
8318,2013,5,13,3,37.9
8319,2013,5,13,4,43.5
8320,2013,5,13,5,53.2
8321,2013,5,13,3,42.1
8322,2013,5,13,3,38.8
8323,2013,5,13,5,46.1
8324,2013,5,13,8,73.2
8325,2013,5,13,3,37.5
8326,2013,5,13,6,56
8327,2013,5,13,3,39
8328,2013,5,13,4,47.6
8329,2013,5,13,5,60.2
8330,2013,5,13,5,54.2
8331,2013,5,13,3,36.3
8332,2013,5,13,3,37.1
8333,2013,5,13,3,38.6
8334,2013,5,13,3,38.5
8335,2013,5,13,6,57.4
8336,2013,5,13,3,39.2
8337,2013,5,13,3,38.9
8338,2013,5,13,4,48.7
8339,2013,5,13,6,53.2
8340,2013,5,13,3,36.7
8341,2013,5,13,3,42.7
8342,2013,5,13,3,35.3
8343,2013,5,13,3,36.1
8344,2013,5,13,3,40.1
8345,2013,5,13,3,37.1
8346,2013,5,13,5,51.2
8347,2013,5,13,3,37.5
8348,2013,5,13,5,48.6
8349,2013,5,13,5,55.5
8350,2013,5,13,5,45.2
8351,2013,5,13,5,43.9
8352,2013,5,13,3,39.5
8353,2013,5,13,6,54.5
8354,2013,5,13,5,45.3
8355,2013,5,13,3,35.5
8356,2013,5,13,6,54.6
8357,2013,5,13,3,39.8
8358,2013,5,13,3,38.9
8359,2013,5,13,6,58.7
8360,2013,5,13,3,38.6
8361,2013,5,13,6,53.1
8362,2013,5,13,3,37.2
8363,2013,5,13,3,40.4
8364,2013,5,13,3,37.2
8365,2013,5,13,4,47.3
8366,2013,5,13,3,37.7
8367,2013,5,13,4,49.3
8368,2013,5,13,3,39
8369,2013,5,13,6,50.1
8370,2013,5,13,10,78.6
8371,2013,5,13,5,51.3
8372,2013,5,13,4,42.7
8373,2013,5,13,5,48.1
8374,2013,5,13,5,50.7
8375,2013,5,13,6,52.8
8376,2013,5,13,5,49.7
8377,2013,5,13,3,35.3
8378,2013,5,13,6,56.9
8379,2013,5,13,3,39
8380,2013,5,13,6,51.2
8381,2013,5,13,5,47.6
8382,2013,5,13,5,48.2
8383,2013,5,13,4,38.4
8384,2013,5,13,5,54.9
8385,2013,5,13,5,47.1
8386,2013,5,13,3,39.2
8387,2013,5,13,3,35.3
8388,2013,5,13,5,47.2
8389,2013,5,13,4,44.4
8390,2013,5,13,4,44.7
8391,2013,5,13,3,37.8
8392,2013,5,13,3,34.8
8393,2013,5,13,3,36.5
8394,2013,5,13,3,38.8
8395,2013,5,13,3,37.1
8396,2013,5,13,4,41.1
8397,2013,5,13,3,40
8398,2013,5,13,10,75.2
8399,2013,5,13,5,52.7
8400,2013,5,13,3,36.8
8401,2013,5,13,5,47.9
8402,2013,5,13,5,49.1
8403,2013,5,13,3,38.3
8404,2013,5,13,3,37.5
8405,2013,5,13,6,55.1
8406,2013,5,13,3,40.4
8407,2013,5,13,5,50.1
8408,2013,5,13,6,56.2
8409,2013,5,13,3,34.7
8410,2013,5,13,6,51.4
8411,2013,5,13,9,78.7
8412,2013,5,13,5,63.5
8413,2013,5,13,6,55.5
8414,2013,5,13,8,72.2
8415,2013,5,13,9,74.5
8416,2013,5,13,6,57.5
8417,2013,5,13,6,60.8
8418,2013,5,13,5,46.3
8419,2013,5,13,5,48.8
8420,2013,5,13,6,55.2
8421,2013,5,13,5,48.8
8422,2013,5,13,4,42.5
8423,2013,5,13,6,57.7
8424,2013,5,13,6,55.1
8425,2013,5,13,5,46
8426,2013,5,13,5,48.5
8427,2013,5,13,5,59
8428,2013,5,13,5,49.3
8429,2013,5,13,6,59
8430,2013,5,13,7,60.4
8431,2013,5,13,6,54.1
8432,2013,5,13,6,52.6
8433,2013,5,13,9,62.8
8434,2013,5,13,9,84.8
8435,2013,5,13,6,63.7
8436,2013,5,13,5,46.5
8437,2013,5,13,6,64.8
8438,2013,5,13,8,75.6
8439,2013,5,13,5,47.9
8440,2013,5,13,6,58.8
8441,2013,5,13,6,53.2
8442,2013,5,13,5,48.3
8443,2013,5,13,5,50.7
8444,2013,5,13,8,67
8445,2013,5,13,4,48.2
8446,2013,5,13,4,44.3
8447,2013,5,13,6,58.2
8448,2013,5,13,5,45.9
8449,2013,5,13,5,51.1
8450,2013,5,13,5,47.3
8451,2013,5,13,5,45.8
8452,2013,5,13,6,56.7
8453,2013,5,13,6,59.6
8454,2013,5,13,5,50
8455,2013,5,13,6,55.5
8456,2013,5,13,5,48.1
8457,2013,5,13,9,76.5
8458,2013,5,13,4,43.3
8459,2013,5,13,5,48.6
8460,2013,5,13,5,47.7
8461,2013,5,13,6,51.7
8462,2013,5,13,4,40.9
8463,2013,5,13,6,55
8464,2013,5,13,5,46.1
8465,2013,5,13,6,59.9
8466,2013,5,13,6,57.9
8467,2013,5,13,6,50.1
8468,2013,5,13,5,46.7
8469,2013,5,13,5,49.6
8470,2013,5,13,6,52.8
8471,2013,5,13,5,51.4
8472,2013,5,13,6,59.8
8473,2013,5,13,5,45.8
8474,2013,5,13,4,41.9
8475,2013,5,13,6,53.3
8476,2013,5,13,5,48.2
8477,2013,5,13,4,42.8
8478,2013,5,13,11,82
8479,2013,5,13,5,43
8480,2013,5,13,6,52.6
8481,2013,5,13,5,49.3
8482,2013,5,13,8,70.2
8483,2013,5,13,5,47.1
8484,2013,5,13,8,61
8485,2013,5,13,4,41.2
8486,2013,5,13,5,47.5
8487,2013,5,13,6,55.5
8488,2013,5,13,6,51
8489,2013,5,13,3,42.3
8490,2013,5,13,3,41.5
8491,2013,5,13,6,52.5
8492,2013,5,13,6,61.8
8493,2013,5,13,9,66.8
8494,2013,5,13,8,72.3
8495,2013,5,13,9,70.5
8496,2013,5,13,5,46.2
8497,2013,5,13,6,51.9
8498,2013,5,13,6,53
8499,2013,5,13,4,41.1
8500,2013,5,13,6,58.6
8501,2013,5,13,3,44.5
8502,2013,5,13,3,44.5
8503,2013,5,13,5,49.2
8504,2013,5,13,6,65.6
8505,2013,5,13,6,56.8
8506,2013,5,13,7,72.4
8507,2013,5,13,6,59.5
8508,2013,5,13,4,45
8509,2013,5,13,6,64.3
8510,2013,5,13,6,49.3
8511,2013,5,13,4,47.1
8512,2013,5,13,5,46.6
8513,2013,5,13,4,46.2
8514,2013,5,13,4,40.3
8515,2013,5,13,5,44.7
8516,2013,5,13,3,39.6
8517,2013,5,13,5,46
8518,2013,5,13,3,43.2
8519,2013,5,13,7,65.9
8520,2013,5,13,5,49.3
8521,2013,5,13,6,49
8522,2013,5,13,5,50.4
8523,2013,5,13,6,52.2
8524,2013,5,13,6,56.4
8525,2013,5,13,9,69.3
8526,2013,5,13,6,58.4
8527,2013,5,13,5,46.3
8528,2013,5,13,5,44.8
8529,2013,5,13,5,50.1
8530,2013,5,13,5,45.9
8531,2013,5,13,5,52.5
8532,2013,5,13,5,51.8
8533,2013,5,13,6,55.5
8534,2013,5,13,6,59.9
8535,2013,5,13,5,48.8
8536,2013,5,13,5,47.3
8537,2013,5,13,5,50.6
8538,2013,5,13,6,54.6
8539,2013,5,13,6,53
8540,2013,5,13,5,49.7
8541,2013,5,13,5,44.6
8542,2013,5,13,5,55
8543,2013,5,13,6,61.4
8544,2013,5,13,5,58.9
8545,2013,5,13,6,56.9
8546,2013,5,13,4,45.5
8547,2013,5,13,6,52.8
8548,2013,5,13,11,83.8
8549,2013,5,13,6,53.8
8550,2013,5,13,6,59.5
8551,2013,5,13,7,68.5
8552,2013,5,13,6,52.9
8553,2013,5,13,6,56.2
8554,2013,5,13,5,48.2
8555,2013,5,13,5,47.9
8556,2013,5,13,6,59.5
8557,2013,5,13,5,50.5
8558,2013,5,13,5,52.6
8559,2013,5,13,6,55.8
8560,2013,5,13,5,47.4
8561,2013,5,13,3,42.2
8562,2013,5,13,6,47.2
8563,2013,5,13,4,42.7
8564,2013,5,13,5,49.4
8565,2013,5,13,5,49.8
8566,2013,5,13,5,48.3
8567,2013,5,13,6,55.3
8568,2013,5,13,6,53.2
8569,2013,5,13,7,62.5
8570,2013,5,13,6,51.8
8571,2013,5,13,5,46.7
8572,2013,5,13,9,72.8
8573,2013,5,13,6,50.5
8574,2013,5,15,11,86
8575,2013,5,15,6,54.8
8576,2013,5,15,3,44.2
8577,2013,5,15,6,56.5
8578,2013,5,15,6,57.7
8579,2013,5,15,6,34.3
8580,2013,5,15,5,53.7
8581,2013,5,15,8,71.8
8582,2013,5,15,4,48.1
8583,2013,5,15,6,58.9
8584,2013,5,15,8,70.8
8585,2013,5,15,8,71
8586,2013,5,15,5,49.4
8587,2013,5,15,6,57.5
8588,2013,5,15,5,49.4
8589,2013,5,15,5,51.1
8590,2013,5,15,7,59.2
8591,2013,5,15,9,73.2
8592,2013,5,15,9,75.2
8593,2013,5,15,5,49.6
8594,2013,5,15,5,51.9
8595,2013,5,15,6,56.5
8596,2013,5,15,5,55.5
8597,2013,5,15,4,43.2
8598,2013,5,15,6,57.1
8599,2013,5,15,5,53.2
8600,2013,5,15,9,69.8
8601,2013,5,15,10,77
8602,2013,5,15,7,64.5
8603,2013,5,15,6,54.5
8604,2013,5,15,6,59.1
8605,2013,5,15,4,46.3
8606,2013,5,15,5,47
8607,2013,5,15,3,40
8608,2013,5,15,3,40.5
8609,2013,5,15,3,39.9
8610,2013,5,15,3,37.6
8611,2013,5,15,4,40.8
8612,2013,5,15,3,36.6
8613,2013,5,15,3,36.5
8614,2013,5,15,6,61.9
8615,2013,5,15,8,74
8616,2013,5,15,6,58
8617,2013,5,15,6,37.4
8618,2013,5,15,6,51
8619,2013,5,15,6,55.4
8620,2013,5,15,5,51
8621,2013,5,15,6,56.8
8622,2013,5,15,3,38.1
8623,2013,5,15,6,57.2
8624,2013,5,15,4,46.8
8625,2013,5,15,3,42.8
8626,2013,5,15,3,39.8
8627,2013,5,15,4,43.8
8628,2013,5,15,6,56
8629,2013,5,15,5,52.1
8630,2013,5,15,5,47.6
8631,2013,5,15,3,36
8632,2013,5,15,5,51.8
8633,2013,5,15,6,60.9
8634,2013,5,15,6,61.5
8635,2013,5,15,3,36.2
8636,2013,5,15,3,36.5
8637,2013,5,15,3,35.7
8638,2013,5,15,5,48.5
8639,2013,5,15,6,53.3
8640,2013,5,15,4,42
8641,2013,5,15,4,48.2
8642,2013,5,15,5,54.8
8643,2013,5,15,5,60.6
8644,2013,5,15,5,49
8645,2013,5,15,6,54.7
8646,2013,5,15,5,48.7
8647,2013,5,15,5,53
8648,2013,5,15,4,32.2
8649,2013,5,15,5,50.2
8650,2013,5,15,8,74.5
8651,2013,5,15,6,60.7
8652,2013,5,15,6,62.1
8653,2013,5,15,5,55.1
8654,2013,5,15,5,56.8
8655,2013,5,15,5,54.2
8656,2013,5,15,7,68.4
8657,2013,5,15,6,56.4
8658,2013,5,15,5,51.6
8659,2013,5,15,5,51.2
8660,2013,5,15,5,49
8661,2013,5,15,6,54.4
8662,2013,5,15,3,37.8
8663,2013,5,15,3,37.7
8664,2013,5,15,6,58
8665,2013,5,15,3,38.3
8666,2013,5,15,3,43.5
8667,2013,5,15,3,41.5
8668,2013,5,15,5,46.5
8669,2013,5,15,5,50.2
8670,2013,5,15,6,60.2
8671,2013,5,15,6,52.3
8672,2013,5,15,3,40.1
8673,2013,5,15,5,45.8
8674,2013,5,15,5,58.8
8675,2013,5,15,6,63
8676,2013,5,15,5,49.9
8677,2013,5,15,4,42.8
8678,2013,5,15,6,53.2
8679,2013,5,15,4,46.3
8680,2013,5,15,6,53
8681,2013,5,15,6,56.6
8682,2013,5,15,4,41.1
8683,2013,5,15,4,51
8684,2013,5,15,6,51.2
8685,2013,5,15,4,39.3
8686,2013,5,15,4,44.6
8687,2013,5,15,3,39.9
8688,2013,5,15,5,61.9
8689,2013,5,15,5,55.2
8690,2013,5,15,6,61.5
8691,2013,5,15,6,60.5
8692,2013,5,15,6,59.5
8693,2013,5,15,4,42
8694,2013,5,15,6,63.3
8695,2013,5,15,6,57.8
8696,2013,5,15,3,43.3
8697,2013,5,15,4,43.2
8698,2013,5,15,6,58.4
8699,2013,5,15,6,55.1
8700,2013,5,15,5,50.5
8701,2013,5,15,5,50.5
8702,2013,5,15,6,56.8
8703,2013,5,15,3,40
8704,2013,5,15,3,41.5
8705,2013,5,15,3,39
8706,2013,5,15,5,49.5
8707,2013,5,15,5,48.2
8708,2013,5,15,3,39.1
8709,2013,5,15,3,39.8
8710,2013,5,15,6,58.5
8711,2013,5,15,5,51.5
8712,2013,5,15,6,58.9
8713,2013,5,15,6,58.8
8714,2013,5,15,6,53.5
8715,2013,5,15,5,51.8
8716,2013,5,15,5,52.4
8717,2013,5,15,3,42.7
8718,2013,5,15,6,52
8719,2013,5,15,5,45.2
8720,2013,5,15,5,48.2
8721,2013,5,15,6,52.9
8722,2013,5,15,5,50.8
8723,2013,5,15,6,53.3
8724,2013,5,15,5,49.1
8725,2013,5,15,5,51.2
8726,2013,5,15,3,39
8727,2013,5,15,6,35.5
8728,2013,5,15,5,50.8
8729,2013,5,15,5,51.4
8730,2013,5,15,5,49.3
8731,2013,5,15,5,50.3
8732,2013,5,15,5,49
8733,2013,5,15,6,54.8
8734,2013,5,15,5,59.5
8735,2013,5,15,5,50.3
8736,2013,5,15,6,54
8737,2013,5,15,4,41.4
8738,2013,5,15,6,55.1
8739,2013,5,15,5,50.2
8740,2013,5,15,6,53.8
8741,2013,5,15,5,49.5
8742,2013,5,15,4,41.7
8743,2013,5,15,3,39.3
8744,2013,5,15,4,42.3
8745,2013,5,15,5,53.5
8746,2013,5,15,6,50.6
8747,2013,5,15,5,48.4
8748,2013,5,15,5,54.7
8749,2013,5,15,6,61.7
8750,2013,5,15,6,56.3
8751,2013,5,15,5,51.5
8752,2013,5,15,5,49.9
8753,2013,5,15,6,58.8
8754,2013,5,15,4,41.6
8755,2013,5,15,4,45.5
8756,2013,5,15,4,44
8757,2013,5,15,6,50.7
8758,2013,5,15,5,47.2
8759,2013,5,15,4,46
8760,2013,5,15,5,58.4
8761,2013,5,15,5,50.4
8762,2013,5,15,6,53.3
8763,2013,5,15,6,58.5
8764,2013,5,15,5,46.6
8765,2013,5,15,6,56.3
8766,2013,5,15,6,54.6
8767,2013,5,15,5,50.7
8768,2013,5,15,6,52.8
8769,2013,5,15,5,50.1
8770,2013,5,15,5,46.1
8771,2013,5,15,4,41.8
8772,2013,5,15,6,47.9
8773,2013,5,15,4,43
8774,2013,5,15,3,38.1
8775,2013,5,15,6,57.6
8776,2013,5,15,6,51.5
8777,2013,5,15,5,50.4
8778,2013,5,15,7,66.1
8779,2013,5,15,6,56.5
8780,2013,5,15,5,45.8
8781,2013,5,15,4,42.3
8782,2013,5,15,3,40
8783,2013,5,15,3,40.8
8784,2013,5,15,6,51.2
8785,2013,5,15,5,35.5
8786,2013,5,15,6,54.5
8787,2013,5,15,5,51.1
8788,2013,5,15,5,48.1
8789,2013,5,15,6,61
8790,2013,5,15,4,46.1
8791,2013,5,15,6,55.2
8792,2013,5,15,4,47.3
8793,2013,5,15,5,55.7
8794,2013,5,15,4,44.5
8795,2013,5,15,4,45.3
8796,2013,5,15,6,57.9
8797,2013,5,15,5,47.4
8798,2013,5,15,5,48.1
8799,2013,5,15,6,56.1
8800,2013,5,15,5,50.2
8801,2013,5,15,5,48.5
8802,2013,5,15,5,50
8803,2013,5,15,4,45.7
8804,2013,5,15,4,44.3
8805,2013,5,15,6,55.9
8806,2013,5,15,6,59.2
8807,2013,5,15,5,49.8
8808,2013,5,15,4,49.4
8809,2013,5,15,5,50.5
8810,2013,5,15,4,43.6
8811,2013,5,15,6,58.2
8812,2013,5,15,5,49.4
8813,2013,5,15,6,55.5
8814,2013,5,15,6,59.1
8815,2013,5,15,5,54.1
8816,2013,5,17,6,60.5
8817,2013,5,17,6,62.4
8818,2013,5,17,6,56.4
8819,2013,5,17,4,48.4
8820,2013,5,17,5,49.3
8821,2013,5,17,5,57.6
8822,2013,5,17,5,48.1
8823,2013,5,17,5,46.3
8824,2013,5,17,5,55.3
8825,2013,5,17,6,57.2
8826,2013,5,17,3,41.6
8827,2013,5,17,4,43.6
8828,2013,5,17,3,41.4
8829,2013,5,17,3,39.3
8830,2013,5,17,4,43.7
8831,2013,5,17,3,41.6
8832,2013,5,17,3,40.5
8833,2013,5,17,3,41
8834,2013,5,17,3,36.2
8835,2013,5,17,3,38.1
8836,2013,5,17,5,52.1
8837,2013,5,17,6,60
8838,2013,5,17,5,52.8
8839,2013,5,17,6,54.2
8840,2013,5,17,6,56
8841,2013,5,17,6,61.1
8842,2013,5,17,4,49.9
8843,2013,5,17,6,60.5
8844,2013,5,17,6,60.4
8845,2013,5,17,5,49.7
8846,2013,5,17,5,51.4
8847,2013,5,17,7,54.6
8848,2013,5,17,4,44.2
8849,2013,5,17,6,57
8850,2013,5,17,5,52.2
8851,2013,5,17,4,44
8852,2013,5,17,5,48.5
8853,2013,5,17,6,57.1
8854,2013,5,17,5,49.5
8855,2013,5,17,3,40.6
8856,2013,5,17,5,50
8857,2013,5,17,6,54.5
8858,2013,5,17,6,54
8859,2013,5,17,5,50.6
8860,2013,5,17,5,47.5
8861,2013,5,17,4,46.1
8862,2013,5,17,4,44.3
8863,2013,5,17,4,42
8864,2013,5,17,6,38.1
8865,2013,5,17,5,48.9
8866,2013,5,17,5,53.8
8867,2013,5,17,4,50.4
8868,2013,5,17,6,55.7
8869,2013,5,17,4,46.5
8870,2013,5,17,4,44.5
8871,2013,5,17,4,41.7
8872,2013,5,17,4,41.8
8873,2013,5,17,5,59.2
8874,2013,5,17,5,46.6
8875,2013,5,17,6,57.4
8876,2013,5,17,5,50.2
8877,2013,5,17,5,45.9
8878,2013,5,17,4,44.3
8879,2013,5,17,6,56.2
8880,2013,5,17,5,48.5
8881,2013,5,17,6,59
8882,2013,5,17,5,55.5
8883,2013,5,17,4,51.5
8884,2013,5,17,6,62.2
8885,2013,5,17,4,43.1
8886,2013,5,17,3,39.7
8887,2013,5,17,4,48.1
8888,2013,5,17,3,41.3
8889,2013,5,17,5,52.5
8890,2013,5,17,4,42.8
8891,2013,5,17,5,48.9
8892,2013,5,17,4,45.9
8893,2013,5,17,3,41.4
8894,2013,5,17,5,55.2
8895,2013,5,17,4,40
8896,2013,5,17,4,45.5
8897,2013,5,17,4,46.1
8898,2013,5,17,5,45.8
8899,2013,5,17,4,43
8900,2013,5,17,4,45
8901,2013,5,17,6,57.2
8902,2013,5,17,6,63.4
8903,2013,5,17,6,59.4
8904,2013,5,17,6,52.4
8905,2013,5,17,5,53.6
8906,2013,5,17,5,55.7
8907,2013,5,17,5,53.3
8908,2013,5,17,3,40.6
8909,2013,5,17,5,47.6
8910,2013,5,17,5,48.7
8911,2013,5,17,6,51
8912,2013,5,17,3,38.5
8913,2013,5,17,3,42.4
8914,2013,5,17,3,40.5
8915,2013,5,17,4,45.5
8916,2013,5,17,4,49.6
8917,2013,5,17,5,49.2
8918,2013,5,17,6,53.6
8919,2013,5,17,5,48.5
8920,2013,5,17,5,48
8921,2013,5,17,3,42.7
8922,2013,5,17,3,40.7
8923,2013,5,17,5,48.6
8924,2013,5,17,3,41
8925,2013,5,17,4,42.9
8926,2013,5,17,5,51.5
8927,2013,5,17,4,42.8
8928,2013,5,17,3,42.5
8929,2013,5,17,4,44.5
8930,2013,5,17,3,38.7
8931,2013,5,17,3,38.6
8932,2013,5,17,3,41.6
8933,2013,5,17,3,38.2
8934,2013,5,17,3,38.8
8935,2013,5,17,5,50
8936,2013,5,17,4,43.5
8937,2013,5,17,3,42
8938,2013,5,17,5,47.7
8939,2013,5,17,4,40.7
8940,2013,5,17,4,42.1
8941,2013,5,17,5,53.9
8942,2013,5,17,3,41.2
8943,2013,5,17,5,44.8
8944,2013,5,17,5,52.9
8945,2013,5,17,5,48
8946,2013,5,17,5,52.1
8947,2013,5,17,3,42
8948,2013,5,17,5,53.9
8949,2013,5,17,5,49.9
8950,2013,5,17,4,41.8
8951,2013,5,17,4,45
8952,2013,5,17,5,48.6
8953,2013,5,17,5,56.2
8954,2013,5,17,5,46.3
8955,2013,5,17,5,47.5
8956,2013,5,17,4,49.4
8957,2013,5,17,5,49.7
8958,2013,5,17,4,40.5
8959,2013,5,17,5,47.1
8960,2013,5,17,5,46.4
8961,2013,5,17,3,41.6
8962,2013,5,17,4,43.9
8963,2013,5,17,5,50.7
8964,2013,5,21,5,48.5
8965,2013,5,21,4,42.2
8966,2013,5,21,4,48.9
8967,2013,5,21,4,45.6
8968,2013,5,21,3,36
8969,2013,5,21,3,39.7
8970,2013,5,21,5,48.1
8971,2013,5,21,5,48.1
8972,2013,5,21,5,49.2
8973,2013,5,21,5,52.5
8974,2013,5,21,3,36.8
8975,2013,5,21,5,49.2
8976,2013,5,21,5,47.5
8977,2013,5,21,3,42.3
8978,2013,5,21,6,59.5
8979,2013,5,21,4,44.1
8980,2013,5,21,4,44.6
8981,2013,5,21,3,41.1
8982,2013,5,21,4,43.4
8983,2013,5,21,4,44.9
8984,2013,5,21,4,42.4
8985,2013,5,21,5,53.3
8986,2013,5,21,5,49
8987,2013,5,21,5,52.6
8988,2013,5,21,3,37.6
8989,2013,5,21,5,53.7
8990,2013,5,21,5,53.3
8991,2013,5,21,6,54.2
8992,2013,5,21,6,61.6
8993,2013,5,21,4,44.2
8994,2013,5,21,3,40.7
8995,2013,5,21,4,48.9
8996,2013,5,21,4,41.8
8997,2013,5,21,6,64.5
8998,2013,5,21,4,42
8999,2013,5,21,4,50.1
9000,2013,5,21,3,40.4
9001,2013,5,21,5,53.5
9002,2013,5,21,3,40.3
9003,2013,5,21,4,45.9
9004,2013,5,21,5,51.4
9005,2013,5,21,4,43.3
9006,2013,5,21,5,50.1
9007,2013,5,21,4,44.2
9008,2013,5,21,5,51.9
9009,2013,5,21,6,58.6
9010,2013,5,21,5,47.2
9011,2013,5,21,5,51.2
9012,2013,5,21,5,45.1
9013,2013,5,21,3,42.1
9014,2013,5,21,4,45.4
9015,2013,5,21,4,42.7
9016,2013,5,21,3,40.6
9017,2013,5,21,4,43.5
9018,2013,5,21,5,45.8
9019,2013,5,21,3,41.8
9020,2013,5,21,4,45.7
9021,2013,5,21,4,44.5
9022,2013,6,12,11,72.4
9023,2013,6,12,10,67.7
9024,2013,6,12,5,48.9
9025,2013,6,13,8,54.5
9026,2013,6,13,10,69
9027,2014,5,9,4,42.7
9028,2014,5,9,4,39.6
9029,2014,5,9,4,44
9030,2014,5,9,4,44.1
9031,2014,5,9,4,43.7
9032,2014,5,9,7,59.8
9033,2014,5,9,4,41.4
9034,2014,5,9,4,44.1
9035,2014,5,9,4,43.5
9036,2014,5,9,4,44.9
9037,2014,5,9,4,43.3
9038,2014,5,9,4,42.2
9039,2014,5,9,4,43.2
9040,2014,5,14,4,35.6
9041,2014,5,14,5,52.3
9042,2014,5,14,5,53
9043,2014,5,15,4,38.9
9044,2014,5,15,4,42.5
9045,2014,5,15,4,41.7
9046,2014,5,15,5,53.9
9047,2014,5,15,5,54.5
9048,2014,5,15,3,41.4
9049,2014,5,15,4,44.5
9050,2014,5,15,4,42.9
9051,2014,5,15,4,49.6
9052,2014,5,15,4,43
9053,2014,5,15,4,46
9054,2014,5,16,4,42
9055,2014,5,16,4,44.5
9056,2014,5,16,4,42
9057,2014,5,16,5,48.5
9058,2014,5,16,6,53.5
9059,2014,5,16,6,50.5
9060,2014,5,16,7,60.2
9061,2014,5,16,4,46
9062,2014,5,16,7,58.5
9063,2014,5,16,4,45
9064,2014,5,16,4,42
9065,2014,5,16,4,44.8
9066,2014,5,16,7,58.7
9067,2014,5,16,4,47
9068,2014,5,16,4,43.8
9069,2014,5,16,4,40
9070,2014,5,20,13,86.2
9071,2014,5,20,9,67
9072,2014,5,20,4,43.1
9073,2014,5,20,4,44.4
9074,2014,5,20,4,40.3
9075,2014,5,22,4,46.3
9076,2014,5,22,4,40.1
9077,2014,5,22,4,44.9
9078,2014,5,22,4,43
9079,2014,5,22,4,42.1
9080,2014,5,22,4,45.6
9081,2014,5,22,4,43.2
9082,2014,5,22,4,50
9083,2014,5,22,4,43.6
9084,2014,5,22,4,45.6
9085,2014,5,22,4,41.6
9086,2014,5,22,4,46
9087,2014,5,22,5,46.3
9088,2014,5,22,4,39.9
9089,2014,5,22,9,67
9090,2014,5,22,7,60.6
9091,2014,5,23,5,51.4
9092,2014,5,23,4,45.7
9093,2014,5,23,4,39.4
9094,2014,5,23,5,43.3
9095,2014,5,23,7,51.1
9096,2014,5,23,5,48.5
9097,2014,5,23,4,40.1
9098,2014,5,23,4,45.8
9099,2014,5,23,4,44
9100,2014,5,23,3,35.2
9101,2014,5,23,4,42.9
9102,2014,5,23,6,54.4
9103,2014,5,23,4,44.8
9104,2014,5,23,4,44.4
9105,2014,5,23,4,41.9
9106,2014,5,23,4,43.1
9107,2014,5,23,6,60
9108,2014,5,23,4,45.8
9109,2014,5,23,4,41.6
9110,2014,5,23,4,44.8
9111,2014,5,26,7,53.7
9112,2014,5,26,4,45.4
9113,2014,5,26,4,45.8
9114,2014,5,26,7,53
9115,2014,5,26,4,44.8
9116,2014,5,26,4,46.2
9117,2014,5,26,4,41.8
9118,2014,5,26,6,53.5
9119,2014,5,26,4,46.5
9120,2014,5,26,5,50.4
9121,2014,5,26,4,44.4
9122,2014,5,26,9,76.2
9123,2014,5,28,4,46.5
9124,2014,5,28,6,51.9
9125,2014,5,28,4,45.3
9126,2014,5,28,4,44.4
9127,2014,5,28,4,43.3
9128,2014,5,28,4,46.5
9129,2014,5,28,4,42.6
9130,2014,5,28,9,69.1
9131,2014,5,28,4,44.5
9132,2014,5,28,6,51.6
9133,2014,5,28,6,56.8
9134,2014,5,28,5,48.8
9135,2014,5,28,7,60.7
9136,2014,5,28,7,62.9
9137,2014,5,28,6,57
9138,2014,5,28,4,41
9139,2014,5,28,4,46.9
9140,2014,5,28,7,58
9141,2014,5,28,4,41
9142,2014,5,28,9,68
9143,2014,5,28,4,45.8
9144,2014,5,28,4,43.9
9145,2014,5,28,6,50.4
9146,2014,5,28,4,40.1
9147,2014,5,28,4,43.8
9148,2014,5,28,10,73.1
9149,2014,5,28,7,54.4
9150,2014,5,28,4,41.6
9151,2014,5,28,7,59
9152,2014,5,28,6,51.3
9153,2014,5,29,7,59.2
9154,2014,5,29,7,60.6
9155,2014,5,29,4,46.1
9156,2014,5,29,4,44.1
9157,2014,5,29,4,42.1
9158,2014,5,29,7,63.5
9159,2014,5,29,8,68.1
9160,2014,5,29,6,50.2
9161,2014,5,29,7,57.9
9162,2014,5,29,7,62.8
9163,2014,5,29,6,52.6
9164,2014,6,1,4,46.3
9165,2014,6,1,4,42.6
9166,2014,6,1,3,36.3
9167,2014,6,1,6,50.8
9168,2014,6,1,4,42.2
9169,2014,6,1,4,40
9170,2014,6,1,7,55
9171,2014,6,1,6,51.1
9172,2014,6,1,7,57.8
9173,2014,6,1,4,43.1
9174,2014,6,1,7,50.4
9175,2014,6,1,7,53.8
9176,2014,6,1,7,59.5
9177,2014,6,1,4,40.6
9178,2014,6,1,4,43.3
9179,2014,6,1,10,71.8
9180,2014,6,1,6,48.8
9181,2014,6,1,6,56.1
9182,2014,6,1,4,45
9183,2014,6,1,4,42.9
9184,2014,6,1,4,41.7
9185,2014,6,1,4,42
9186,2014,6,1,6,53.8
9187,2014,6,1,7,52.8
9188,2014,6,1,6,53.4
9189,2014,6,1,4,41.7
9190,2014,6,1,10,62.4
9191,2014,6,1,5,47.8
9192,2014,6,1,5,47.1
9193,2014,6,1,7,62.5
9194,2014,6,2,4,42.1
9195,2014,6,2,4,41.5
9196,2014,6,2,4,45.6
9197,2014,6,2,5,45.3
9198,2014,6,2,3,36.6
9199,2014,6,2,4,39.3
9200,2014,6,2,6,57.5
9201,2014,6,2,6,59.9
9202,2014,6,2,3,46.6
9203,2014,6,2,4,41.8
9204,2014,6,2,4,41.2
9205,2014,6,2,4,44.3
9206,2014,6,2,4,41.5
9207,2014,6,2,7,62.5
9208,2014,6,2,4,42.4
9209,2014,6,2,4,43.3
9210,2014,6,2,4,43.2
9211,2014,6,2,4,41
9212,2014,6,2,6,54
9213,2014,6,2,4,40.7
9214,2014,6,2,4,44.6
9215,2014,6,2,4,43.2
9216,2014,6,2,4,43.9
9217,2014,6,2,6,57.5
9218,2014,6,2,4,41.4
9219,2014,6,2,6,53
9220,2014,6,2,4,43.5
9221,2014,6,2,4,48.1
9222,2014,6,2,6,59.4
9223,2014,6,2,4,45.2
9224,2014,6,2,4,42.9
9225,2014,6,2,4,40.5
9226,2014,6,2,4,44.9
9227,2014,6,2,4,42.4
9228,2014,6,2,6,53.1
9229,2014,6,2,4,39.4
9230,2014,6,2,4,43.2
9231,2014,6,2,6,52.9
9232,2014,6,2,4,46.2
9233,2014,6,2,7,62.1
9234,2014,6,2,4,42.6
9235,2014,6,2,4,42.6
9236,2014,6,2,5,39
9237,2014,6,2,6,55
9238,2014,6,2,4,40.8
9239,2014,6,2,4,40.8
9240,2014,6,2,5,48.1
9241,2014,6,2,6,58.8
9242,2014,6,2,6,50
9243,2014,6,2,4,40
9244,2014,6,2,4,41.8
9245,2014,6,2,5,47.7
9246,2014,6,2,4,45.8
9247,2014,6,2,4,41.3
9248,2014,6,2,6,52.6
9249,2014,6,2,4,45.6
9250,2014,6,2,3,39
9251,2014,6,2,4,42.1
9252,2014,6,2,5,49.9
9253,2014,6,2,6,42.2
9254,2014,6,2,4,42.8
9255,2014,6,2,4,43.9
9256,2014,6,3,4,42.7
9257,2014,6,3,4,43.6
9258,2014,6,3,5,48.1
9259,2014,6,3,4,43.4
9260,2014,6,3,6,50.5
9261,2014,6,3,4,46.1
9262,2014,6,3,5,46.5
9263,2014,6,3,5,48.4
9264,2014,6,3,5,55.4
9265,2014,6,3,4,45.2
9266,2014,6,3,3,34.4
9267,2014,6,3,4,45.1
9268,2014,6,3,4,43.5
9269,2014,6,3,3,35.9
9270,2014,6,3,3,39
9271,2014,6,3,6,53.6
9272,2014,6,3,5,46.5
9273,2014,6,3,3,38.2
9274,2014,6,3,4,44.3
9275,2014,6,3,4,43
9276,2014,6,3,4,46.5
9277,2014,6,3,4,42.5
9278,2014,6,3,4,42
9279,2014,6,3,4,44.6
9280,2014,6,3,4,43
9281,2014,6,3,4,47
9282,2014,6,3,4,42.9
9283,2014,6,3,5,49.3
9284,2014,6,3,4,41.6
9285,2014,6,3,4,43.8
9286,2014,6,3,4,41.4
9287,2014,6,3,5,50.3
9288,2014,6,3,4,42.3
9289,2014,6,3,4,51.8
9290,2014,6,3,4,46.1
9291,2014,6,3,7,54.4
9292,2014,6,3,4,43.6
9293,2014,6,3,4,40.9
9294,2014,6,3,5,45.6
9295,2014,6,3,5,49.6
9296,2014,6,3,7,58.2
9297,2014,6,3,4,42.5
9298,2014,6,3,4,41.6
9299,2014,6,3,4,44.8
9300,2014,6,3,3,38.6
9301,2014,6,3,4,40.8
9302,2014,6,3,4,45.9
9303,2014,6,3,3,35
9304,2014,6,3,4,43.4
9305,2014,6,3,3,39.2
9306,2014,6,3,4,44.2
9307,2014,6,3,4,45.3
9308,2014,6,3,4,46.5
9309,2014,6,3,4,44.5
9310,2014,6,3,4,44.3
9311,2014,6,3,4,44.6
9312,2014,6,3,6,50.3
9313,2014,6,3,4,43
9314,2014,6,3,4,43.7
9315,2014,6,4,4,45.7
9316,2014,6,4,6,52.4
9317,2014,6,4,6,56
9318,2014,6,4,7,64.3
9319,2014,6,4,4,47.7
9320,2014,6,4,4,45.3
9321,2014,6,4,6,51.6
9322,2014,6,4,4,47.6
9323,2014,6,4,7,61
9324,2014,6,4,4,41.7
9325,2014,6,4,4,44.2
9326,2014,6,4,4,40.6
9327,2014,6,4,4,43.2
9328,2014,6,4,3,36
9329,2014,6,5,6,56.8
9330,2014,6,5,4,43.2
9331,2014,6,5,4,42.9
9332,2014,6,5,3,34.9
9333,2014,6,5,4,41.7
9334,2014,6,5,6,51.5
9335,2014,6,5,7,56.5
9336,2014,6,5,7,54.1
9337,2014,6,5,5,47.8
9338,2014,6,5,4,44.5
9339,2014,6,5,4,50.1
9340,2014,6,5,5,51.1
9341,2014,6,5,4,56.9
9342,2014,6,5,7,64.9
9343,2014,6,5,5,51.6
9344,2014,6,5,6,55.7
9345,2014,6,5,7,66.8
9346,2014,6,5,8,63.8
9347,2014,6,5,7,57.6
9348,2014,6,5,4,42.5
9349,2014,6,5,4,45.4
9350,2014,6,5,4,41.9
9351,2014,6,5,5,45.4
9352,2014,6,5,4,45.8
9353,2014,6,5,5,48.5
9354,2014,6,5,4,43.3
9355,2014,6,5,4,42.6
9356,2014,6,5,4,44.3
9357,2014,6,5,5,49.7
9358,2014,6,5,4,51.4
9359,2014,6,5,5,49.8
9360,2014,6,5,6,57.3
9361,2014,6,5,6,52.5
9362,2014,6,5,8,65.3
9363,2014,6,5,7,57.7
9364,2014,6,5,4,46.9
9365,2014,6,5,7,56.7
9366,2014,6,5,7,60.8
9367,2014,6,5,6,50.7
9368,2014,6,5,7,60
9369,2014,6,5,6,51.7
9370,2014,6,5,5,48.4
9371,2014,6,5,4,43.5
9372,2014,6,5,6,50.9
9373,2014,6,5,4,45
9374,2014,6,5,6,51.7
9375,2014,6,5,4,40.2
9376,2014,6,5,7,52
9377,2014,6,5,4,43.4
9378,2014,6,5,4,46.5
9379,2014,6,5,6,53.7
9380,2014,6,5,7,65.9
9381,2014,6,5,13,80.6
9382,2014,6,5,7,57.7
9383,2014,6,5,13,82
9384,2014,6,5,3,36.1
9385,2014,6,5,7,64.5
9386,2014,6,5,4,44.6
9387,2014,6,5,4,44.9
9388,2014,6,5,7,62.3
9389,2014,6,5,4,44.3
9390,2014,6,9,3,36.7
9391,2014,6,9,3,35.6
9392,2014,6,9,4,45.3
9393,2014,6,9,4,49.2
9394,2014,6,9,4,44.7
9395,2014,6,9,6,52.3
9396,2014,6,9,4,46.1
9397,2014,6,9,7,53.7
9398,2014,6,9,5,44.9
9399,2014,6,9,4,43.7
9400,2014,6,9,4,41.8
9401,2014,6,9,4,45
9402,2014,6,9,4,40.7
9403,2014,6,9,6,53.5
9404,2014,6,9,7,63
9405,2014,6,9,7,55.3
9406,2014,6,9,5,58
9407,2014,6,9,7,58.1
9408,2014,6,9,4,45.2
9409,2014,6,9,3,36.2
9410,2014,6,9,4,41.6
9411,2014,6,9,3,33.3
9412,2014,6,9,5,42.4
9413,2014,6,9,3,32.5
9414,2014,6,9,4,42.4
9415,2014,6,9,3,34.8
9416,2014,6,9,4,41.4
9417,2014,6,9,3,39.1
9418,2014,6,9,3,44.1
9419,2014,6,9,4,40.8
9420,2014,6,9,4,37.1
9421,2014,6,9,4,31.7
9422,2014,6,10,4,43
9423,2014,6,10,3,47.4
9424,2014,6,10,4,38.5
9425,2014,6,10,4,49.4
9426,2014,6,10,4,44.2
9427,2014,6,10,4,45.5
9428,2014,6,10,4,43.7
9429,2014,6,10,7,59.9
9430,2014,6,10,3,38.4
9431,2014,6,10,4,45.5
9432,2014,6,10,4,43.2
9433,2014,6,10,4,43
9434,2014,6,10,6,63.2
9435,2014,6,10,4,45.8
9436,2014,6,10,4,42.8
9437,2014,6,10,4,41.5
9438,2014,6,10,3,37.9
9439,2014,6,10,6,52
9440,2014,6,10,4,40.3
9441,2014,6,10,4,42.6
9442,2014,6,11,5,50.4
9443,2014,6,11,5,47.4
9444,2014,6,11,3,37.1
9445,2014,6,11,4,40
9446,2014,6,11,7,55.3
9447,2014,6,11,6,61.1
9448,2014,6,11,4,44.7
9449,2014,6,11,4,45.3
9450,2014,6,11,3,37.6
9451,2014,6,11,3,43.7
9452,2014,6,11,4,41.2
9453,2014,6,11,6,52.8
9454,2014,6,11,5,46.4
9455,2014,6,11,4,38.7
9456,2014,6,11,4,42.6
9457,2014,6,13,7,46.7
9458,2014,6,13,4,44
9459,2014,6,13,4,47.6
9460,2014,6,13,4,43.1
9461,2014,6,13,7,54.5
9462,2014,6,13,5,45.9
9463,2014,6,13,3,38.2
9464,2014,6,13,4,45.3
9465,2014,6,13,7,62.4
9466,2014,6,13,4,51.3
9467,2014,6,13,6,57
9468,2014,6,13,3,38.1
9469,2014,6,13,4,41.2
9470,2014,6,13,3,33.4
9471,2014,6,13,6,56.2
9472,2014,6,13,4,45.1
9473,2014,6,13,4,41.8
9474,2014,6,13,4,49
9475,2014,6,13,7,60.3
9476,2014,6,13,4,43
9477,2014,6,13,4,46.6
9478,2014,6,13,6,47.7
9479,2014,6,13,4,37.4
9480,2014,6,13,4,44.5
9481,2014,6,13,3,37
9482,2014,6,13,3,37.1
9483,2014,6,13,3,37.4
9484,2014,6,18,8,58.9
9485,2014,6,18,7,57
9486,2014,6,18,10,64.7
9487,2014,6,18,11,70.4
9488,2014,6,18,9,64.2
9489,2014,6,18,5,50.3
9490,2014,6,18,10,65.6
9491,2014,6,18,8,67.4
9492,2014,6,18,10,67.9
9493,2014,6,18,7,51.7
9494,2014,6,18,10,67.5
9495,2014,6,18,10,69.1
9496,2014,6,18,7,60.2
9497,2014,6,18,9,68.4
9498,2014,6,18,7,57.7
9499,2014,6,18,10,67.5
9500,2014,6,18,12,71.1
9501,2014,6,18,9,63.3
9502,2014,6,18,7,58.2
9503,2014,6,18,12,79.2
9504,2014,6,18,9,61.2
9505,2014,6,18,10,64.6
9506,2014,6,18,9,62.2
9507,2014,6,18,10,61.5
9508,2014,6,18,10,65.5
9509,2014,6,18,8,57.1
9510,2014,6,18,7,62
9511,2014,6,18,9,67.3
9512,2014,6,20,7,52.3
9513,2014,6,20,4,42.1
9514,2014,6,20,7,53.7
9515,2014,6,20,4,53.7
9516,2014,6,20,5,56.9
9517,2014,6,20,4,44.5
9518,2014,6,20,7,63.6
9519,2014,6,20,4,40.1
9520,2014,6,20,10,67.6
9521,2014,6,20,4,41.7
9522,2014,6,20,4,39.7
9523,2014,6,20,4,42.3
9524,2014,6,20,4,46
9525,2014,6,20,3,42.3
9526,2014,6,20,4,42.1
9527,2014,6,20,5,43.8
9528,2014,6,20,4,43
9529,2014,6,20,7,54.6
9530,2014,6,20,4,44.5
9531,2014,6,20,7,55.7
9532,2014,6,20,4,44.7
9533,2014,6,20,7,55.3
9534,2014,6,20,3,36.4
9535,2014,6,20,8,57
9536,2014,6,20,4,43.3
9537,2014,6,20,4,48.3
9538,2014,6,20,4,42.5
9539,2014,6,20,4,42.5
9540,2014,6,20,4,42.3
9541,2014,6,20,4,42.7
9542,2014,6,23,4,42.1
9543,2014,6,23,4,45.1
9544,2014,6,23,3,36.1
9545,2014,6,23,4,45.4
9546,2014,6,23,3,35.6
9547,2014,6,23,3,34.9
9548,2014,6,23,3,33
9549,2014,6,23,3,32.4
9550,2014,6,23,2,25.2
9551,2014,6,23,2,23.5
9552,2014,6,23,2,24.1
9553,2014,6,23,3,23.3
9554,2014,6,23,2,24.5
9555,2014,6,23,2,27.1
9556,2014,6,23,2,23.9
9557,2014,6,23,4,53.6
9558,2014,6,23,4,45.1
9559,2014,6,23,4,46.7
9560,2014,6,23,5,37
9561,2014,6,23,4,44.4
9562,2014,6,23,4,46.2
9563,2014,6,23,3,38.3
9564,2014,6,23,3,35.7
9565,2014,6,23,3,34.2
9566,2014,6,23,3,34.7
9567,2014,6,23,3,33.6
9568,2014,6,23,2,19.2
9569,2014,6,23,3,32.5
9570,2014,6,23,2,22.6
9571,2014,6,23,2,22.5
9572,2014,6,23,2,27.2
9573,2014,6,23,2,21.1
9574,2014,6,23,2,26.2
9575,2014,6,23,2,22.6
9576,2014,6,23,2,23.2
9577,2014,6,23,2,25.6
9578,2014,6,23,2,20.7
9579,2014,6,23,2,22.6
9580,2014,6,23,2,22.1
9581,2014,6,23,2,20.6
9582,2014,6,23,2,20.3
9583,2014,6,23,2,24.9
9584,2014,6,23,2,22.1
9585,2014,6,23,2,24.6
9586,2014,6,23,2,22.7
9587,2014,6,23,2,24.8
9588,2014,6,23,2,22.4
9589,2014,6,23,2,20.7
9590,2014,6,23,2,20.6
9591,2014,6,23,2,24.1
9592,2014,6,23,4,48.3
9593,2014,6,23,4,52.2
9594,2014,6,23,5,51.2
9595,2014,6,23,4,45.8
9596,2014,6,23,4,41.5
9597,2014,6,23,4,48.8
9598,2014,6,23,5,47.5
9599,2014,6,23,4,46.1
9600,2014,6,23,4,36.1
9601,2014,6,23,3,35.6
9602,2014,6,23,3,41.6
9603,2014,6,23,4,46.7
9604,2014,6,23,4,43
9605,2014,6,25,4,66.7
9606,2014,6,25,8,49.8
9607,2014,6,25,4,49.6
9608,2014,6,25,4,61.5
9609,2014,6,25,6,49.5
9610,2014,6,25,4,34.1
9611,2014,6,25,3,35.5
9612,2014,6,25,3,19.4
9613,2014,6,25,2,21.5
9614,2014,6,25,2,23.6
9615,2014,6,25,2,20.3
9616,2014,6,25,2,23.5
9617,2014,6,25,4,49.2
9618,2014,6,25,4,47.7
9619,2014,6,25,4,51.8
9620,2014,6,25,4,48.1
9621,2014,6,25,4,45.6
9622,2014,6,25,4,46
9623,2014,6,25,4,38.5
9624,2014,6,25,3,36.1
9625,2014,6,25,3,35.3
9626,2014,6,25,3,20.8
9627,2014,6,25,2,23.8
9628,2014,6,25,2,21.2
9629,2014,5,31,5,43.2
9630,2014,5,31,5,54.3
9631,2014,5,31,5,51.4
9632,2014,5,31,5,45.3
9633,2014,5,31,5,59.5
9634,2014,5,31,4,41.2
9635,2014,5,31,3,36.6
9636,2014,5,31,4,41.9
9637,2014,5,31,6,48.7
9638,2014,5,31,8,59.7
9639,2014,5,31,6,55.5
9640,2014,5,31,4,44
9641,2014,5,31,4,45.5
9642,2014,5,31,5,45.3
9643,2014,5,31,6,50.3
9644,2014,5,31,4,43.2
9645,2014,5,31,4,42.7
9646,2014,5,31,3,43.9
9647,2014,5,31,7,52.7
9648,2014,5,31,4,44.8
9649,2014,5,31,5,43.6
9650,2014,5,31,4,42.9
9651,2014,5,31,5,42.2
9652,2014,5,31,4,40.5
9653,2014,5,31,4,41.6
9654,2014,5,31,4,43.4
9655,2014,5,31,4,41.8
9656,2014,5,31,4,42.1
9657,2014,5,31,4,46.4
9658,2014,5,31,4,44.1
9659,2014,5,31,4,42.9
9660,2014,5,31,4,43.3
9661,2014,5,31,4,40.3
9662,2014,5,31,4,41.4
9663,2014,5,31,4,39.4
9664,2014,5,31,4,41.8
9665,2014,5,31,4,42.2
9666,2014,5,31,4,42.3
9667,2014,5,31,3,36.2
9668,2014,5,31,6,54.5
9669,2014,5,31,6,54.5
9670,2014,5,31,6,52.3
9671,2014,5,31,4,41.2
9672,2014,5,31,4,41.3
9673,2014,5,31,6,51.6
9674,2014,5,31,4,41.8
9675,2014,5,31,6,53.8
9676,2014,5,31,4,47.8
9677,2014,5,31,6,51.1
9678,2014,5,31,5,46.1
9679,2014,5,31,6,58.7
9680,2014,5,31,4,42.6
9681,2014,5,31,4,41.6
9682,2014,5,31,4,43.5
9683,2014,5,31,3,39.9
9684,2014,5,31,4,43.1
9685,2014,5,31,5,41.6
9686,2014,5,31,3,45.4
9687,2014,5,31,7,58.1
9688,2014,5,31,7,56.6
9689,2014,5,31,6,52.6
9690,2014,5,31,8,66.2
9691,2014,5,31,4,46.3
9692,2014,5,31,7,55.2
9693,2014,5,31,4,41.8
9694,2014,5,31,7,60.1
9695,2014,5,31,7,51.1
9696,2014,5,31,6,51.1
9697,2014,5,31,6,56.5
9698,2014,5,31,4,44
9699,2014,5,31,4,44
9700,2014,5,31,5,49.5
9701,2014,5,31,7,54
9702,2014,5,31,5,51.1
9703,2014,5,31,6,47.2
9704,2014,5,31,5,47.6
9705,2014,5,31,9,70
9706,2014,5,31,4,45.8
9707,2014,5,31,4,44.2
9708,2014,5,31,6,49.4
9709,2014,5,31,7,57.4
9710,2014,5,31,7,57.2
9711,2014,5,31,8,64.8
9712,2014,5,31,4,42.5
9713,2014,5,31,4,41.8
9714,2014,5,31,4,42.8
9715,2014,5,31,6,54.3
9716,2014,5,31,5,46.3
9717,2014,5,31,6,55.1
9718,2014,5,31,11,72.5
9719,2014,5,31,5,48.1
9720,2014,5,31,4,41.7
9721,2014,5,31,4,44.8
9722,2014,5,31,6,55.8
9723,2014,5,31,4,43.7
9724,2014,5,31,4,41.8
9725,2014,5,31,6,52.5
9726,2014,5,31,4,41.6
9727,2014,5,31,4,42.3
9728,2014,5,31,7,65.3
9729,2014,5,31,5,44.2
9730,2014,5,31,4,47.3
9731,2014,5,31,4,41.8
9732,2014,5,31,6,58.9
9733,2014,5,31,6,53
9734,2014,5,31,6,56
9735,2014,5,31,4,41.1
9736,2014,5,31,4,40.5
9737,2014,5,31,7,61.2
9738,2014,5,31,12,86
9739,2014,6,1,6,57.3
9740,2014,6,1,4,45.2
9741,2014,6,1,5,52.5
9742,2014,6,1,11,75.6
9743,2014,6,1,6,58.3
9744,2014,6,1,6,51.2
9745,2014,6,1,6,55.5
9746,2014,6,1,5,46.2
9747,2014,6,1,7,57.5
9748,2014,6,1,3,39.9
9749,2014,6,1,7,55.2
9750,2014,6,1,4,40.8
9751,2014,6,1,5,55.5
9752,2014,6,1,6,55
9753,2014,6,1,4,42
9754,2014,6,1,6,66.7
9755,2014,6,1,4,41.9
9756,2014,6,1,7,57.6
9757,2014,6,1,4,41.8
9758,2014,6,1,6,48.6
9759,2014,6,1,5,53.8
9760,2014,6,1,4,44.3
9761,2014,6,1,4,41.5
9762,2014,6,1,4,42.1
9763,2014,6,1,4,45.2
9764,2014,6,1,7,61.5
9765,2014,6,1,4,42.2
9766,2014,6,1,4,42.5
9767,2014,6,1,4,39.1
9768,2014,6,1,4,45.2
9769,2014,6,1,4,40.5
9770,2014,6,1,4,42.3
9771,2014,6,1,5,52.8
9772,2014,6,1,4,50.3
9773,2014,6,1,4,44
9774,2014,6,1,5,48.1
9775,2014,6,1,4,47.5
9776,2014,6,1,4,43
9777,2014,6,1,7,55.2
9778,2014,6,1,4,43.4
9779,2014,6,1,4,44.5
9780,2014,6,1,4,40.3
9781,2014,6,1,4,46.3
9782,2014,6,1,4,47.5
9783,2014,6,1,4,46
9784,2014,6,1,4,41.6
9785,2014,6,1,4,41.9
9786,2014,6,1,7,54.6
9787,2014,6,1,4,42.2
9788,2014,6,1,4,42.3
9789,2014,6,1,4,42.5
9790,2014,6,1,4,41.8
9791,2014,6,2,7,67.7
9792,2014,6,2,4,42.4
9793,2014,6,2,8,75.1
9794,2014,6,2,4,42.2
9795,2014,6,2,4,43.3
9796,2014,6,2,4,42.4
9797,2014,6,2,4,45.4
9798,2014,6,2,6,54.6
9799,2014,6,2,5,47.6
9800,2014,6,2,4,45.7
9801,2014,6,2,4,46.6
9802,2014,6,2,3,37.9
9803,2014,6,2,4,45.6
9804,2014,6,2,4,45.4
9805,2014,6,2,4,45.8
9806,2014,6,2,6,56.3
9807,2014,6,2,8,64.9
9808,2014,6,2,6,62
9809,2014,6,2,4,41.5
9810,2014,6,2,4,52.9
9811,2014,6,2,4,41.3
9812,2014,6,2,3,36.7
9813,2014,6,2,4,47.5
9814,2014,6,2,4,50.2
9815,2014,6,2,4,44.5
9816,2014,6,2,4,44.4
9817,2014,6,2,4,43.6
9818,2014,6,2,4,51.9
9819,2014,6,2,4,42.4
9820,2014,6,2,4,43.6
9821,2014,6,2,6,52.4
9822,2014,6,2,4,40.3
9823,2014,6,2,3,39.4
9824,2014,6,2,5,50
9825,2014,6,2,4,41.1
9826,2014,6,2,4,42.3
9827,2014,6,2,4,42.6
9828,2014,6,6,4,49
9829,2014,6,6,6,55.3
9830,2014,6,6,4,43.3
9831,2014,6,6,4,42.9
9832,2014,6,6,4,41.7
9833,2014,6,6,4,42.3
9834,2014,6,6,4,43.2
9835,2014,6,6,4,43
9836,2014,6,6,4,41.7
9837,2014,6,6,4,43.1
9838,2014,6,6,7,56.9
9839,2014,6,6,4,45.5
9840,2014,6,6,4,47.5
9841,2014,6,6,4,40.1
9842,2014,6,6,4,41.6
9843,2014,6,6,4,41.9
9844,2014,6,6,4,49
9845,2014,6,6,4,38.9
9846,2014,6,6,4,45.5
9847,2014,6,6,4,44.5
9848,2014,6,6,4,42.3
9849,2014,6,6,4,40.2
9850,2014,6,6,4,44.1
9851,2014,6,6,3,40
9852,2014,6,6,7,55.4
9853,2014,6,6,4,42.8
9854,2014,6,6,4,42
9855,2014,6,6,5,51.9
9856,2014,6,6,4,42.9
9857,2014,6,6,4,46
9858,2014,6,6,4,43.2
9859,2014,6,6,4,45
9860,2014,6,6,3,33.6
9861,2014,6,6,4,40.2
9862,2014,6,6,4,42.5
9863,2014,6,6,5,50.1
9864,2014,6,6,5,42.2
9865,2014,6,6,4,40.5
9866,2014,6,6,3,37.7
9867,2014,6,6,6,49.6
9868,2014,6,6,4,43.3
9869,2014,6,7,5,57.6
9870,2014,6,7,7,50
9871,2014,6,7,7,55.2
9872,2014,6,7,3,35.6
9873,2014,6,7,6,52.8
9874,2014,6,7,4,46
9875,2014,6,7,4,42.3
9876,2014,6,7,6,53.3
9877,2014,6,7,6,53.8
9878,2014,6,7,4,41.3
9879,2014,6,7,4,44.8
9880,2014,6,7,7,57.5
9881,2014,6,7,4,44.3
9882,2014,6,7,4,43.3
9883,2014,6,7,4,39.4
9884,2014,6,7,6,54.5
9885,2014,6,7,4,42.8
9886,2014,6,7,4,44.4
9887,2014,6,7,7,57.6
9888,2014,6,7,3,32.2
9889,2014,6,7,5,53.1
9890,2014,6,7,4,48.8
9891,2014,6,7,4,44.3
9892,2014,6,7,4,45.5
9893,2014,6,7,7,56.2
9894,2014,6,7,4,46.7
9895,2014,6,7,4,46.3
9896,2014,6,7,6,55.1
9897,2014,6,7,6,60
9898,2014,6,7,4,43.5
9899,2014,6,7,4,42.9
9900,2014,6,7,4,41.3
9901,2014,6,7,4,43
9902,2014,6,7,4,45.1
9903,2014,6,7,4,44
9904,2014,6,7,4,47.1
9905,2014,6,7,7,58.3
9906,2014,6,7,7,57
9907,2014,6,7,6,51.6
9908,2014,6,7,4,40.9
9909,2014,6,7,4,45.8
9910,2014,6,7,6,58.2
9911,2014,6,7,4,46.7
9912,2014,6,7,4,41.5
9913,2014,6,7,4,46.5
9914,2014,6,7,4,45.4
9915,2014,6,7,4,42.7
9916,2014,6,7,6,55.3
9917,2014,6,7,3,41.1
9918,2014,6,7,4,40.4
9919,2014,6,7,4,45.8
9920,2014,6,7,5,51.3
9921,2014,6,7,4,40.9
9922,2014,6,7,4,47.2
9923,2014,6,7,4,44.4
9924,2014,6,7,4,44.4
9925,2014,6,7,5,45.3
9926,2014,6,7,7,58.7
9927,2014,6,7,7,57.6
9928,2014,6,7,4,43.1
9929,2014,6,7,4,45.5
9930,2014,6,7,3,37.2
9931,2014,6,7,9,82
9932,2014,6,7,4,46.3
9933,2014,6,7,4,44.1
9934,2014,6,7,4,45.1
9935,2014,6,7,6,52.4
9936,2014,6,7,4,43.4
9937,2014,6,7,4,43
9938,2014,6,7,7,53.6
9939,2014,6,7,6,59.5
9940,2014,6,7,6,55.1
9941,2014,6,7,4,44.8
9942,2014,6,7,4,42.9
9943,2014,6,7,4,42.2
9944,2014,6,7,6,51.9
9945,2014,6,7,6,51
9946,2014,6,7,7,52.2
9947,2014,6,7,7,61.8
9948,2014,6,10,4,44.4
9949,2014,6,10,4,44.6
9950,2014,6,10,4,49.7
9951,2014,6,10,4,51.2
9952,2014,6,10,4,48
9953,2014,6,10,7,56.9
9954,2014,6,10,4,52
9955,2014,6,10,6,52.2
9956,2014,6,10,5,49.5
9957,2014,6,10,4,51.5
9958,2014,6,11,4,46.3
9959,2014,6,11,4,47.5
9960,2014,6,12,6,51.4
9961,2014,6,12,4,46.7
9962,2014,6,12,4,45.2
9963,2014,6,12,6,50.8
9964,2014,6,12,6,54
9965,2014,6,12,5,54.1
9966,2014,6,12,6,51.3
9967,2014,6,12,6,53
9968,2014,6,13,6,58.6
9969,2014,6,13,6,64.7
9970,2014,6,13,6,50
9971,2014,6,13,6,51.6
9972,2014,6,13,6,55.2
9973,2014,6,13,6,51.7
9974,2014,6,14,7,53.5
9975,2014,6,14,6,51.3
9976,2014,6,14,7,56.1
9977,2014,6,14,6,52.3
9978,2014,6,14,6,52.8
9979,2014,6,15,6,51.6
9980,2014,6,15,7,61.9
9981,2014,6,15,7,58.3
9982,2014,6,15,5,50.3
9983,2014,6,15,7,53.7
9984,2014,6,16,6,52.5
9985,2014,6,16,7,55.6
9986,2014,6,16,7,61.6
9987,2014,6,16,6,53.4
9988,2014,6,16,5,55.2
9989,2014,6,16,7,58
9990,2014,6,16,5,51.8
9991,2014,6,16,6,55.2
9992,2014,6,16,6,57
9993,2014,6,16,5,52.1
9994,2014,6,16,7,54.7
9995,2014,6,16,8,61.8
9996,2014,6,16,9,73.3
9997,2014,6,16,8,62.9
9998,2014,6,16,7,61.1
9999,2014,6,16,6,50
10000,2014,6,16,6,50.3
10001,2014,6,16,6,53.3
10002,2014,6,16,9,62.1
10003,2014,6,16,7,57.7
10004,2014,6,17,6,51.4
10005,2014,6,17,7,62.2
10006,2014,6,17,6,50.1
10007,2014,6,17,7,55.4
10008,2014,6,17,9,70
10009,2014,6,17,7,56.7
10010,2014,6,17,8,68.3
10011,2014,6,17,7,58
10012,2014,6,17,7,56.1
10013,2014,6,17,7,54.9
10014,2014,6,17,7,55.9
10015,2014,6,18,7,60.4
10016,2014,6,18,9,67.9
10017,2014,6,19,13,87.3
10018,2014,6,19,10,72.8
10019,2014,6,19,9,71.8
10020,2014,6,19,8,69.4
10021,2014,6,19,7,62.5
10022,2014,6,19,7,60
10023,2014,6,19,8,64.2
10024,2014,6,19,9,65.8
10025,2014,6,19,7,61
10026,2014,6,19,8,65.8
10027,2014,6,19,10,74.6
10028,2014,6,19,7,62.2
10029,2014,6,20,10,71.1
10030,2014,6,20,9,67.8
10031,2014,6,20,7,62.9
10032,2014,6,21,9,72
10033,2014,6,22,7,61.9
10034,2014,6,22,7,60.9
10035,2014,6,24,9,76.1
10036,2014,6,24,8,66.7
10037,2014,6,24,7,65.8
10038,2014,6,25,6,62.3
10039,2014,6,26,7,67
10040,2014,6,26,7,65.7
10041,2014,6,26,8,68.2
10042,2014,6,26,6,60
10043,2014,6,26,7,68.2
10044,2014,6,26,6,61
10045,2014,6,26,7,60.8
10046,2014,6,26,6,60
10047,2014,6,30,6,61.2
10048,2015,5,26,4,42
10049,2015,5,26,7,64.1
10050,2015,5,26,4,42.6
10051,2015,5,26,5,50.1
10052,2015,5,26,4,40.1
10053,2015,5,26,5,47.4
10054,2015,5,26,4,43
10055,2015,5,26,4,43.7
10056,2015,5,26,4,41.8
10057,2015,5,26,5,49.9
10058,2015,5,26,4,45.3
10059,2015,5,26,4,44.7
10060,2015,5,26,8,75.5
10061,2015,5,26,5,48
10062,2015,5,26,4,40.6
10063,2015,5,26,4,42.2
10064,2015,5,26,5,47.9
10065,2015,5,26,4,41
10066,2015,5,26,4,44.5
10067,2015,5,26,5,48.4
10068,2015,5,26,6,53
10069,2015,5,26,7,61.3
10070,2015,5,26,6,54
10071,2015,5,26,6,50.6
10072,2015,5,26,7,65.4
10073,2015,5,26,6,52.9
10074,2015,5,26,5,47.2
10075,2015,5,26,5,50
10076,2015,5,26,7,65.4
10077,2015,5,26,8,62.4
10078,2015,5,26,5,49.7
10079,2015,5,26,5,50.3
10080,2015,5,26,9,79.3
10081,2015,5,26,4,43.1
10082,2015,5,26,6,60.8
10083,2015,5,26,4,41.5
10084,2015,5,26,6,47.6
10085,2015,5,26,6,59.2
10086,2015,5,26,7,60.7
10087,2015,5,26,4,40.7
10088,2015,5,26,7,59.5
10089,2015,5,26,7,58.6
10090,2015,5,26,6,52.6
10091,2015,5,26,6,45.1
10092,2015,5,26,4,40.7
10093,2015,5,26,5,50.3
10094,2015,5,26,3,40.5
10095,2015,5,26,4,43.3
10096,2015,5,26,6,54.8
10097,2015,5,26,4,44.6
10098,2015,5,26,4,40.3
10099,2015,5,26,4,45.6
10100,2015,5,26,4,40.1
10101,2015,5,26,8,66.5
10102,2015,5,26,4,45.5
10103,2015,5,26,5,51.1
10104,2015,5,26,4,44.3
10105,2015,5,26,6,50.5
10106,2015,5,26,5,55.7
10107,2015,5,26,4,41.9
10108,2015,5,26,5,49.3
10109,2015,5,26,5,48.6
10110,2015,5,26,4,45.2
10111,2015,5,26,5,48.7
10112,2015,5,26,5,44.2
10113,2015,5,26,5,48.4
10114,2015,5,26,5,46.2
10115,2015,5,26,5,49.7
10116,2015,5,26,3,40
10117,2015,5,26,8,65.6
10118,2015,5,26,8,62.2
10119,2015,5,26,8,56.5
10120,2015,5,26,3,39.8
10121,2015,5,26,4,43.3
10122,2015,5,26,4,39.2
10123,2015,5,26,5,41.7
10124,2015,5,26,4,42
10125,2015,5,26,5,49.4
10126,2015,5,26,4,45.7
10127,2015,5,26,5,42.8
10128,2015,5,26,4,44.2
10129,2015,5,26,4,41.1
10130,2015,5,26,4,44.6
10131,2015,5,26,3,40.3
10132,2015,5,26,4,41.2
10133,2015,5,26,4,41.5
10134,2015,5,26,5,47.4
10135,2015,5,26,3,42.6
10136,2015,5,26,4,44.1
10137,2015,5,26,4,44
10138,2015,5,26,7,55.1
10139,2015,5,26,4,43.1
10140,2015,5,26,4,41.3
10141,2015,5,26,4,44.2
10142,2015,5,26,5,46.7
10143,2015,5,26,5,53.2
10144,2015,5,26,5,47.1
10145,2015,5,26,5,52.7
10146,2015,5,26,5,52.8
10147,2015,5,26,4,41.2
10148,2015,5,26,4,42.1
10149,2015,5,26,5,50.3
10150,2015,5,26,5,45.2
10151,2015,5,26,6,52.7
10152,2015,5,26,5,50.2
10153,2015,5,26,5,51.4
10154,2015,5,26,5,56.3
10155,2015,5,26,4,42.8
10156,2015,5,26,4,41.6
10157,2015,5,26,4,43.7
10158,2015,5,26,5,42.8
10159,2015,5,27,4,42.6
10160,2015,5,27,5,46.7
10161,2015,5,27,5,41.8
10162,2015,5,27,4,44.4
10163,2015,5,27,4,48.5
10164,2015,5,27,5,43.3
10165,2015,5,27,5,44.4
10166,2015,5,27,5,46.8
10167,2015,5,27,5,50.8
10168,2015,5,27,4,42
10169,2015,5,27,6,51.3
10170,2015,5,27,5,48.7
10171,2015,5,27,6,53.8
10172,2015,5,27,5,47.4
10173,2015,5,27,4,43.8
10174,2015,5,27,4,41.8
10175,2015,5,27,4,43.7
10176,2015,5,27,6,52.8
10177,2015,5,27,5,42.8
10178,2015,5,27,4,44.9
10179,2015,5,27,4,43.6
10180,2015,5,27,4,42
10181,2015,5,27,5,48.8
10182,2015,5,27,4,42.2
10183,2015,5,27,4,41.1
10184,2015,5,27,5,50.6
10185,2015,5,27,5,48.7
10186,2015,5,27,4,43.9
10187,2015,5,27,7,51.8
10188,2015,5,27,7,57.8
10189,2015,5,27,5,49.4
10190,2015,5,27,6,57.8
10191,2015,5,27,4,41.7
10192,2015,5,27,5,55.1
10193,2015,5,27,4,43.6
10194,2015,5,27,6,54.8
10195,2015,5,27,4,44.1
10196,2015,5,27,5,50.1
10197,2015,5,27,4,42.4
10198,2015,5,27,5,50
10199,2015,5,27,5,52
10200,2015,5,27,6,46.9
10201,2015,5,27,4,41.7
10202,2015,5,27,5,51.7
10203,2015,5,27,5,49.3
10204,2015,5,27,4,41.3
10205,2015,5,27,4,44.9
10206,2015,5,27,5,52.7
10207,2015,5,27,5,48.4
10208,2015,5,27,4,44.1
10209,2015,5,27,5,50.6
10210,2015,5,27,4,43.2
10211,2015,5,27,4,41
10212,2015,5,27,4,40.8
10213,2015,5,27,5,50.9
10214,2015,5,27,6,53.9
10215,2015,5,27,5,53.2
10216,2015,5,27,5,62
10217,2015,5,27,6,51
10218,2015,5,27,8,60.1
10219,2015,5,27,4,40.5
10220,2015,5,27,4,41.7
10221,2015,5,27,8,63.7
10222,2015,5,27,4,37.2
10223,2015,5,27,6,53.3
10224,2015,5,27,5,48.5
10225,2015,5,27,4,43.9
10226,2015,5,27,4,40.3
10227,2015,5,27,3,35
10228,2015,5,27,6,58.3
10229,2015,5,27,4,38.5
10230,2015,5,27,5,50.8
10231,2015,5,27,5,48.3
10232,2015,5,27,4,43.1
10233,2015,5,27,4,42.8
10234,2015,5,27,4,40.5
10235,2015,5,27,3,42.3
10236,2015,5,27,4,38.6
10237,2015,5,27,4,41.2
10238,2015,5,27,4,44.2
10239,2015,5,27,5,52.1
10240,2015,5,27,5,48.7
10241,2015,5,27,4,40.1
10242,2015,5,27,5,43.3
10243,2015,5,27,5,51.1
10244,2015,5,27,5,49
10245,2015,5,27,3,35
10246,2015,5,28,5,49.2
10247,2015,5,28,3,39.9
10248,2015,5,28,3,35.1
10249,2015,5,28,4,41.1
10250,2015,5,28,3,40.1
10251,2015,5,28,4,44.5
10252,2015,5,28,3,37.2
10253,2015,5,28,3,39
10254,2015,5,28,5,51.2
10255,2015,5,28,4,41.2
10256,2015,5,28,4,39.2
10257,2015,5,28,4,42.5
10258,2015,5,28,8,64.1
10259,2015,5,28,4,40.4
10260,2015,5,28,4,39.6
10261,2015,5,28,4,42
10262,2015,5,28,4,40.5
10263,2015,5,28,3,36.8
10264,2015,5,28,4,45.5
10265,2015,5,28,5,44.2
10266,2015,5,27,5,53.4
10267,2015,5,27,4,41.4
10268,2015,5,27,5,50.9
10269,2015,5,27,4,42.6
10270,2015,5,27,4,42.7
10271,2015,5,27,4,41.9
10272,2015,5,27,4,42.9
10273,2015,5,27,5,50.8
10274,2015,5,27,5,51.8
10275,2015,5,27,3,40.2
10276,2015,5,27,4,41.4
10277,2015,5,27,5,43.6
10278,2015,5,27,4,44.7
10279,2015,5,27,5,49.2
10280,2015,5,27,4,41
10281,2015,5,27,5,53.9
10282,2015,5,27,4,40.2
10283,2015,5,27,4,43.1
10284,2015,5,27,5,50.1
10285,2015,5,28,5,48.4
10286,2015,5,28,4,42.6
10287,2015,5,28,5,41.6
10288,2015,5,28,4,40.5
10289,2015,5,28,3,36.8
10290,2015,5,28,3,38.5
10291,2015,5,28,4,38.5
10292,2015,5,28,4,40.1
10293,2015,5,28,4,41.1
10294,2015,5,28,4,40.9
10295,2015,5,28,4,37.5
10296,2015,5,28,3,35.3
10297,2015,5,28,4,48.5
10298,2015,5,28,3,39.5
10299,2015,5,28,4,46.7
10300,2015,5,28,3,37.8
10301,2015,5,28,3,39.2
10302,2015,5,28,3,42.9
10303,2015,5,28,3,38.7
10304,2015,5,28,3,37.5
10305,2015,5,28,5,51.6
10306,2015,5,28,4,41.2
10307,2015,5,28,4,39
10308,2015,5,28,5,52
10309,2015,5,28,5,48.9
10310,2015,5,28,3,37.7
10311,2015,5,28,3,37.7
10312,2015,5,28,4,43.3
10313,2015,5,28,4,37.1
10314,2015,5,28,3,38.7
10315,2015,5,28,5,52.2
10316,2015,5,28,4,43.9
10317,2015,5,28,4,40
10318,2015,5,28,5,47.3
10319,2015,5,28,3,37.9
10320,2015,5,28,3,38.1
10321,2015,5,28,5,49.7
10322,2015,5,28,5,50.8
10323,2015,5,28,5,50.1
10324,2015,5,28,5,51.4
10325,2015,5,28,4,38.7
10326,2015,5,29,5,52.5
10327,2015,5,29,5,50
10328,2015,5,29,5,48.1
10329,2015,5,29,4,41.6
10330,2015,5,29,5,48.6
10331,2015,5,29,5,49.3
10332,2015,5,29,4,45.7
10333,2015,5,29,5,49.6
10334,2015,5,29,7,56.2
10335,2015,5,29,5,47.8
10336,2015,5,29,5,51.1
10337,2015,5,29,6,54
10338,2015,5,29,5,48
10339,2015,5,29,7,57
10340,2015,5,29,5,47
10341,2015,5,29,6,53.8
10342,2015,5,29,5,49.3
10343,2015,5,29,3,41.7
10344,2015,5,29,4,41
10345,2015,5,29,5,48.8
10346,2015,5,29,5,43.8
10347,2015,5,29,5,50.4
10348,2015,5,29,5,50.6
10349,2015,5,29,4,42.2
10350,2015,5,29,5,48.7
10351,2015,5,29,4,45.4
10352,2015,5,29,7,57
10353,2015,5,29,5,50.4
10354,2015,5,29,9,69.8
10355,2015,5,29,5,47.2
10356,2015,5,29,4,40.4
10357,2015,5,29,5,47.9
10358,2015,5,29,5,46.7
10359,2015,5,29,4,40.6
10360,2015,5,29,5,48.7
10361,2015,5,29,4,42.4
10362,2015,5,29,5,47.9
10363,2015,5,29,4,42.4
10364,2015,5,29,6,51.3
10365,2015,5,29,5,49
10366,2015,5,29,4,42.8
10367,2015,5,29,5,49.8
10368,2015,5,29,7,59
10369,2015,5,29,4,43.2
10370,2015,5,29,5,50.6
10371,2015,5,29,5,46.5
10372,2015,5,29,5,49.3
10373,2015,5,29,7,43.5
10374,2015,5,29,7,63.5
10375,2015,5,29,5,54.2
10376,2015,5,29,4,41.4
10377,2015,5,29,5,51
10378,2015,5,29,8,59.8
10379,2015,5,29,8,65.5
10380,2015,5,29,8,63.8
10381,2015,5,29,6,52.7
10382,2015,5,29,7,58.4
10383,2015,5,29,7,58.8
10384,2015,5,29,5,46.2
10385,2015,5,29,6,54.3
10386,2015,5,29,4,40.2
10387,2015,5,29,5,48.7
10388,2015,5,29,7,57.8
10389,2015,5,29,7,60.3
10390,2015,5,29,5,46.7
10391,2015,5,29,8,63.6
10392,2015,5,29,5,53.2
10393,2015,5,29,8,61.7
10394,2015,5,29,4,42.8
10395,2015,5,29,6,55.8
10396,2015,5,29,5,52
10397,2015,5,29,8,65
10398,2015,5,29,5,54.3
10399,2015,5,29,6,53.8
10400,2015,5,29,8,56.7
10401,2015,5,29,5,46.5
10402,2015,5,29,5,47.4
10403,2015,5,29,3,40.3
10404,2015,5,29,6,54.2
10405,2015,5,29,5,50.1
10406,2015,5,29,5,48.7
10407,2015,5,29,5,49.4
10408,2015,5,29,5,44.1
10409,2015,5,29,4,41.8
10410,2015,5,29,4,42.5
10411,2015,5,29,5,52.7
10412,2015,5,29,7,57.1
10413,2015,5,29,5,50.5
10414,2015,5,29,5,47.4
10415,2015,5,29,4,40.2
10416,2015,5,29,4,41.1
10417,2015,5,29,5,46
10418,2015,5,29,5,51.9
10419,2015,5,29,4,43.7
10420,2015,5,29,5,49.4
10421,2015,5,29,5,45.1
10422,2015,5,29,9,75.5
10423,2015,5,29,4,40.7
10424,2015,5,29,6,58.9
10425,2015,5,29,4,42.8
10426,2015,5,29,5,43.6
10427,2015,5,29,5,48.6
10428,2015,5,29,4,41.9
10429,2015,5,29,3,40.6
10430,2015,5,29,5,46.7
10431,2015,5,29,5,48.3
10432,2015,5,29,7,64.7
10433,2015,5,29,5,50
10434,2015,5,29,5,54.4
10435,2015,5,29,5,47.9
10436,2015,5,29,8,65
10437,2015,5,29,7,63.2
10438,2015,5,29,7,58.6
10439,2015,5,29,5,49.2
10440,2015,5,29,5,47.7
10441,2015,5,29,4,44.2
10442,2015,5,29,4,43.9
10443,2015,5,29,5,46.2
10444,2015,5,29,3,43.7
10445,2015,5,29,5,46.2
10446,2015,5,29,8,60.9
10447,2015,5,29,6,55.1
10448,2015,5,29,5,47.9
10449,2015,5,29,5,48.7
10450,2015,5,29,5,54
10451,2015,5,29,4,44.9
10452,2015,5,29,5,42.9
10453,2015,5,29,4,43.4
10454,2015,5,29,4,42.4
10455,2015,5,29,5,52.2
10456,2015,5,29,5,50.7
10457,2015,5,29,5,54.8
10458,2015,5,29,5,45.2
10459,2015,5,29,5,48.8
10460,2015,5,29,5,51
10461,2015,5,29,4,43.8
10462,2015,5,29,5,49.3
10463,2015,5,29,4,37.5
10464,2015,5,29,8,67.9
10465,2015,5,29,4,38.8
10466,2015,5,29,5,46
10467,2015,5,29,5,46.6
10468,2015,5,29,4,41.5
10469,2015,5,29,3,38.3
10470,2015,5,29,6,54.8
10471,2015,5,29,8,61.1
10472,2015,5,29,4,41.3
10473,2015,5,29,4,47.8
10474,2015,5,29,4,41.5
10475,2015,5,29,5,53
10476,2015,5,29,5,50.3
10477,2015,5,29,5,49.2
10478,2015,5,29,4,41.1
10479,2015,5,29,5,47
10480,2015,5,29,8,60.2
10481,2015,5,29,5,48.5
10482,2015,5,29,5,48.5
10483,2015,5,29,8,59.3
10484,2015,5,29,4,42.2
10485,2015,5,29,7,62.1
10486,2015,5,29,5,51.7
10487,2015,5,29,5,43.5
10488,2015,5,29,4,39.8
10489,2015,5,29,5,46.7
10490,2015,5,29,4,43
10491,2015,5,29,5,50
10492,2015,5,29,7,70.3
10493,2015,5,29,7,59.6
10494,2015,5,29,6,55.9
10495,2015,5,29,5,47.5
10496,2015,5,29,5,57.9
10497,2015,5,29,5,50.7
10498,2015,5,29,4,43.5
10499,2015,5,29,5,46
10500,2015,5,29,5,49.4
10501,2015,5,29,3,37.7
10502,2015,5,29,6,53.7
10503,2015,5,29,5,49
10504,2015,5,29,4,42.7
10505,2015,5,29,4,42.5
10506,2015,5,29,4,40.3
10507,2015,5,29,5,47
10508,2015,5,29,6,66.1
10509,2015,5,29,7,54.1
10510,2015,5,29,4,45.7
10511,2015,5,29,7,54
10512,2015,5,29,8,56.6
10513,2015,5,29,5,50.7
10514,2015,5,29,7,59.6
10515,2015,5,29,6,50.8
10516,2015,5,29,7,54.2
10517,2015,5,29,5,48.3
10518,2015,5,29,5,48.8
10519,2015,5,29,7,62.3
10520,2015,5,29,4,43
10521,2015,5,29,5,48.8
10522,2015,5,29,5,59.3
10523,2015,5,29,7,65.1
10524,2015,5,29,7,61.2
10525,2015,5,29,5,50.3
10526,2015,5,29,7,57.2
10527,2015,5,29,5,48.9
10528,2015,5,29,5,48.8
10529,2015,5,29,5,47.4
10530,2015,5,29,6,58.3
10531,2015,5,29,5,51
10532,2015,5,29,4,42.9
10533,2015,5,29,4,44
10534,2015,5,29,4,42.8
10535,2015,5,29,5,47.7
10536,2015,5,29,4,42.7
10537,2015,5,29,5,46.6
10538,2015,5,29,5,51.9
10539,2015,5,29,4,41.1
10540,2015,5,29,5,52.6
10541,2015,5,29,5,46.8
10542,2015,5,29,4,40.4
10543,2015,5,29,6,51.1
10544,2015,5,29,5,50.1
10545,2015,5,29,7,56.7
10546,2015,5,29,5,44.8
10547,2015,5,29,5,48.7
10548,2015,5,29,4,40.8
10549,2015,5,29,3,41.3
10550,2015,5,29,5,51.3
10551,2015,5,29,7,64.1
10552,2015,5,29,4,43.5
10553,2015,5,29,4,41
10554,2015,5,29,5,45.5
10555,2015,5,29,4,42.4
10556,2015,5,29,4,44.5
10557,2015,5,29,7,64.4
10558,2015,5,29,4,41.7
10559,2015,5,29,4,43.8
10560,2015,5,29,5,49.5
10561,2015,5,29,4,40.7
10562,2015,5,29,5,49
10563,2015,5,29,4,39.6
10564,2015,5,29,4,43.5
10565,2015,5,29,6,58.2
10566,2015,5,29,5,47.1
10567,2015,5,29,3,40.1
10568,2015,5,29,5,49.5
10569,2015,5,29,6,50
10570,2015,5,29,4,43.8
10571,2015,5,29,4,44.1
10572,2015,5,29,4,43.6
10573,2015,5,29,4,40.8
10574,2015,5,29,4,49.2
10575,2015,5,29,3,37.6
10576,2015,5,29,4,41.2
10577,2015,5,29,5,49.8
10578,2015,5,29,5,49.7
10579,2015,5,29,6,48.5
10580,2015,5,29,6,50.6
10581,2015,5,29,4,43
10582,2015,5,29,7,61
10583,2015,5,29,4,41.5
10584,2015,5,29,5,53.8
10585,2015,5,29,5,43.3
10586,2015,5,29,7,61.3
10587,2015,5,29,7,51.5
10588,2015,5,29,5,46.2
10589,2015,5,29,5,47.3
10590,2015,5,29,7,57.7
10591,2015,5,29,5,49.3
10592,2015,5,29,7,52.5
10593,2015,5,29,6,54.7
10594,2015,5,29,3,43
10595,2015,5,29,4,40.5
10596,2015,5,29,5,48.7
10597,2015,5,29,4,39
10598,2015,5,29,4,43.7
10599,2015,5,29,3,40.4
10600,2015,5,29,5,46
10601,2015,5,29,5,48.3
10602,2015,5,29,4,42.5
10603,2015,5,29,5,48.2
10604,2015,5,29,4,40.6
10605,2015,5,29,7,56
10606,2015,5,29,5,47
10607,2015,5,29,8,58.8
10608,2016,5,12,5,52.4
10609,2016,5,12,5,42.6
10610,2016,5,12,5,55.6
10611,2016,5,12,4,52.1
10612,2016,5,12,4,45.3
10613,2016,5,12,5,49.4
10614,2016,5,12,4,41.6
10615,2016,5,12,5,46.8
10616,2016,5,12,5,50.6
10617,2016,5,12,5,43.9
10618,2016,5,12,4,42.7
10619,2016,5,12,4,43.6
10620,2016,5,12,5,55
10621,2016,5,12,5,42.2
10622,2016,5,12,6,54.3
10623,2016,5,12,4,38.9
10624,2016,5,12,7,55.4
10625,2016,5,12,5,51.8
10626,2016,5,12,8,66.9
10627,2016,5,12,5,52.1
10628,2016,5,12,4,39.8
10629,2016,5,12,9,62.2
10630,2016,5,12,7,58.6
10631,2016,5,12,8,56.9
10632,2016,5,12,7,64.5
10633,2016,5,12,8,73.2
10634,2016,5,12,8,59.6
10635,2016,5,12,4,40.4
10636,2016,5,12,6,56.7
10637,2016,5,12,5,50.5
10638,2016,5,12,9,65.8
10639,2016,5,12,6,57
10640,2016,5,12,4,45.2
10641,2016,5,12,5,53.7
10642,2016,5,12,4,43.4
10643,2016,5,12,8,72
10644,2016,5,12,3,42.8
10645,2016,5,12,9,76.7
10646,2016,5,12,8,62.9
10647,2016,5,12,6,54.2
10648,2016,5,12,8,69.5
10649,2016,5,12,6,52.3
10650,2016,5,12,4,40
10651,2016,5,12,4,48
10652,2016,5,12,6,53
10653,2016,5,12,9,67
10654,2016,5,12,5,49.8
10655,2016,5,12,8,56.1
10656,2016,5,12,4,41.4
10657,2016,5,12,4,43.2
10658,2016,5,12,6,52.3
10659,2016,5,12,7,58.5
10660,2016,5,12,5,50.4
10661,2016,5,12,7,52.9
10662,2016,5,12,4,40.8
10663,2016,5,12,4,39.8
10664,2016,5,12,4,41.9
10665,2016,5,12,6,56.6
10666,2016,5,12,5,54.8
10667,2016,5,12,8,59.7
10668,2016,5,12,4,45
10669,2016,5,12,5,50.6
10670,2016,5,12,7,62.8
10671,2016,5,12,4,40.8
10672,2016,5,12,4,42.5
10673,2016,5,12,4,42.1
10674,2016,5,12,7,59.2
10675,2016,5,12,4,41.2
10676,2016,5,12,4,43.7
10677,2016,5,12,4,40.5
10678,2016,5,12,4,41.4
10679,2016,5,12,4,41.9
10680,2016,5,12,4,40.7
10681,2016,5,12,6,54.4
10682,2016,5,12,7,63.5
10683,2016,5,12,6,54.5
10684,2016,5,12,4,41.5
10685,2016,5,12,5,52.7
10686,2016,5,12,6,54.8
10687,2016,5,12,4,44.9
10688,2016,5,12,5,49.9
10689,2016,5,12,7,55.8
10690,2016,5,12,4,46
10691,2016,5,12,5,48.2
10692,2016,5,12,7,64.5
10693,2016,5,12,6,58.4
10694,2016,5,12,4,42.7
10695,2016,5,12,4,42.7
10696,2016,5,12,5,52.7
10697,2016,5,12,4,42.9
10698,2016,5,12,4,41.2
10699,2016,5,12,4,41.7
10700,2016,5,12,8,57.9
10701,2016,5,12,4,40.8
10702,2016,5,12,4,43.7
10703,2016,5,12,5,54.6
10704,2016,5,12,6,51.5
10705,2016,5,12,6,50.3
10706,2016,5,12,4,43.1
10707,2016,5,12,5,50
10708,2016,5,12,7,55.1
10709,2016,5,12,5,51.1
10710,2016,5,12,6,48.9
10711,2016,5,12,4,41.5
10712,2016,5,12,9,65.3
10713,2016,5,12,6,54.5
10714,2016,5,12,8,61.7
10715,2016,5,12,5,48.5
10716,2016,5,12,6,54.5
10717,2016,5,12,5,51.3
10718,2016,5,12,5,51.1
10719,2016,5,12,6,46.1
10720,2016,5,12,5,46.8
10721,2016,5,12,9,78.8
10722,2016,5,12,4,41.2
10723,2016,5,12,4,41.4
10724,2016,5,12,4,41.9
10725,2016,5,12,4,40.6
10726,2016,5,12,6,52.2
10727,2016,5,12,11,81
10728,2016,5,12,8,65
10729,2016,5,12,6,55
10730,2016,5,12,8,65.4
10731,2016,5,12,7,54.9
10732,2016,5,12,4,40.8
10733,2016,5,12,4,41
10734,2016,5,12,3,39.2
10735,2016,5,12,5,52
10736,2016,5,12,4,40.3
10737,2016,5,12,8,58.2
10738,2016,5,12,4,40.8
10739,2016,5,12,4,41.3
10740,2016,5,12,4,41.1
10741,2016,5,12,6,66.3
10742,2016,5,12,8,56.8
10743,2016,5,12,4,45
10744,2016,5,12,4,39.6
10745,2016,5,12,4,42.3
10746,2016,5,12,8,58.8
10747,2016,5,12,4,41.7
10748,2016,5,12,4,40.6
10749,2016,5,12,6,54.6
10750,2016,5,12,7,62.2
10751,2016,5,12,7,56
10752,2016,5,12,4,43.6
10753,2016,5,12,5,50.3
10754,2016,5,12,4,43.5
10755,2016,5,12,6,58.5
10756,2016,5,12,5,51.2
10757,2016,5,12,4,40.5
10758,2016,5,12,5,45.1
10759,2016,5,12,7,55.3
10760,2016,5,12,6,52.4
10761,2016,5,12,7,59.5
10762,2016,5,12,6,52.6
10763,2016,5,12,5,51.6
10764,2016,5,12,7,56.5
10765,2016,5,12,5,51.2
10766,2016,5,12,4,41.8
10767,2016,5,12,4,39.8
10768,2016,5,12,4,41.3
10769,2016,5,12,5,49.4
10770,2016,5,12,4,46
10771,2016,5,12,4,38.7
10772,2016,5,12,5,51.7
10773,2016,5,12,4,40.8
10774,2016,5,12,4,38.5
10775,2016,5,12,5,50.6
10776,2016,5,12,4,42.4
10777,2016,5,12,4,39.2
10778,2016,5,12,4,41.8
10779,2016,5,12,5,53.7
10780,2016,5,12,4,46.8
10781,2016,5,12,5,49.2
10782,2016,5,12,6,51.5
10783,2016,5,12,4,40.9
10784,2016,5,12,4,39.4
10785,2016,5,12,4,42.7
10786,2016,5,12,4,45.7
10787,2016,5,12,4,41.2
10788,2016,5,12,5,46.7
10789,2016,5,12,6,53.9
10790,2016,5,12,4,41.5
10791,2016,5,12,5,51.4
10792,2016,5,12,4,42.4
10793,2016,5,12,6,56.4
10794,2016,5,12,4,45.8
10795,2016,5,12,4,39.8
10796,2016,5,12,8,55.9
10797,2016,5,12,9,75.6
10798,2016,5,12,5,54.9
10799,2016,5,12,6,51
10800,2016,5,12,4,44.3
10801,2016,5,12,6,52
10802,2016,5,12,4,43.5
10803,2016,5,12,4,46.4
10804,2016,5,12,4,43.1
10805,2016,5,12,9,66.5
10806,2016,5,12,5,50.2
10807,2016,5,12,6,50.2
10808,2016,5,12,4,41.2
10809,2016,5,12,6,55.2
10810,2016,5,12,4,39.5
10811,2016,5,12,6,55.5
10812,2016,5,12,6,52.6
10813,2016,5,12,8,58.1
10814,2016,5,12,4,40.6
10815,2016,5,12,6,55.2
10816,2016,5,12,4,38.7
10817,2016,5,12,4,42.5
10818,2016,5,12,5,50.7
10819,2016,5,12,4,40.3
10820,2016,5,12,4,40.7
10821,2016,5,12,6,55.3
10822,2016,5,12,4,42.5
10823,2016,5,12,5,49.7
10824,2016,5,12,5,48.6
10825,2016,5,12,7,58.1
10826,2016,5,12,11,82.4
10827,2016,5,12,4,40.3
10828,2016,5,12,6,48.9
10829,2016,5,12,5,49.6
10830,2016,5,12,4,39.3
10831,2016,5,12,8,61.5
10832,2016,5,12,4,42.4
10833,2016,5,12,4,41
10834,2016,5,12,5,57.5
10835,2016,5,12,6,56.5
10836,2016,5,12,5,51.3
10837,2016,5,12,4,41.4
10838,2016,5,12,4,40.8
10839,2016,5,12,9,60
10840,2016,5,12,4,40.7
10841,2016,5,12,4,41.5
10842,2016,5,12,4,40.7
10843,2016,5,12,8,62.2
10844,2016,5,12,4,41.1
10845,2016,5,12,6,60.8
10846,2016,5,12,6,60.2
10847,2016,5,12,5,53.9
10848,2016,5,12,4,38.7
10849,2016,5,12,8,60
10850,2016,5,12,4,41.9
10851,2016,5,12,5,50.5
10852,2016,5,12,4,39.8
10853,2016,5,12,5,51.4
10854,2016,5,12,4,43.6
10855,2016,5,12,6,50.7
10856,2016,5,12,4,42.1
10857,2016,5,12,7,55
10858,2016,5,12,4,42.1
10859,2016,5,12,6,60.5
10860,2016,5,12,5,51.3
10861,2016,5,12,5,51.2
10862,2016,5,12,4,38.5
10863,2016,5,12,4,41.2
10864,2016,5,12,8,57.5
10865,2016,5,12,5,50.8
10866,2016,5,12,6,51.8
10867,2016,5,12,4,42.1
10868,2016,5,12,6,59
10869,2016,5,12,4,40.8
10870,2016,5,12,6,54.9
10871,2016,5,12,7,69
10872,2016,5,12,4,40.6
10873,2016,5,12,5,54.5
10874,2016,5,12,4,41.4
10875,2016,5,12,4,50.4
10876,2016,5,12,5,47.8
10877,2016,5,12,4,40.4
10878,2016,5,12,4,42.9
10879,2016,5,12,5,51.4
10880,2016,5,12,4,42.5
10881,2016,5,12,4,43.5
10882,2016,5,12,4,42.6
10883,2016,5,12,4,39.7
10884,2016,5,12,4,40.1
10885,2016,5,12,6,56.3
10886,2016,5,12,4,38.9
10887,2016,5,12,7,56.9
10888,2016,5,12,6,56.3
10889,2016,5,12,4,45.5
10890,2016,5,12,4,40.9
10891,2016,5,12,4,39.1
10892,2016,5,12,4,40.9
10893,2016,5,12,7,58.1
10894,2016,5,12,4,43.6
10895,2016,5,12,5,52.2
10896,2016,5,12,4,43.4
10897,2016,5,12,4,43.7
10898,2016,5,12,5,43.7
10899,2016,5,12,5,45.8
10900,2016,5,12,4,37.8
10901,2016,5,12,4,42
10902,2016,5,12,4,44.4
10903,2016,5,12,4,39.2
10904,2016,6,3,4,40.7
10905,2016,6,23,6,51.8
10906,2016,6,25,6,51.2
10907,2016,6,28,6,51.2
10908,2016,6,26,10,58.4
10909,2016,6,21,5,52.2
10910,2017,5,24,5,47.4
10911,2017,5,24,8,75.9
10912,2017,5,24,5,50.9
10913,2017,5,24,4,45.3
10914,2017,5,24,3,38.4
10915,2017,5,24,5,48.9
10916,2017,5,24,5,53.7
10917,2017,5,24,5,45.9
10918,2017,5,24,6,56
10919,2017,5,24,6,58.6
10920,2017,5,24,9,70.4
10921,2017,5,24,5,46.3
10922,2017,5,24,5,48.9
10923,2017,5,24,5,43.7
10924,2017,5,24,5,49.3
10925,2017,5,24,4,39.5
10926,2017,5,24,8,59.6
10927,2017,5,24,4,44.6
10928,2017,5,24,5,56.5
10929,2017,5,24,5,44.2
10930,2017,5,24,6,56
10931,2017,5,24,5,50.5
10932,2017,5,24,4,39.7
10933,2017,5,24,5,51
10934,2017,5,24,3,35.7
10935,2017,5,24,5,40.4
10936,2017,5,24,4,46.7
10937,2017,5,24,5,52.8
10938,2017,5,24,4,43
10939,2017,5,24,5,49.5
10940,2017,5,24,6,51
10941,2017,5,24,6,53.9
10942,2017,5,24,5,44.9
10943,2017,5,24,5,55.2
10944,2017,5,24,4,45.6
10945,2017,5,24,5,50.2
10946,2017,5,24,6,58.9
10947,2017,5,24,7,64.9
10948,2017,5,24,6,63
10949,2017,5,24,4,41.5
10950,2017,5,24,6,58.4
10951,2017,5,24,4,45.8
10952,2017,5,24,4,46.6
10953,2017,5,24,6,55.5
10954,2017,5,24,5,42.6
10955,2017,5,24,5,45.8
10956,2017,5,24,4,45.5
10957,2017,5,24,5,48
10958,2017,5,24,5,48.3
10959,2017,5,24,5,49
10960,2017,5,24,6,50.5
10961,2017,5,24,6,53.5
10962,2017,5,24,5,46.8
10963,2017,5,24,5,49.7
10964,2017,5,24,5,44.9
10965,2017,5,24,6,49.4
10966,2017,5,24,5,49.3
10967,2017,5,24,8,62.2
10968,2017,5,24,4,45.5
10969,2017,5,24,8,60.5
10970,2017,5,24,7,57.2
10971,2017,5,24,6,50.8
10972,2017,5,24,5,41.2
10973,2017,5,24,5,44.7
10974,2017,5,24,4,48.2
10975,2017,5,24,5,53.2
10976,2017,5,24,5,49.4
10977,2017,5,24,6,56.2
10978,2017,5,24,5,48.7
10979,2017,5,24,5,46.6
10980,2017,5,24,6,50.8
10981,2017,5,24,5,47.7
10982,2017,5,24,7,55.4
10983,2017,5,24,6,47.2
10984,2017,5,24,5,48.1
10985,2017,5,24,4,49.9
10986,2017,5,24,4,40.8
10987,2017,5,24,5,45.9
10988,2017,5,24,6,51.6
10989,2017,5,24,6,50.4
10990,2017,5,24,4,46.1
10991,2017,5,24,5,42.2
10992,2017,5,24,9,76.5
10993,2017,5,24,6,61.3
10994,2017,5,24,5,45.8
10995,2017,5,24,4,44.6
10996,2017,5,24,5,52.6
10997,2017,5,24,6,54.6
10998,2017,5,24,6,51.9
10999,2017,5,24,5,45.7
11000,2017,5,24,8,64.7
11001,2017,5,24,4,43.8
11002,2017,5,24,5,49.2
11003,2017,5,24,5,44.4
11004,2017,5,24,5,48.5
11005,2017,5,24,4,41.5
11006,2017,5,24,10,71.6
11007,2017,5,24,7,62.3
11008,2017,5,24,3,39.5
11009,2017,5,24,5,48.2
11010,2017,5,24,5,45.2
11011,2017,5,24,4,43.8
11012,2017,5,24,5,53.1
11013,2017,5,24,6,52.4
11014,2017,5,24,3,38.2
11015,2017,5,24,6,55.3
11016,2017,5,24,7,57.4
11017,2017,5,24,5,45.4
11018,2017,5,24,5,46.4
11019,2017,5,24,5,43.1
11020,2017,5,24,5,47.5
11021,2017,5,24,6,49.5
11022,2017,5,24,4,43.7
11023,2017,5,24,4,45.7
11024,2017,5,24,5,43
11025,2017,5,24,4,41.9
11026,2017,5,24,7,52.8
11027,2017,5,24,4,42.3
11028,2017,5,24,9,73.5
11029,2017,5,24,4,45.2
11030,2017,5,24,5,48.4
11031,2017,5,24,3,36.1
11032,2017,5,24,6,47.9
11033,2017,5,24,8,60.7
11034,2017,5,24,5,47.3
11035,2017,5,24,4,44.9
11036,2017,5,24,5,49.1
11037,2017,5,24,6,50
11038,2017,5,24,9,62.1
11039,2017,5,24,7,55
11040,2017,5,24,5,44.9
11041,2017,5,24,8,62.6
11042,2017,5,24,5,47
11043,2017,5,24,7,52.7
11044,2017,5,24,5,48.5
11045,2017,5,24,7,55
11046,2017,5,24,7,48.2
11047,2017,5,24,5,43.9
11048,2017,5,24,5,50
11049,2017,5,24,6,47.8
11050,2017,5,24,4,42
11051,2017,5,24,4,45.3
11052,2017,5,24,4,44.7
11053,2017,5,24,5,46.2
11054,2017,5,24,4,42
11055,2017,5,24,5,44
11056,2017,5,24,6,47.7
11057,2017,5,24,4,43.2
11058,2017,5,24,6,51.7
11059,2017,5,24,4,39.5
11060,2017,5,24,5,46
11061,2017,5,24,5,37.1
11062,2017,5,24,4,45.2
11063,2017,5,24,5,47.1
11064,2017,5,24,4,44.6
11065,2017,5,24,4,44
11066,2017,5,24,3,44.3
11067,2017,5,24,5,45.8
11068,2017,5,24,6,55.5
11069,2017,5,24,4,44.9
11070,2017,5,24,4,43
11071,2017,5,24,4,41.9
11072,2017,5,24,5,49.6
11073,2017,5,24,5,51.3
11074,2017,5,24,4,49.6
11075,2017,5,24,3,33
11076,2017,5,24,5,46.3
11077,2017,5,24,5,50
11078,2017,5,24,5,52
11079,2017,5,24,5,50.4
11080,2017,5,24,5,40.8
11081,2017,5,24,5,49.2
11082,2017,5,24,4,48.9
11083,2017,5,24,5,56.4
11084,2017,5,24,5,44.6
11085,2017,5,24,7,57.3
11086,2017,5,24,8,63.9
11087,2017,5,24,5,46.3
11088,2017,5,24,5,54
11089,2017,5,24,5,50.3
11090,2017,5,24,8,65
11091,2017,5,24,6,52.2
11092,2017,5,24,6,53
11093,2017,5,24,5,45
11094,2017,5,24,8,70.4
11095,2017,5,24,5,44.7
11096,2017,5,24,7,59.6
11097,2017,5,24,5,51.8
11098,2017,5,24,5,55.7
11099,2017,5,24,5,53.2
11100,2017,5,24,5,46.8
11101,2017,5,24,7,57.8
11102,2017,5,24,6,53
11103,2017,5,24,5,47.5
11104,2017,5,24,5,48.2
11105,2017,5,24,5,45.8
11106,2017,5,24,7,60
11107,2017,5,24,7,58
11108,2017,5,24,5,45.5
11109,2017,5,24,5,50.4
11110,2017,5,24,5,44.9
11111,2017,5,24,4,42
11112,2017,5,24,6,55.8
11113,2017,5,24,6,53.4
11114,2017,5,24,7,58.7
11115,2017,5,24,5,45.4
11116,2017,5,24,4,42.4
11117,2017,5,24,5,48.5
11118,2017,5,24,5,48.7
11119,2017,5,24,4,41.6
11120,2017,5,24,5,48.5
11121,2017,5,24,7,70
11122,2017,5,24,5,46.5
11123,2017,5,24,5,45.7
11124,2017,5,24,5,54.6
11125,2017,5,24,6,53.7
11126,2017,5,24,6,50.5
11127,2017,5,24,4,44.7
11128,2017,5,24,6,53.6
11129,2017,5,24,6,55
11130,2017,5,24,5,53.7
11131,2017,5,24,4,43.7
11132,2017,5,24,5,43.5
11133,2017,5,24,6,53.3
11134,2017,5,24,5,46.8
11135,2017,5,24,6,56.5
11136,2017,5,24,5,50.9
11137,2017,5,24,4,40.8
11138,2017,5,24,4,39.7
11139,2017,5,24,8,67.2
11140,2017,5,24,6,58.4
11141,2017,5,24,6,48.4
11142,2017,5,24,3,36.6
11143,2017,5,24,4,43.8
11144,2017,5,24,3,40.7
11145,2017,5,24,6,57.6
11146,2017,5,24,7,62
11147,2017,5,24,5,47.8
11148,2017,5,24,4,43.7
11149,2017,5,24,5,49.6
11150,2017,5,24,5,48.1
11151,2017,5,24,6,57.6
11152,2017,5,24,5,43.6
11153,2017,5,24,8,58.3
11154,2017,5,24,5,49
11155,2017,5,24,5,48.4
11156,2017,5,24,6,54.1
11157,2017,5,24,6,52.7
11158,2017,5,24,5,51.6
11159,2017,5,24,7,66.2
11160,2017,5,24,5,44.2
11161,2017,5,24,4,48.2
11162,2017,5,24,4,41.8
11163,2017,5,24,5,52.7
11164,2017,5,24,4,45
11165,2017,5,24,5,52.1
11166,2017,5,24,8,72.5
11167,2017,5,24,7,71.6
11168,2017,5,24,5,50.2
11169,2017,5,24,6,54.7
11170,2017,5,24,5,50.7
11171,2017,5,24,5,44.7
11172,2017,5,24,5,44.1
11173,2017,5,24,5,51.2
11174,2017,5,24,5,57.6
11175,2017,5,24,5,50.8
11176,2017,5,24,6,53.5
11177,2017,5,24,4,39
11178,2017,5,24,4,47.5
11179,2017,5,24,4,47.3
11180,2017,5,24,4,43
11181,2017,5,24,6,53.8
11182,2017,5,24,4,43.3
11183,2017,5,24,5,43.2
11184,2017,5,24,5,48.1
11185,2017,5,24,3,37.1
11186,2017,5,24,4,44.2
11187,2017,5,24,6,50.8
11188,2017,5,24,4,44
11189,2017,5,24,5,46.6
11190,2017,5,24,4,43.1
11191,2017,5,24,4,39.9
11192,2017,5,24,4,48.6
11193,2017,5,24,3,38.9
11194,2017,5,24,5,46.3
11195,2017,5,24,5,49.6
11196,2017,5,24,7,68
11197,2017,5,24,5,45
11198,2017,5,24,4,47.2
11199,2017,5,24,4,44.1
11200,2017,5,24,6,51.2
11201,2017,5,24,5,44.3
11202,2017,5,24,9,78.8
11203,2017,5,24,6,58.1
11204,2017,5,24,4,43.4
11205,2017,5,24,6,49.5
11206,2017,5,24,5,43.4
11207,2017,5,24,3,37.6
11208,2017,5,24,5,49.1
11209,2017,5,24,5,46.9
11210,2017,5,24,6,54.4
11211,2017,5,24,5,39.1
11212,2017,5,24,6,53.4
11213,2017,5,24,5,54.3
11214,2017,5,24,4,44.8
11215,2017,5,24,6,50.4
11216,2017,5,24,5,48.7
11217,2017,5,24,5,51.8
11218,2017,5,24,6,50.5
11219,2017,5,24,5,50.7
11220,2017,5,24,5,49.8
11221,2017,5,24,5,42.3
11222,2017,5,24,5,48.3
11223,2017,5,24,5,52.5
11224,2017,5,24,6,56.5
11225,2017,5,24,4,41.9
11226,2017,5,24,5,44.9
11227,2017,5,24,4,40.2
11228,2017,5,24,5,42.4
11229,2017,5,24,5,49.2
11230,2017,5,24,5,43.8
11231,2017,5,24,4,42.5
11232,2017,5,24,5,44.2
11233,2017,5,24,5,46.8
11234,2017,5,24,6,58
11235,2017,5,24,4,45.5
11236,2017,5,24,5,45.7
11237,2017,5,24,5,42.5
11238,2017,5,25,5,50.3
11239,2017,5,25,5,52.3
11240,2017,5,25,5,49.1
11241,2017,5,25,5,49
11242,2017,5,25,5,47.1
11243,2017,5,25,5,45.7
11244,2017,5,25,6,48.7
11245,2017,5,25,3,37.2
11246,2017,5,25,5,44.2
11247,2017,5,25,6,48.8
11248,2017,5,25,4,41.4
11249,2017,5,25,5,47.4
11250,2017,5,25,6,52.7
11251,2017,5,25,5,46.7
11252,2017,5,25,5,46.4
11253,2017,5,25,5,44.6
11254,2017,5,25,4,41.4
11255,2017,5,25,6,46.8
11256,2017,5,25,5,43.8
11257,2017,5,25,4,42.9
11258,2017,5,25,5,49.5
11259,2017,5,25,5,44.8
11260,2017,5,25,6,47.2
11261,2017,5,25,5,52.5
11262,2017,5,25,4,43.3
11263,2017,5,25,5,46.2
11264,2017,5,25,5,53.5
11265,2017,5,25,5,46
11266,2017,5,25,4,42.7
11267,2017,5,25,3,37.8
11268,2017,5,25,5,50.4
11269,2017,5,25,5,48.5
11270,2017,5,25,6,47.3
11271,2017,5,25,5,46.3
11272,2017,5,25,5,48.7
11273,2017,5,25,4,45.5
11274,2017,5,25,3,36.1
11275,2017,5,25,3,40
11276,2017,5,25,5,52.7
11277,2017,5,25,5,47.9
11278,2017,5,25,4,42.5
11279,2017,5,25,4,39
11280,2017,5,25,5,47.6
11281,2017,5,25,5,47.7
11282,2017,5,25,5,46
11283,2017,5,25,5,51.4
11284,2017,5,25,5,45.3
11285,2017,5,25,4,47.2
11286,2017,5,25,5,49.5
11287,2017,5,25,4,46.1
11288,2017,5,25,3,34.7
11289,2017,5,25,5,52.5
11290,2017,5,25,7,60
11291,2017,5,25,5,49.6
11292,2017,5,25,5,50.1
11293,2017,5,25,5,45.7
11294,2017,5,25,3,36
11295,2017,5,25,4,45.6
11296,2017,5,25,4,43
11297,2017,5,25,5,48.7
11298,2017,5,25,3,35.9
11299,2017,5,25,4,44.4
11300,2017,5,25,5,50.3
11301,2017,5,25,5,45.7
11302,2017,5,25,5,46.3
11303,2017,5,25,5,47
11304,2017,5,25,5,46.1
11305,2017,5,25,4,40.4
11306,2017,5,25,5,47.8
11307,2017,5,25,5,44.5
11308,2017,5,25,5,45.3
11309,2017,5,25,5,48
11310,2017,5,25,4,44
11311,2017,5,25,3,36.5
11312,2017,5,25,5,47.2
11313,2017,5,25,6,59.5
11314,2017,5,25,5,54.1
11315,2017,5,25,5,49
11316,2017,5,25,5,44.5
11317,2017,5,25,5,49.1
11318,2017,5,25,5,49.7
11319,2017,5,25,7,54.6
11320,2017,5,25,5,40.6
11321,2017,5,25,5,46.9
11322,2017,5,25,5,48.7
11323,2017,5,25,4,49
11324,2017,5,25,4,42.1
11325,2017,5,25,5,43.4
11326,2017,5,25,5,52.9
11327,2017,5,25,4,44.7
11328,2017,5,25,5,51.4
11329,2017,5,25,5,49.5
11330,2017,5,25,4,45.3
11331,2017,5,25,5,48
11332,2017,5,25,5,46.4
11333,2017,5,25,3,36.7
11334,2017,5,25,5,49.2
11335,2017,5,25,5,44.2
11336,2017,5,25,5,49.9
11337,2017,5,25,5,47.1
11338,2017,5,25,4,48.1
11339,2017,5,25,3,36.2
11340,2017,5,25,5,49.1
11341,2017,5,25,6,46.5
11342,2017,5,25,5,48.1
11343,2017,5,25,5,49.6
11344,2017,5,25,4,43.6
11345,2017,5,25,5,47.7
11346,2017,5,25,3,38.2
11347,2017,5,25,5,47.1
11348,2017,5,25,5,45.8
11349,2017,5,25,5,50.8
11350,2017,5,25,5,44.5
11351,2017,5,25,4,47.1
11352,2017,5,25,6,60.5
11353,2017,5,25,5,59
11354,2017,5,25,4,40.9
11355,2017,5,25,4,44.5
11356,2017,5,25,3,36.5
11357,2017,5,26,5,53.4
11358,2017,5,26,5,48.4
11359,2017,5,26,10,69.7
11360,2017,5,26,7,55
11361,2017,5,26,4,43.2
11362,2017,5,26,5,46.8
11363,2017,5,26,4,42.9
11364,2017,5,26,5,49.4
11365,2017,5,26,4,44
11366,2017,5,26,4,43.6
11367,2017,5,26,5,49.6
11368,2017,5,26,6,53.6
11369,2017,5,26,6,57.7
11370,2017,5,26,5,53.5
11371,2017,5,26,4,46
11372,2017,5,26,5,48
11373,2017,5,26,4,43
11374,2017,5,26,4,43.5
11375,2017,5,26,7,57.1
11376,2017,5,26,9,68
11377,2017,5,26,7,65.2
11378,2017,5,26,4,45.4
11379,2017,5,26,5,47
11380,2017,5,26,5,43
11381,2017,5,26,4,43.5
11382,2017,5,26,5,50.1
11383,2017,5,26,4,42.8
11384,2017,5,26,5,49.5
11385,2017,5,26,4,44
11386,2017,5,26,3,34.4
11387,2017,5,26,5,49.8
11388,2017,5,26,5,44.3
11389,2017,5,26,4,45
11390,2017,5,26,8,58.6
11391,2017,5,26,5,48.7
11392,2017,5,26,5,46.1
11393,2017,5,26,5,46
11394,2017,5,26,5,43.9
11395,2017,5,26,3,34.8
11396,2017,5,26,5,42.8
11397,2017,5,26,4,42.5
11398,2017,5,26,5,48.9
11399,2017,5,26,4,45.4
11400,2017,5,26,4,44.3
11401,2017,5,26,5,56
11402,2017,5,26,5,49.3
11403,2017,5,26,4,42.2
11404,2017,5,26,3,40.1
11405,2017,5,26,4,45.7
11406,2017,5,26,4,41
11407,2017,5,26,5,51.2
11408,2017,5,26,5,48
11409,2017,5,26,4,55.5
11410,2017,5,26,5,47.7
11411,2017,5,26,4,39.7
11412,2017,5,26,3,42.6
11413,2017,5,26,4,44.1
11414,2017,5,26,4,41.2
11415,2017,5,26,4,48.3
11416,2017,5,26,4,41.4
11417,2017,5,26,6,57.3
11418,2017,5,26,4,40.1
11419,2017,5,26,3,38.9
11420,2017,5,26,5,45.6
11421,2017,5,26,4,47.7
11422,2017,5,26,5,46.5
11423,2017,5,26,7,55.5
11424,2017,5,26,5,46.4
11425,2017,5,26,5,47.9
11426,2017,5,26,5,48.9
11427,2017,5,26,5,50.3
11428,2017,5,26,5,48.7
11429,2017,5,26,5,46.8
11430,2017,5,26,5,49.5
11431,2017,5,26,5,48.1
11432,2017,5,26,4,48
11433,2017,5,26,5,47.8
11434,2017,5,26,5,49.5
11435,2017,5,26,5,51.8
11436,2017,5,26,3,37.8
11437,2017,5,26,5,48.4
11438,2017,5,26,5,50
11439,2017,5,26,3,41.9
11440,2017,5,26,5,47.1
11441,2017,5,26,4,45.4
11442,2017,5,26,5,49.2
11443,2017,5,26,5,48.3
11444,2017,5,26,4,43.9
11445,2017,5,26,4,43.5
11446,2017,5,26,4,46.9
11447,2017,5,26,5,45.6
11448,2017,5,26,4,44.4
11449,2017,5,26,4,48.3
11450,2017,5,26,5,47.3
11451,2017,5,26,5,47.3
11452,2017,5,26,8,80.8
11453,2017,5,26,5,48.2
11454,2017,5,26,5,50
11455,2017,5,26,5,51
11456,2017,5,26,5,47.7
11457,2017,5,26,6,64.1
11458,2017,5,26,4,44.2
11459,2017,5,26,5,47
11460,2017,5,26,4,48.6
11461,2017,5,26,5,52.4
11462,2017,5,26,5,47.4
11463,2017,5,26,5,51.5
11464,2017,5,26,5,47
11465,2017,5,26,4,43.4
11466,2017,5,26,4,41
11467,2017,5,26,5,46.1
11468,2017,5,26,5,47.7
11469,2017,5,26,5,51.5
11470,2017,5,26,5,49.1
11471,2017,5,26,4,46.6
11472,2017,5,26,5,48.1
11473,2017,5,26,4,45.6
11474,2017,5,26,4,47.6
11475,2017,5,26,5,49.1
11476,2017,5,26,4,48.1
11477,2017,5,26,5,46.2
11478,2017,5,26,5,52.2
11479,2017,5,26,5,48.5
11480,2017,5,26,3,35.5
11481,2017,5,26,5,48.9
11482,2017,5,26,5,51.7
11483,2017,5,26,5,49.8
11484,2017,5,26,5,46.4
11485,2017,5,26,5,48.1
11486,2017,5,26,4,40.1
11487,2017,5,26,5,47.1
11488,2017,5,26,5,45.5
11489,2017,5,26,5,46.6
11490,2017,5,26,5,47.8
11491,2017,5,26,5,50.2
11492,2017,5,26,4,45.2
11493,2017,5,26,5,54.7
11494,2017,5,26,5,48.3
11495,2017,5,26,5,48
11496,2017,5,26,6,55.4
11497,2017,5,26,5,51.5
11498,2017,5,26,5,46.2
11499,2017,5,26,6,59
11500,2017,5,26,5,51.2
11501,2017,5,26,4,49
11502,2017,5,26,5,58.3
11503,2017,5,26,5,55.4
11504,2017,5,26,5,50.1
11505,2017,5,26,5,45.7
11506,2017,5,26,5,48.7
11507,2017,5,26,3,35.5
11508,2017,5,26,5,50.3
11509,2017,5,26,4,47.5
11510,2017,5,26,5,45.6
11511,2017,5,26,4,45.5
11512,2017,5,26,5,48
11513,2017,5,26,4,46.2
11514,2017,5,26,6,59.6
11515,2017,5,26,5,46.8
11516,2017,5,26,4,37.8
11517,2017,5,31,5,52.8
11518,2017,5,31,4,49.8
11519,2017,5,31,7,61.8
11520,2017,5,31,4,49.9
11521,2017,5,31,5,48.1
11522,2017,5,31,5,47.5
11523,2017,5,31,6,54.5
11524,2017,5,31,5,49.8
11525,2017,5,31,4,47.7
11526,2017,5,31,5,48.6
11527,2017,5,31,5,50.4
11528,2017,5,31,4,46.5
11529,2017,5,31,5,55.2
11530,2017,5,31,5,45.1
11531,2017,5,31,5,46
11532,2017,5,31,5,53.7
11533,2017,5,31,5,49.6
11534,2017,5,31,5,48.2
11535,2017,5,31,5,51.2
11536,2017,5,31,5,48.2
11537,2017,5,31,6,55.2
11538,2017,5,31,5,45.9
11539,2017,5,31,5,49
11540,2017,5,31,10,73.1
11541,2017,5,31,5,49
11542,2017,5,31,5,43.3
11543,2017,5,31,5,48.5
11544,2017,5,31,4,41
11545,2017,5,31,5,51
11546,2017,5,31,5,47.1
11547,2017,5,31,6,61.5
11548,2017,5,31,6,59.1
11549,2017,5,31,5,47.5
11550,2017,5,31,5,47.5
11551,2017,5,31,4,38.5
11552,2017,5,31,5,47.4
11553,2017,5,31,5,52
11554,2017,5,31,5,50.5
11555,2017,5,31,4,46.5
11556,2017,5,31,5,49
11557,2017,5,31,7,72.2
11558,2017,5,31,5,49.5
11559,2017,5,31,5,51.5
11560,2017,5,31,5,54.4
11561,2017,5,31,7,57.2
11562,2017,5,31,4,43.1
11563,2017,5,31,3,36.6
11564,2017,6,1,4,40.5
11565,2017,6,1,6,57
11566,2017,6,1,3,38.2
11567,2017,6,1,5,49.5
11568,2017,6,1,5,42.5
11569,2017,6,1,5,50
11570,2017,6,1,7,55.4
11571,2017,6,1,4,48
11572,2017,6,1,3,36.1
11573,2017,6,1,5,48.8
11574,2017,6,1,6,59.5
11575,2017,6,1,5,46.2
11576,2017,6,1,3,36.6
11577,2017,6,1,4,42
11578,2017,6,1,6,56.2
11579,2017,6,1,5,44.2
11580,2017,6,1,5,47.2
11581,2017,6,1,5,48.5
11582,2017,6,1,5,48.5
11583,2017,6,1,5,51
11584,2017,6,1,5,45.3
11585,2017,6,1,3,38.7
11586,2017,6,1,5,43.6
11587,2017,6,1,5,48.5
11588,2017,6,1,5,53.5
11589,2017,6,1,5,51.1
11590,2017,6,1,5,49.2
11591,2017,6,1,5,54.5
11592,2017,6,1,5,46.2
11593,2017,6,1,5,50.2
11594,2017,6,1,4,40.5
11595,2017,6,1,3,35.5
11596,2017,6,1,5,43.4
11597,2017,6,1,5,45.7
11598,2017,6,1,5,46.8
11599,2017,6,1,5,52.6
11600,2017,6,1,4,41.7
11601,2017,6,1,4,52.3
11602,2017,6,1,5,46.1
11603,2017,6,1,4,48.1
11604,2017,6,1,5,47.7
11605,2017,6,1,4,41
11606,2017,6,1,5,48.5
11607,2017,6,1,5,51.1
11608,2017,6,1,5,44.8
11609,2017,6,1,5,47.5
11610,2017,6,1,5,50.4
11611,2017,6,1,6,51.1
11612,2017,6,1,4,46.1
11613,2017,6,1,5,47.5
11614,2017,6,1,5,48.6
11615,2017,6,1,6,59.7
11616,2017,6,1,5,50.1
11617,2017,6,1,5,50
11618,2017,6,1,5,42.5
11619,2017,6,1,5,51.5
11620,2017,6,1,3,36.8
11621,2017,6,1,5,44.7
11622,2017,6,1,3,38.8
11623,2017,6,1,5,45.7
11624,2017,6,1,5,48
11625,2017,6,1,5,51.1
11626,2017,6,1,5,48.8
11627,2017,6,1,5,51.2
11628,2017,6,1,4,42.7
11629,2017,6,1,5,50.7
11630,2017,6,1,6,50.5
11631,2017,6,1,5,49.2
11632,2017,6,1,5,47.5
11633,2017,6,1,5,48.4
11634,2017,6,1,5,50.7
11635,2017,6,1,6,55
11636,2017,6,1,5,46
11637,2017,6,1,3,34.6
11638,2017,6,1,5,45.1
11639,2017,6,1,5,56.2
11640,2017,6,1,5,46.4
11641,2017,6,1,5,51.3
11642,2017,6,1,5,46.7
11643,2017,6,1,5,50.6
11644,2017,6,1,5,51.2
11645,2017,6,1,4,44.8
11646,2017,6,1,6,58.8
11647,2017,6,1,5,52
11648,2017,6,1,5,48.1
11649,2017,6,1,4,44.5
11650,2017,6,1,5,47.5
11651,2017,6,1,5,46
11652,2017,6,1,5,50.5
11653,2017,6,1,4,46.1
11654,2017,6,1,5,50.3
11655,2017,6,1,5,51.5
11656,2017,6,1,5,49.8
11657,2017,6,1,7,59.5
11658,2017,6,1,6,54.8
11659,2017,6,1,6,53.8
11660,2017,6,1,5,50.7
11661,2017,6,1,5,53
11662,2017,6,1,3,40.4
11663,2017,6,1,5,48
11664,2017,6,1,7,59.5
11665,2017,6,1,5,47.4
11666,2017,6,1,5,49.2
11667,2017,6,1,5,43.8
11668,2017,6,1,5,47.2
11669,2017,6,1,5,49
11670,2017,6,1,3,35.3
11671,2017,6,1,5,47.1
11672,2017,6,1,5,50
11673,2017,6,1,4,38.2
11674,2017,6,1,5,50.1
11675,2017,6,1,5,51.8
11676,2017,6,1,5,45.5
11677,2017,6,1,6,55.2
11678,2017,6,1,5,45
11679,2017,6,1,5,45.1
11680,2017,6,1,3,39
11681,2017,6,1,6,56.2
11682,2017,6,1,5,46.5
11683,2017,6,1,5,46.8
11684,2017,6,1,5,46.3
11685,2017,6,1,5,45
11686,2017,6,1,9,68.6
11687,2017,6,1,8,67.7
11688,2017,6,1,9,68
11689,2017,6,1,8,67.9
11690,2017,6,1,10,72.6
11691,2017,6,1,9,74.9
11692,2017,6,2,6,54.5
11693,2017,6,2,10,66.1
11694,2017,6,2,9,71.4
11695,2017,6,2,12,79.5
11696,2017,6,2,8,70.4
11697,2017,6,2,9,68.3
11698,2017,6,2,9,78
11699,2017,6,2,9,79.6
11700,2017,6,2,8,72.5
11701,2017,6,2,8,65.6
11702,2017,6,5,7,68.5
11703,2017,6,5,8,67.5
11704,2017,6,5,8,65.5
11705,2017,6,5,8,68
11706,2017,6,5,7,66
11707,2017,6,5,9,75.2
11708,2017,6,5,7,66.7
11709,2017,6,6,9,72.7
11710,2017,6,6,8,66.4
11711,2017,6,6,9,70
11712,2017,6,6,6,63
11713,2017,6,7,10,77
11714,2017,6,7,9,76.9
11715,2017,6,7,9,75.4
11716,2017,6,8,3,37.4
11717,2017,6,8,4,39
11718,2017,6,8,3,36.4
11719,2017,6,8,3,37
11720,2017,6,8,4,39.9
11721,2017,6,8,3,36.1
11722,2017,6,8,3,36.5
11723,2017,6,8,3,35.5
11724,2017,6,8,3,36.7
11725,2017,6,8,3,34
11726,2017,6,8,4,36.3
11727,2017,6,8,3,38.9
11728,2017,6,8,3,34
11729,2017,6,8,4,39
11730,2017,6,8,3,35.5
11731,2017,6,8,3,35.9
11732,2017,6,8,3,35.1
11733,2017,6,8,3,38
11734,2017,6,8,3,34.6
11735,2017,6,8,3,36
11736,2017,6,8,3,36.2
11737,2017,6,8,3,35.3
11738,2017,6,9,4,38.9
11739,2017,6,9,4,39.3
11740,2017,6,9,3,36.8
11741,2017,6,9,3,36.2
11742,2017,6,9,3,34.7
11743,2017,6,9,3,37.5
11744,2017,6,9,3,38.1
11745,2017,6,9,4,38.6
11746,2017,6,9,3,37.3
11747,2017,6,9,3,37.6
11748,2017,6,9,3,35.8
11749,2017,6,9,4,38.4
11750,2017,6,9,4,38.6
11751,2017,6,9,3,35.6
11752,2017,6,9,4,39.9
11753,2017,6,9,4,38.6
11754,2017,5,24,6,59
11755,2017,5,24,4,43.4
11756,2017,5,24,4,31
11757,2017,5,24,4,43.6
11758,2017,5,24,4,41.6
11759,2017,5,24,4,39.6
11760,2017,5,24,4,44.6
11761,2017,5,24,5,43
11762,2017,5,24,7,57.8
11763,2017,5,24,9,69.1
11764,2017,5,25,4,40
11765,2017,5,25,9,67.1
11766,2017,5,25,6,46.3
11767,2017,5,25,3,38.4
11768,2017,5,25,6,53.4
11769,2017,5,25,5,46.7
11770,2017,5,25,5,47.6
11771,2017,5,25,4,41
11772,2017,5,25,5,44.3
11773,2017,5,25,6,50.1
11774,2017,5,25,5,47.1
11775,2017,5,25,5,48.6
11776,2017,5,25,6,53.7
11777,2017,5,25,5,49.4
11778,2017,5,25,5,48.6
11779,2017,5,25,6,54.6
11780,2017,5,25,6,54.5
11781,2017,5,25,5,43.5
11782,2017,5,25,5,52.4
11783,2017,5,25,6,54
11784,2017,5,25,5,41.4
11785,2017,5,25,5,53.5
11786,2017,5,25,5,52.2
11787,2017,5,25,5,44.5
11788,2017,5,25,5,44.9
11789,2017,5,25,5,42.8
11790,2017,5,25,6,58.5
11791,2017,5,25,7,62.4
11792,2017,5,25,5,42.5
11793,2017,5,25,4,40.8
11794,2017,5,25,6,49
11795,2017,5,25,7,56.6
11796,2017,5,25,5,45.1
11797,2017,5,25,6,51.1
11798,2017,5,25,4,48.2
11799,2017,5,25,7,60.2
11800,2017,5,25,5,44
11801,2017,5,25,5,46
11802,2017,5,25,5,46.1
11803,2017,5,25,7,54.5
11804,2017,5,25,7,61
11805,2017,5,25,6,49.5
11806,2017,5,25,5,41.8
11807,2017,5,25,6,53.1
11808,2017,5,25,5,46.6
11809,2017,5,25,5,46.6
11810,2017,5,25,5,51.3
11811,2017,5,25,5,43
11812,2017,5,25,5,47
11813,2017,5,25,5,44
11814,2017,5,25,5,46.6
11815,2017,5,25,6,56.1
11816,2017,5,25,5,44.1
11817,2017,5,25,5,47.3
11818,2017,5,25,5,45
11819,2017,5,25,5,46.5
11820,2017,5,25,5,43.6
11821,2017,5,25,4,45.7
11822,2017,5,25,5,45.5
11823,2017,5,25,5,43
11824,2017,5,25,4,41.4
11825,2017,5,25,4,42.3
11826,2017,5,25,7,62.5
11827,2017,5,25,5,44.7
11828,2017,5,25,5,46.9
11829,2017,5,25,5,48.9
11830,2017,5,25,5,47.2
11831,2017,5,25,4,40.5
11832,2017,5,25,3,34.9
11833,2017,5,25,6,50.8
11834,2017,5,25,7,60.1
11835,2017,5,25,5,49.1
11836,2017,5,25,4,43.6
11837,2017,5,25,6,56
11838,2017,5,25,5,44
11839,2017,5,25,5,44.1
11840,2017,5,25,5,46.4
11841,2017,5,25,7,61
11842,2017,5,25,5,45
11843,2017,5,25,5,44.6
11844,2017,5,25,5,50.1
11845,2017,5,25,5,47
11846,2017,5,25,5,48.5
11847,2017,5,25,5,50
11848,2017,5,25,5,46.7
11849,2017,5,25,4,43.9
11850,2017,5,25,5,46
11851,2017,5,25,4,43.6
11852,2017,5,25,6,52.6
11853,2017,5,25,8,65
11854,2017,5,25,7,60
11855,2017,5,25,5,50.9
11856,2017,5,25,5,43.5
11857,2017,5,25,4,41.6
11858,2017,5,25,5,45.2
11859,2017,5,25,3,37
11860,2017,5,25,5,43.7
11861,2017,5,25,5,45.1
11862,2017,5,25,6,45.4
11863,2017,5,25,7,52
11864,2017,5,25,5,46
11865,2017,5,25,5,44.5
11866,2017,5,25,5,41.5
11867,2017,5,26,9,68.6
11868,2017,5,26,5,45.9
11869,2017,5,26,4,47.2
11870,2017,6,1,9,62.5
11871,2017,6,1,7,61.8
11872,2017,6,2,8,62.5
11873,2017,6,2,6,61
11874,2017,6,2,7,64.8
11875,2017,6,2,8,61.8
11876,2017,6,2,9,66.8
11877,2017,6,2,9,68.6
11878,2017,6,2,8,73.4
11879,2017,6,2,7,62.9
11880,2017,6,2,9,73.8
11881,2017,6,3,8,68.7
11882,2017,6,3,8,65.5
11883,2017,6,3,7,65.8
11884,2017,6,3,8,67.8
11885,2017,6,3,8,69
11886,2017,6,3,9,69.4
11887,2017,6,4,8,65.9
11888,2017,6,4,9,70.4
11889,2017,6,4,9,73.9
11890,2017,6,4,10,69
11891,2017,6,4,7,68
11892,2017,6,4,8,71.4
11893,2017,6,4,7,71.5
11894,2017,6,4,7,65.5
11895,2017,6,4,8,71.5
11896,2017,6,4,8,65.5
11897,2017,6,4,9,74.5
11898,2017,6,4,10,68.8
11899,2017,6,4,7,69.5
11900,2017,6,4,8,68.8
11901,2017,6,5,11,74.3
11902,2017,6,5,10,75.8
11903,2017,6,5,7,64.2
11904,2017,6,5,7,64.3
11905,2017,6,5,7,63.2
11906,2017,6,5,11,73.5
11907,2017,6,5,10,72
11908,2017,6,7,8,69
11909,2017,6,8,9,64
11910,2017,6,8,8,68.1
11911,2017,6,9,9,70.4
11912,2017,6,9,9,73
11913,2017,6,14,8,65.7
11914,2017,6,22,6,50.7
11915,2017,6,29,6,58.8
11916,2017,6,29,7,50.9
11917,2017,6,6,9,68.5
11918,2017,6,7,8,65.6
11919,2017,6,7,8,65.7
11920,2017,6,8,10,74.7
11921,2018,5,23,5,45.9
11922,2018,5,23,3,34.2
11923,2018,5,23,3,40.4
11924,2018,5,23,6,57.4
11925,2018,5,23,5,49.7
11926,2018,5,23,5,51.1
11927,2018,5,23,4,43.2
11928,2018,5,23,5,43
11929,2018,5,23,3,40.2
11930,2018,5,23,4,43.4
11931,2018,5,23,4,44.2
11932,2018,5,23,7,59.7
11933,2018,5,23,5,46.2
11934,2018,5,23,5,42.1
11935,2018,5,23,5,49.2
11936,2018,5,23,3,38.1
11937,2018,5,23,5,46.7
11938,2018,5,23,8,66.2
11939,2018,5,23,4,46
11940,2018,5,23,3,43
11941,2018,5,23,5,43.4
11942,2018,5,23,5,48.1
11943,2018,5,23,3,34
11944,2018,5,23,4,38.9
11945,2018,5,23,5,48
11946,2018,5,23,3,35.6
11947,2018,5,23,4,43.5
11948,2018,5,23,4,41.5
11949,2018,5,23,4,45.4
11950,2018,5,23,4,43.4
11951,2018,5,23,5,42.4
11952,2018,5,23,5,45.6
11953,2018,5,23,5,45
11954,2018,5,23,4,42.1
11955,2018,5,23,4,49.5
11956,2018,5,23,5,46.2
11957,2018,5,23,3,39.8
11958,2018,5,23,4,45.1
11959,2018,5,23,5,50.3
11960,2018,5,23,5,50.2
11961,2018,5,23,4,43.8
11962,2018,5,23,5,45.5
11963,2018,5,23,5,48.7
11964,2018,5,23,5,44.5
11965,2018,5,23,6,49
11966,2018,5,23,4,42.1
11967,2018,5,23,5,54.6
11968,2018,5,23,6,45.6
11969,2018,5,23,4,41.6
11970,2018,5,23,6,49.1
11971,2018,5,23,5,46.2
11972,2018,5,23,3,36.7
11973,2018,5,23,6,52.2
11974,2018,5,23,5,49.4
11975,2018,5,23,5,45.1
11976,2018,5,23,6,61.9
11977,2018,5,23,5,44.1
11978,2018,5,23,8,63
11979,2018,5,23,6,49.6
11980,2018,5,23,5,43
11981,2018,5,23,4,41.2
11982,2018,5,23,4,41.7
11983,2018,5,23,5,46
11984,2018,5,23,6,61.7
11985,2018,5,23,3,38.7
11986,2018,5,23,6,51.5
11987,2018,5,23,4,42.3
11988,2018,5,23,5,47.5
11989,2018,5,23,4,39.9
11990,2018,5,23,5,44.5
11991,2018,5,23,4,44.6
11992,2018,5,23,5,48.8
11993,2018,5,23,4,43.1
11994,2018,5,24,5,46.8
11995,2018,5,24,4,43.4
11996,2018,5,24,5,43.3
11997,2018,5,24,6,57.6
11998,2018,5,24,4,41.3
11999,2018,5,24,4,41.4
12000,2018,5,24,4,39
12001,2018,5,24,4,42
12002,2018,5,24,4,40
12003,2018,5,24,6,52.5
12004,2018,5,24,6,50
12005,2018,5,24,5,42.3
12006,2018,5,24,5,46.3
12007,2018,5,24,6,50.2
12008,2018,5,24,4,41.8
12009,2018,5,24,4,40.8
12010,2018,5,24,4,47.8
12011,2018,5,24,7,47.4
12012,2018,5,24,4,41.6
12013,2018,5,24,4,43.1
12014,2018,5,24,4,40.8
12015,2018,5,22,5,44.5
12016,2018,5,22,3,33.6
12017,2018,5,22,4,45.2
12018,2018,5,22,6,49.3
12019,2018,5,22,6,56.6
12020,2018,5,22,6,46.8
12021,2018,5,22,3,36.1
12022,2018,5,22,5,42.8
12023,2018,5,22,4,40
12024,2018,5,22,4,40.4
12025,2018,5,22,5,51.6
12026,2018,5,22,6,49.7
12027,2018,5,22,5,52
12028,2018,5,22,4,44.6
12029,2018,5,22,6,49.8
12030,2018,5,22,4,41
12031,2018,5,22,5,47.2
12032,2018,5,22,5,45.1
12033,2018,5,22,4,42
12034,2018,5,22,5,43.7
12035,2018,5,22,5,48.2
12036,2018,5,22,6,48.1
12037,2018,5,22,4,43.3
12038,2018,5,22,6,48
12039,2018,5,22,4,41.1
12040,2018,5,22,4,47.6
12041,2018,5,22,5,49.1
12042,2018,5,22,6,50.3
12043,2018,5,22,5,41.1
12044,2018,5,22,5,45.5
12045,2018,5,22,6,50.4
12046,2018,5,22,4,43.2
12047,2018,5,22,5,47.6
12048,2018,5,22,5,45
12049,2018,5,22,5,45.2
12050,2018,5,22,5,47.8
12051,2018,5,22,4,44.3
12052,2018,5,22,5,47.2
12053,2018,5,22,5,49.9
12054,2018,5,22,4,39.3
12055,2018,5,22,4,41.1
12056,2018,5,22,3,38.7
12057,2018,5,22,6,46.7
12058,2018,5,22,6,47.3
12059,2018,5,22,5,44.6
12060,2018,5,22,6,55.2
12061,2018,5,22,5,45
12062,2018,5,22,6,55.5
12063,2018,5,22,4,48.2
12064,2018,5,22,5,43.4
12065,2018,5,22,5,49.5
12066,2018,5,22,3,35.2
12067,2018,5,22,6,50.8
12068,2018,5,22,4,42.8
12069,2018,5,22,3,32.6
12070,2018,5,22,5,49.3
12071,2018,5,22,6,48
12072,2018,5,22,4,44.6
12073,2018,5,22,6,48.5
12074,2018,5,22,6,51.1
12075,2018,5,22,4,40.5
12076,2018,5,22,4,40.1
12077,2018,5,22,4,40.8
12078,2018,5,22,5,43.8
12079,2018,5,22,4,41.8
12080,2018,5,22,4,46.2
12081,2018,5,22,4,39.2
12082,2018,5,23,5,46.7
12083,2018,5,23,4,39.4
12084,2018,5,23,5,44.7
12085,2018,5,23,4,40.5
12086,2018,5,23,5,44.5
12087,2018,5,23,4,43.4
12088,2018,5,23,3,35.7
12089,2018,5,23,4,40.5
12090,2018,5,23,5,45
12091,2018,5,23,5,53.4
12092,2018,5,23,5,46.3
12093,2018,5,23,7,63
12094,2018,5,23,5,53.8
12095,2018,5,23,5,43.2
12096,2018,5,23,4,42.8
12097,2018,5,23,6,50.4
12098,2018,5,23,5,45.7
12099,2018,5,23,5,46.3
12100,2018,5,23,5,46.2
12101,2018,5,23,4,42.5
12102,2018,5,23,4,42.6
12103,2018,5,23,5,51.1
12104,2018,5,23,3,35.2
12105,2018,5,23,5,45
12106,2018,5,23,4,42.4
12107,2018,5,23,5,43.8
12108,2018,5,23,5,45.4
12109,2018,5,23,4,38.5
12110,2018,5,23,4,41.8
12111,2018,5,23,4,41.1
12112,2018,5,23,5,50.2
12113,2018,5,23,6,50.6
12114,2018,5,23,5,46.6
12115,2018,5,23,5,50
12116,2018,5,23,5,47.5
12117,2018,5,23,3,38.5
12118,2018,5,23,5,44.8
12119,2018,5,23,4,40.8
12120,2018,5,23,4,44.8
12121,2018,5,23,6,59.2
12122,2018,5,23,4,43.6
12123,2018,5,23,5,48
12124,2018,5,23,5,49
12125,2018,5,23,3,41.1
12126,2018,5,23,4,42.2
12127,2018,5,23,4,39.3
12128,2018,5,23,6,56
12129,2018,5,23,3,35.1
12130,2018,5,23,6,49.5
12131,2018,5,23,4,41.4
12132,2018,5,23,4,43.8
12133,2018,5,23,5,43.4
12134,2018,5,23,5,48.2
12135,2018,5,23,4,39.2
12136,2018,5,23,5,48
12137,2018,5,23,5,47.2
12138,2018,5,23,3,43.8
12139,2018,5,23,6,52.7
12140,2018,5,23,3,35.3
12141,2018,5,23,6,50.2
12142,2018,5,23,3,35.6
12143,2018,5,23,5,46.7
12144,2018,5,23,4,43.4
12145,2018,5,23,6,49.5
12146,2018,5,23,4,44.2
12147,2018,5,23,5,44.6
12148,2018,5,23,5,45
12149,2018,5,23,4,38.5
12150,2018,5,23,4,39.7
12151,2018,5,28,5,47.2
12152,2018,5,28,6,49.9
12153,2018,5,28,6,52.3
12154,2018,5,28,6,50.8
12155,2018,5,29,7,67.1
12156,2018,5,29,4,41.6
12157,2018,5,29,6,51
12158,2018,5,29,6,49.2
12159,2018,5,29,3,37
12160,2018,5,29,7,65.7
12161,2018,5,29,3,34.9
12162,2018,5,29,3,33.7
12163,2018,5,29,5,47.5
12164,2018,5,29,6,45.6
12165,2018,5,29,5,45
12166,2018,5,29,4,50.6
12167,2018,5,29,6,50
12168,2018,5,29,4,40.2
12169,2018,5,29,5,48.4
12170,2018,5,29,3,37.8
12171,2018,5,29,4,42.8
12172,2018,5,29,4,46.4
12173,2018,5,29,5,49.9
12174,2018,5,29,4,42.8
12175,2018,5,29,4,48.5
12176,2018,5,29,3,38.1
12177,2018,5,29,3,40
12178,2018,5,29,5,44.1
12179,2018,5,29,5,49
12180,2018,5,30,5,49.2
12181,2018,5,30,5,54.8
12182,2018,5,30,5,51.6
12183,2018,5,30,5,47.5
12184,2018,5,30,5,45
12185,2018,5,30,5,49.1
12186,2018,5,24,7,59.1
12187,2018,5,24,3,35.9
12188,2018,5,24,5,46.2
12189,2018,5,24,3,35.4
12190,2018,5,25,5,54.6
12191,2018,5,25,5,49.7
12192,2018,5,25,6,46.5
12193,2018,5,25,5,46.2
12194,2018,5,25,4,45.5
12195,2018,5,25,5,42.5
12196,2018,5,25,6,49.3
12197,2018,5,25,6,48.6
12198,2018,5,25,6,49.5
12199,2018,5,25,6,48.6
12200,2018,5,25,4,40.1
12201,2018,5,25,3,36.8
12202,2018,5,25,5,45.7
12203,2018,5,25,4,40.4
12204,2018,5,25,4,41.5
12205,2018,5,25,6,48.4
12206,2018,5,25,5,43.5
12207,2018,5,25,3,35.5
12208,2018,5,25,6,49.6
12209,2018,5,25,5,47.4
12210,2018,5,25,6,49.1
12211,2018,5,25,5,46.8
12212,2018,5,25,6,52
12213,2018,5,25,6,46
12214,2018,5,25,5,44.5
12215,2018,5,25,4,45.6
12216,2018,5,25,4,42.2
12217,2018,5,25,5,44.3
12218,2018,5,25,4,39.9
12219,2018,5,28,4,40.8
12220,2018,5,28,6,51.6
12221,2018,5,28,3,35.8
12222,2018,5,28,6,52.3
12223,2018,5,28,5,50.6
12224,2018,5,28,5,53.4
12225,2018,5,28,6,47.1
12226,2019,5,14,5,57.3
12227,2019,5,14,6,52.6
12228,2019,5,14,7,56.1
12229,2019,5,14,6,51.3
12230,2019,5,16,5,51
12231,2019,5,16,4,41.9
12232,2019,5,16,6,52.8
12233,2019,5,16,6,52.8
12234,2019,5,16,5,47.6
12235,2019,5,16,4,43.1
12236,2019,5,16,10,77.4
12237,2019,5,16,5,53.6
12238,2019,5,16,6,51.4
12239,2019,5,16,5,44.3
12240,2019,5,17,5,50.1
12241,2019,5,17,5,52.7
12242,2019,5,16,5,45.8
12243,2019,5,24,7,58.6
12244,2019,5,24,5,49.7
12245,2019,5,24,5,49
12246,2019,5,24,6,49.1
12247,2019,5,24,5,48.8
12248,2019,5,24,4,44.9
12249,2019,5,24,5,51.8
12250,2019,5,24,4,42.6
12251,2019,5,24,4,41.5
12252,2019,5,24,6,46.6
12253,2019,5,24,5,49.1
12254,2019,5,24,7,55.9
12255,2019,5,24,5,51.6
12256,2019,5,24,8,66.5
12257,2019,5,24,5,48.9
12258,2019,5,24,5,50.5
12259,2019,5,24,6,57.4
12260,2019,5,24,5,48.3
12261,2019,5,24,5,45.5
12262,2019,5,24,9,65
12263,2019,5,24,7,48
12264,2019,5,24,5,44.6
12265,2019,5,24,5,46.7
12266,2019,5,24,6,60
12267,2019,5,24,7,51.3
12268,2019,5,24,6,47
12269,2019,5,24,6,48
12270,2019,5,24,5,49.9
12271,2019,5,24,5,48
12272,2019,5,24,4,41.2
12273,2019,5,24,5,50.4
12274,2019,5,24,5,42.2
12275,2019,5,24,5,45.3
12276,2019,5,24,8,70.5
12277,2019,5,24,4,43.8
12278,2019,5,24,7,57
12279,2019,5,24,8,65.7
12280,2019,5,24,5,50.2
12281,2019,5,24,4,45
12282,2019,5,24,5,48.6
12283,2019,5,24,6,47.3
12284,2019,5,24,5,50
12285,2019,5,24,4,39.2
12286,2019,5,24,5,50
12287,2019,5,24,8,68.4
12288,2019,5,24,5,51.5
12289,2019,5,24,6,50
12290,2019,5,24,5,43.8
12291,2019,5,24,5,42
12292,2019,5,24,5,50
12293,2019,5,24,6,51.1
12294,2019,5,24,7,52.7
12295,2019,5,24,5,52
12296,2019,5,24,6,49.2
12297,2019,5,24,4,43.5
12298,2019,5,24,6,52.2
12299,2019,5,24,5,48.2
12300,2019,5,24,6,52.5
12301,2019,5,24,5,48.1
12302,2019,5,24,6,60.9
12303,2019,5,24,7,57.4
12304,2019,5,24,5,49
12305,2019,5,24,5,47.9
12306,2019,5,25,4,44.4
12307,2019,5,25,7,57.6
12308,2019,5,25,8,56.8
12309,2019,5,25,6,53
12310,2019,5,25,4,44.1
12311,2019,5,25,5,48.5
12312,2019,5,25,5,45.4
12313,2019,5,25,4,46.3
12314,2019,5,25,7,51.3
12315,2019,5,25,4,47.4
12316,2019,5,25,6,55.2
12317,2019,5,25,5,46.3
12318,2019,5,25,4,49.9
12319,2019,5,25,6,42.1
12320,2019,5,25,6,50.1
12321,2019,5,25,5,48.2
12322,2019,5,25,4,41.7
12323,2019,5,25,4,42.1
12324,2019,5,25,6,50.4
12325,2019,5,25,4,43.5
12326,2019,5,25,5,44.3
12327,2019,5,25,8,56.8
12328,2019,5,25,6,49.6
12329,2019,5,25,4,45.1
12330,2019,5,25,5,46.8
12331,2019,5,25,5,46.1
12332,2019,5,25,7,51.1
12333,2019,5,25,5,47.3
12334,2019,5,25,4,43.8
12335,2019,5,25,4,40.1
12336,2019,5,25,5,51.6
12337,2019,5,25,4,41.7
12338,2019,5,25,5,47.4
12339,2019,5,25,6,54
12340,2019,5,25,6,54.9
12341,2019,5,25,5,45.3
12342,2019,5,25,5,48
12343,2019,5,25,7,59.2
12344,2019,5,25,6,49
12345,2019,5,25,6,52
12346,2019,5,25,8,52.8
12347,2019,5,25,5,44.1
12348,2019,5,25,5,46.2
12349,2019,5,25,8,55
12350,2019,5,25,5,46.2
12351,2019,5,25,7,52.8
12352,2019,5,25,7,52.5
12353,2019,5,25,4,43
12354,2019,5,25,5,42
12355,2019,5,25,6,49
12356,2019,5,25,8,54.8
12357,2019,5,25,6,49.3
12358,2019,5,25,5,50.5
12359,2019,5,25,7,52.4
12360,2019,5,25,4,41.5
12361,2019,5,25,10,61
12362,2019,5,25,6,50
12363,2019,5,25,6,49.5
12364,2019,5,25,8,63
12365,2019,5,25,4,47.6
12366,2019,5,25,7,53.5
12367,2019,5,25,10,69.7
12368,2019,5,25,8,57.5
12369,2019,5,25,5,44
12370,2019,5,25,5,48.2
12371,2019,5,25,8,56
12372,2019,5,25,5,42
12373,2019,5,25,7,54.1
12374,2019,5,25,5,48.9
12375,2019,5,25,4,43.2
12376,2019,5,25,8,57.2
12377,2019,5,25,6,56.2
12378,2019,5,25,4,41
12379,2019,5,25,6,51.7
12380,2019,5,25,5,50.5
12381,2019,5,25,6,50.5
12382,2019,5,25,5,47.5
12383,2019,5,25,6,47.5
12384,2019,5,25,4,38.6
12385,2019,5,25,9,61.3
12386,2019,5,25,9,63
12387,2019,5,25,6,50.2
12388,2019,5,25,4,41.2
12389,2019,5,25,4,45.5
12390,2019,5,25,7,54.1
12391,2019,5,25,7,46.8
12392,2019,5,25,5,43.8
12393,2019,5,25,4,43.8
12394,2019,5,25,6,49.4
12395,2019,5,25,6,47
12396,2019,5,25,4,42.4
12397,2019,5,25,10,71
12398,2019,5,25,5,45.5
12399,2019,5,25,5,43.6
12400,2019,5,25,6,43.5
12401,2019,5,25,4,40.3
12402,2019,5,25,7,53.8
12403,2019,5,25,5,52
12404,2019,5,25,4,43
12405,2019,5,25,5,48.6
12406,2019,5,25,4,42
12407,2019,5,26,4,41.4
12408,2019,5,26,7,47.5
12409,2019,5,26,4,40.7
12410,2019,5,26,4,42.4
12411,2019,5,26,6,45.9
12412,2019,5,26,5,42.6
12413,2019,5,26,5,47.7
12414,2019,5,26,6,45.2
12415,2019,5,26,5,48.3
12416,2019,5,26,6,55.2
12417,2019,5,26,6,51.7
12418,2019,5,26,4,41.5
12419,2019,5,26,7,50.2
12420,2019,5,26,7,54.6
12421,2019,5,26,6,47
12422,2019,5,26,4,39.4
12423,2019,5,26,6,48.5
12424,2019,5,26,5,44
12425,2019,5,26,7,48.3
12426,2019,5,26,5,45.5
12427,2019,5,26,4,40.5
12428,2019,5,26,7,50.4
12429,2019,5,26,6,51.7
12430,2019,5,26,5,45.5
12431,2019,5,26,6,49.7
12432,2019,5,26,6,47.8
12433,2019,5,26,4,47.7
12434,2019,5,26,5,43.8
12435,2019,5,26,7,54
12436,2019,5,26,7,56.2
12437,2019,5,26,7,60.5
12438,2019,5,26,5,50.3
12439,2019,5,26,5,45.3
12440,2019,5,26,4,42.5
12441,2019,5,26,6,49.5
12442,2019,5,26,4,43.7
12443,2019,5,26,5,44.2
12444,2019,5,26,8,53.7
12445,2019,5,26,5,45.1
12446,2019,5,26,5,46.9
12447,2019,5,26,9,57.2
12448,2019,5,26,7,53.2
12449,2019,5,26,6,45.6
12450,2019,5,26,7,52.4
12451,2019,5,26,6,50.3
12452,2019,5,26,5,42
12453,2019,5,26,5,44.8
12454,2019,5,26,8,52
12455,2019,5,26,5,49.8
12456,2019,5,26,5,47.8
12457,2019,5,26,4,39.5
12458,2019,5,26,5,49.6
12459,2019,5,26,6,50.7
12460,2019,5,26,5,46.6
12461,2019,5,26,4,40.3
12462,2019,5,26,6,49.6
12463,2019,5,26,5,49.4
12464,2019,5,26,7,53.9
12465,2019,5,26,6,47.1
12466,2019,5,26,6,49.3
12467,2019,5,26,5,47.2
12468,2019,5,26,4,44.1
12469,2019,5,27,4,42
12470,2019,5,27,5,41.1
12471,2019,5,27,5,47.6
12472,2019,5,27,7,58.1
12473,2019,5,27,7,59
12474,2019,5,27,7,58.3
12475,2019,5,27,6,49
12476,2019,5,27,13,88
12477,2019,5,27,5,49.5
12478,2019,5,27,6,52.1
12479,2019,5,27,4,41.5
12480,2019,5,27,4,42.6
12481,2019,5,27,6,51.5
12482,2019,5,27,5,45
12483,2019,5,27,6,49.7
12484,2019,5,27,7,53.2
12485,2019,5,27,4,41
12486,2019,5,27,6,49.6
12487,2019,5,27,4,40.5
12488,2019,5,27,4,46.1
12489,2019,5,27,4,40.3
12490,2019,5,27,6,53.1
12491,2019,5,27,6,56.8
12492,2019,5,27,6,43.8
12493,2019,5,27,7,53.7
12494,2019,5,27,6,52.1
12495,2019,5,27,6,49
12496,2019,5,27,4,40.7
12497,2019,5,27,6,47.5
12498,2019,5,27,5,43.2
12499,2019,5,27,6,45.8
12500,2019,5,27,5,42.2
12501,2019,5,27,4,40.6
12502,2019,5,27,5,47
12503,2019,5,27,4,42.2
12504,2019,5,27,4,41.4
12505,2019,5,27,7,52.4
12506,2019,5,27,4,41.2
12507,2019,5,27,5,42.5
12508,2019,5,27,6,47.5
12509,2019,5,27,5,45.6
12510,2019,5,27,5,47.8
12511,2019,5,27,4,42.9
12512,2019,5,28,4,42.8
12513,2019,5,28,7,55.8
12514,2019,5,28,8,64.5
12515,2019,5,28,4,42.1
12516,2019,5,28,6,54.3
12517,2019,5,28,5,49.5
12518,2019,5,28,6,55
12519,2019,5,28,5,44.7
12520,2019,5,28,6,52.5
12521,2019,5,28,4,45.6
12522,2019,5,28,6,52.1
12523,2019,5,28,6,49.4
12524,2019,5,28,5,45.6
12525,2019,5,28,4,43.1
12526,2019,5,28,5,47.2
12527,2019,5,28,6,50.8
12528,2019,5,28,6,48.5
12529,2019,5,28,4,42.8
12530,2019,5,28,6,47.5
12531,2019,5,28,4,41.5
12532,2019,5,28,7,60.5
12533,2019,5,28,5,51.3
12534,2019,5,28,5,47.4
12535,2019,5,28,5,49.2
12536,2019,5,28,7,51.7
12537,2019,5,28,4,41.2
12538,2019,5,28,5,44.7
12539,2019,5,28,7,52.2
12540,2019,5,28,5,46.2
12541,2019,5,28,5,42.2
12542,2019,5,28,4,40.2
12543,2019,5,28,6,48
12544,2019,5,28,5,42.5
12545,2019,5,28,6,51.5
12546,2019,5,28,7,53.6
12547,2019,5,28,5,49.5
12548,2019,5,28,6,48.2
12549,2019,5,28,7,51.1
12550,2019,5,28,6,49.1
12551,2019,5,28,5,48.8
12552,2019,5,28,5,43
12553,2019,5,28,7,52.1
12554,2019,5,28,4,42.2
12555,2019,5,28,5,46.8
12556,2019,5,28,9,62.5
12557,2019,5,28,4,42.2
12558,2019,5,28,4,41.3
12559,2019,5,28,4,46
12560,2019,5,28,3,38.6
12561,2019,5,28,7,55.8
12562,2019,5,28,5,44.6
12563,2019,5,28,5,41.9
12564,2019,5,28,6,52.3
12565,2019,5,28,5,48.8
12566,2019,5,28,7,53.4
12567,2019,5,28,5,45.5
12568,2019,5,28,4,42.5
12569,2019,5,28,5,55.7
12570,2019,5,28,5,47.4
12571,2019,5,28,7,51.5
12572,2019,5,28,6,49.6
12573,2019,5,28,6,52.2
12574,2019,5,28,5,50.8
12575,2019,5,28,4,42.3
12576,2019,5,28,5,53.3
12577,2019,5,28,6,54.7
12578,2019,5,28,7,49.5
12579,2019,5,28,6,51.5
12580,2019,5,28,5,45.2
12581,2019,5,28,7,50.3
12582,2019,5,28,6,49.5
12583,2019,5,28,5,45.4
12584,2019,5,28,7,54
12585,2019,5,28,7,53.6
12586,2019,5,28,5,45.6
12587,2019,5,28,6,54.3
12588,2019,5,28,4,44
12589,2019,5,28,5,42.3
12590,2019,5,28,6,50.3
12591,2019,5,28,6,46.8
12592,2019,5,28,7,52.8
12593,2019,5,28,6,49.1
12594,2019,5,28,4,41.4
12595,2019,5,28,4,42.8
12596,2019,5,28,6,47.1
12597,2019,5,28,5,50.3
12598,2019,5,28,5,46.8
12599,2019,5,28,6,52.3
12600,2019,5,28,5,49.5
12601,2019,5,28,4,40.4
12602,2019,5,28,5,50.6
12603,2019,5,28,6,45.8
12604,2019,5,28,6,54.1
12605,2019,5,28,7,53.7
12606,2019,5,28,4,43.8
12607,2019,5,28,6,46.8
12608,2019,5,28,4,42.6
12609,2019,5,28,7,53.1
12610,2019,5,28,6,51.8
12611,2019,5,28,7,71.2
12612,2019,5,28,4,41.1
12613,2019,5,28,7,54.5
12614,2019,5,28,6,50
12615,2019,5,28,6,54.6
12616,2019,5,28,5,46.1
12617,2019,5,28,7,55.5
12618,2019,5,28,5,43.2
12619,2019,5,28,6,52.2
12620,2019,5,28,7,55.3
12621,2019,5,28,5,43
12622,2019,5,28,4,41.6
12623,2019,5,28,6,56.6
12624,2019,5,28,6,47.8
12625,2019,5,28,5,48.4
12626,2019,5,28,6,53.2
12627,2019,5,28,5,52.8
12628,2019,5,28,6,50.8
12629,2019,5,28,5,49.8
12630,2019,5,28,4,41.5
12631,2019,5,28,4,42.8
12632,2019,5,28,4,39.9
12633,2019,5,28,4,40.8
12634,2019,5,28,5,47.8
12635,2019,5,28,7,52.5
12636,2019,5,28,5,46
12637,2019,5,28,9,66
12638,2019,5,28,5,52.9
12639,2019,5,28,4,41.8
12640,2019,5,28,5,48.8
12641,2019,5,28,7,48
12642,2019,5,28,6,51.8
12643,2019,5,28,4,40.5
12644,2019,5,28,5,45.5
12645,2019,5,28,5,46
12646,2019,5,28,6,45.2
12647,2019,5,28,7,56.4
12648,2019,5,28,5,48
12649,2019,5,28,4,44.5
12650,2019,5,28,7,49.5
12651,2019,5,28,5,47.5
12652,2019,5,28,5,51.5
12653,2019,5,28,4,44.8
12654,2019,5,28,7,52.3
12655,2019,5,28,4,42.2
12656,2019,5,28,4,49.7
12657,2019,5,28,4,46
12658,2019,5,28,7,47.2
12659,2019,5,28,5,44.2
12660,2019,5,28,4,42.5
12661,2019,5,28,5,43.4
12662,2019,5,29,6,57.1
12663,2019,5,29,8,58.4
12664,2019,5,29,6,50.7
12665,2019,5,29,7,52.8
12666,2019,5,29,7,54.6
12667,2019,5,29,4,41.5
12668,2019,5,29,6,46.1
12669,2019,5,29,6,47.2
12670,2019,5,29,5,49.2
12671,2019,5,29,6,55.8
12672,2019,5,29,6,56.2
12673,2019,5,29,6,49.2
12674,2019,5,29,5,43.5
12675,2019,5,29,5,47.1
12676,2019,5,29,7,52.3
12677,2019,5,29,4,39.3
12678,2019,5,29,5,45.7
12679,2019,5,29,5,47.8
12680,2019,5,29,6,46.9
12681,2019,5,29,4,45.8
12682,2019,5,29,5,52.8
12683,2019,5,29,4,41.8
12684,2019,5,29,4,41.6
12685,2019,5,29,7,50.1
12686,2019,5,29,5,45.3
12687,2019,5,29,6,50.1
12688,2019,5,29,6,47.1
12689,2019,5,29,4,43.5
12690,2019,5,29,7,52.8
12691,2019,5,29,6,55.1
12692,2019,5,29,7,52
12693,2019,5,29,6,49.3
12694,2019,5,29,10,61.6
12695,2019,5,29,4,44.3
12696,2019,5,29,4,45.5
12697,2019,5,29,4,44.4
12698,2019,5,29,5,47.6
12699,2019,5,29,6,57.5
12700,2019,5,29,8,54
12701,2019,5,29,6,49.2
12702,2019,5,29,7,69.8
12703,2019,5,29,4,40.6
12704,2019,5,29,4,41.1
12705,2019,5,29,5,45.1
12706,2019,5,29,4,39.9
12707,2019,5,29,5,48.3
12708,2019,5,29,5,50
12709,2019,5,29,6,51.8
12710,2019,5,29,7,51
12711,2019,5,29,5,58.3
12712,2019,5,29,6,55.1
12713,2019,5,29,7,55
12714,2019,5,29,4,42
12715,2019,5,29,6,47.6
12716,2019,5,29,5,46
12717,2019,5,29,6,49.2
12718,2019,5,29,9,57.4
12719,2019,5,29,4,44
12720,2019,5,29,6,51
12721,2019,5,29,7,53.9
12722,2019,5,29,5,48.1
12723,2019,5,29,4,44.8
12724,2019,5,29,4,51.6
12725,2019,5,29,5,46.2
12726,2019,5,29,7,55.3
12727,2019,5,29,7,55
12728,2019,5,29,6,48.7
12729,2019,5,29,4,40.5
12730,2019,5,29,4,42.8
12731,2019,5,29,5,43.5
12732,2019,5,29,7,48.2
12733,2019,5,29,5,51.5
12734,2019,5,29,6,48
12735,2019,5,29,5,47.6
12736,2019,5,29,6,55.9
12737,2019,5,29,6,51.9
12738,2019,5,29,6,48.5
12739,2019,5,29,6,53.5
12740,2019,5,29,8,61.5
12741,2019,5,29,6,49.5
12742,2019,5,29,7,48.5
12743,2019,5,29,5,48.4
12744,2019,5,29,4,41.1
12745,2019,5,29,4,42.3
12746,2019,5,29,6,51.3
12747,2019,5,29,6,56.3
12748,2019,5,29,5,49.8
12749,2019,5,29,6,50.2
12750,2019,5,29,4,46.2
12751,2019,5,29,4,40.9
12752,2019,5,29,5,45.2
12753,2019,5,29,5,44.5
12754,2019,5,29,4,42.7
12755,2019,5,29,6,56.5
12756,2019,5,29,7,55.4
12757,2019,5,29,6,54.6
12758,2019,5,29,4,42.3
12759,2019,5,29,7,53
12760,2019,5,29,7,51
12761,2019,5,29,7,54.1
12762,2019,5,29,7,57
12763,2019,5,29,4,41
12764,2019,5,29,6,57.1
12765,2019,5,29,6,54.7
12766,2019,5,29,6,50.5
12767,2019,5,29,8,55
12768,2019,5,29,4,40.9
12769,2019,5,29,5,48.1
12770,2019,5,29,5,41.2
12771,2019,5,29,6,49.1
12772,2019,5,29,5,49.3
12773,2019,5,29,6,49.6
12774,2019,5,29,6,51.6
12775,2019,5,29,4,43
12776,2019,5,30,4,43
12777,2019,5,30,3,37.3
12778,2019,5,30,5,45.6
12779,2019,5,30,6,52
12780,2019,5,30,4,43.3
12781,2019,5,30,5,47.8
12782,2019,5,30,6,53
12783,2019,5,30,7,54.4
12784,2019,5,30,5,48.6
12785,2019,5,30,4,43.6
12786,2019,5,30,4,46.3
12787,2019,5,30,4,41.8
12788,2019,5,30,5,49.5
12789,2019,5,30,8,66.4
12790,2019,5,30,5,43.5
12791,2019,5,30,7,49.5
12792,2019,5,30,6,55.2
12793,2019,5,30,9,66.2
12794,2019,5,30,4,43.7
12795,2019,5,30,9,73
12796,2019,5,30,4,45.7
12797,2019,5,30,4,45.1
12798,2019,5,30,7,53
12799,2019,5,30,6,48.1
12800,2019,5,30,8,59.6
12801,2019,5,30,4,40
12802,2019,5,30,4,41.9
12803,2019,5,30,4,45.3
12804,2019,5,30,8,60.4
12805,2019,5,30,6,51.3
12806,2019,5,30,7,56.4
12807,2019,5,30,5,49.4
12808,2019,5,30,4,43.5
12809,2019,5,30,4,40.3
12810,2019,5,30,4,44.1
12811,2019,6,1,4,41.5
12812,2019,6,1,4,41
12813,2019,6,1,3,37.4
12814,2019,6,1,4,42
12815,2019,6,1,4,40.4
12816,2019,6,1,6,52.4
12817,2019,6,1,5,47.9
12818,2019,6,1,4,43.2
12819,2019,6,1,5,45.2
12820,2019,6,1,4,42.4
12821,2019,6,1,4,45.5
12822,2019,6,1,6,54.2
12823,2019,6,1,5,48.2
12824,2019,6,1,7,55.1
12825,2019,6,1,4,41.5
12826,2019,6,1,8,59.6
12827,2019,6,1,7,53.6
12828,2019,6,1,5,46.9
12829,2019,6,1,4,41.6
12830,2019,6,1,6,52.5
12831,2019,6,1,4,43
12832,2019,6,1,6,56.5
12833,2019,6,1,4,42.4
12834,2019,6,1,7,68.4
12835,2019,6,1,4,39.6
12836,2019,6,1,7,54.7
12837,2019,6,1,4,45.9
12838,2019,6,1,4,44.5
12839,2019,6,1,6,54.3
12840,2019,6,1,4,41.7
12841,2019,6,1,4,44.1
12842,2019,6,1,4,40.5
12843,2019,6,1,6,54.7
12844,2019,6,1,5,43.6
12845,2019,6,1,4,40.7
12846,2019,6,1,4,40.8
12847,2019,6,1,4,41.5
12848,2019,6,1,7,53.8
12849,2019,6,1,6,50.1
12850,2019,6,1,4,42.9
12851,2019,6,1,8,64.5
12852,2019,6,1,4,39.5
12853,2019,6,1,4,41.4
12854,2019,6,1,6,52.1
12855,2019,6,1,6,60.5
12856,2019,6,1,5,47
12857,2019,6,1,4,42.8
12858,2019,6,1,7,59.5
12859,2019,6,1,3,36.5
12860,2019,6,1,5,48.7
12861,2019,6,1,6,49.9
12862,2019,6,1,6,54.3
12863,2019,6,1,3,34.2
12864,2019,6,1,6,52
12865,2019,6,1,7,53.3
12866,2019,6,2,5,57.2
12867,2019,6,2,6,57.5
12868,2019,6,2,8,65.9
12869,2019,6,2,6,58
12870,2019,6,2,3,34.5
12871,2019,6,2,4,40.6
12872,2019,6,2,3,37.2
12873,2019,6,2,6,51.3
12874,2019,6,2,6,49.7
12875,2019,6,2,4,41.3
12876,2019,6,2,5,50.7
12877,2019,6,2,11,76
12878,2019,6,2,4,43
12879,2019,6,2,6,58.2
12880,2019,6,2,6,62.4
12881,2019,6,2,6,57.2
12882,2019,6,2,5,47.2
12883,2019,6,2,7,62.9
12884,2019,6,2,4,40
12885,2019,6,2,8,59.6
12886,2019,6,2,3,37.6
12887,2019,6,2,4,40.7
12888,2019,6,2,7,56.5
12889,2019,6,2,5,47.4
12890,2019,6,2,4,44.3
12891,2019,6,2,6,51.3
12892,2019,6,2,4,39.7
12893,2019,6,2,6,51.8
12894,2019,6,2,6,56.1
12895,2019,6,2,4,43.2
12896,2019,6,2,3,35.5
12897,2019,6,2,6,54.2
12898,2019,6,2,5,46.6
12899,2019,6,2,4,42.5
12900,2019,6,2,7,54.7
12901,2019,6,2,4,41.8
12902,2019,6,2,4,43.1
12903,2019,6,2,4,40.7
12904,2019,6,2,4,37.9
12905,2019,6,2,4,40.1
12906,2019,6,3,4,41.3
12907,2019,6,3,7,59
12908,2019,6,3,7,54.5
12909,2019,6,3,6,57.8
12910,2019,6,3,6,53.5
12911,2019,6,3,6,53
12912,2019,6,3,6,51.7
12913,2019,6,3,4,36.9
12914,2019,6,3,6,54.3
12915,2019,6,3,5,46.1
12916,2019,6,3,7,50.8
12917,2019,6,3,7,52.2
12918,2019,6,3,4,42.6
12919,2019,6,3,5,57
12920,2019,6,3,7,52
12921,2019,6,3,3,34.8
12922,2019,6,3,6,51.8
12923,2019,6,3,7,56.3
12924,2019,6,3,3,37.4
12925,2019,6,3,4,40.8
12926,2019,6,3,7,55
12927,2019,6,3,3,37.6
12928,2019,6,3,3,33.6
12929,2019,6,3,6,55.6
12930,2019,6,3,4,42.9
12931,2019,6,3,4,41.3
12932,2019,6,3,3,35.4
12933,2019,6,3,6,54.7
12934,2019,6,3,10,67.3
12935,2021,5,5,6,62.8
12936,2021,5,5,5,50.2
12937,2021,5,5,4,40.8
12938,2021,5,5,4,38.4
12939,2021,5,5,7,57
12940,2021,5,5,4,37.7
12941,2021,5,5,3,33.3
12942,2021,5,5,7,51
12943,2021,5,5,3,35.5
12944,2021,5,5,6,44.7
12945,2021,5,5,4,44
12946,2021,5,6,4,39.8
12947,2021,5,6,6,53.6
12948,2021,5,6,4,42.8
12949,2021,5,6,3,35.8
12950,2021,5,6,3,33.6
12951,2021,5,6,4,42.4
12952,2021,5,6,6,52.1
12953,2021,5,6,3,34.4
12954,2021,5,6,6,46.2
12955,2021,5,6,6,48.4
12956,2021,5,6,3,32.5
12957,2021,5,6,9,67.2
12958,2021,5,6,3,31.5
12959,2021,5,6,3,34.4
12960,2021,5,6,3,34
12961,2021,5,6,3,33
12962,2021,5,6,3,34.9
12963,2021,5,6,7,53
12964,2021,5,6,3,34.6
12965,2021,5,6,6,56.3
12966,2021,5,6,7,54
12967,2021,5,6,3,33.7
12968,2021,5,6,3,33.7
12969,2021,5,6,3,33.7
12970,2021,5,6,3,36.1
12971,2021,5,6,4,43.3
12972,2021,5,6,4,41.2
12973,2021,5,6,4,44.2
12974,2021,5,6,3,32.2
12975,2021,5,6,4,35.7
12976,2021,5,6,3,34.3
12977,2021,5,6,6,53.9
12978,2021,5,7,7,54.2
12979,2021,5,7,4,40.2
12980,2021,5,7,4,39.4
12981,2021,5,7,4,41.1
12982,2021,5,7,4,39
12983,2021,5,7,4,41.2
12984,2021,5,7,4,41.9
12985,2021,5,7,7,53.8
12986,2021,5,7,5,49
12987,2021,5,7,3,35.8
12988,2021,5,7,4,40
12989,2021,5,7,5,41
12990,2021,5,7,4,44.5
12991,2021,5,7,4,41.1
12992,2021,5,7,4,38.5
12993,2021,5,7,4,41.5
12994,2021,5,7,7,50.6
12995,2021,5,7,5,44
12996,2021,5,7,4,39.8
12997,2021,5,7,5,48.3
12998,2021,5,7,4,38.7
12999,2021,5,7,5,45.2
13000,2021,5,7,4,41
13001,2021,5,7,3,37.2
13002,2021,5,7,4,42.3
13003,2021,5,7,8,54.5
13004,2021,5,7,6,52.3
13005,2021,5,7,7,50.3
13006,2021,5,7,5,48.1
13007,2021,5,7,6,48.5
13008,2021,5,7,4,43.9
13009,2021,5,7,7,53.7
13010,2021,5,7,5,45.2
13011,2021,5,7,6,51.1
13012,2021,5,7,6,45.4
13013,2021,5,7,8,50.1
13014,2021,5,7,5,45.8
13015,2021,5,7,5,47.1
13016,2021,5,7,5,47.2
13017,2021,5,7,5,48
13018,2021,5,7,6,48.3
13019,2021,5,7,7,55.2
13020,2021,5,7,6,49.8
13021,2021,5,7,8,54.4
13022,2021,5,7,5,47.8
13023,2021,5,7,7,49
13024,2021,5,7,6,47.2
13025,2021,5,7,5,47.6
13026,2021,5,7,9,58.5
13027,2021,5,7,5,48.8
13028,2021,5,11,7,59.4
13029,2021,5,5,7,51
13030,2021,5,5,7,50.6
13031,2021,5,5,6,53.2
13032,2021,5,5,6,45.7
13033,2021,5,5,5,45.8
13034,2021,5,5,3,35.5
13035,2021,5,5,5,48.5
13036,2021,5,5,4,41.9
13037,2021,5,5,4,40.5
13038,2021,5,5,5,43.9
13039,2021,5,5,4,41.5
13040,2021,5,5,3,35.3
13041,2021,5,5,4,42.8
13042,2021,5,5,6,50.1
13043,2021,5,5,3,33.3
13044,2021,5,5,3,31.6
13045,2021,5,5,4,39.7
13046,2021,5,5,3,34.2
13047,2021,5,5,6,59.3
13048,2021,5,5,3,33.7
13049,2021,5,5,4,41.7
13050,2021,5,5,3,33.9
13051,2021,5,5,5,46.2
13052,2021,5,5,3,33.3
13053,2021,5,5,3,34.9
13054,2021,5,5,4,40
13055,2021,5,5,6,52.3
13056,2021,5,5,5,47.1
13057,2021,5,5,3,35
13058,2021,5,5,5,47.1
13059,2021,5,5,4,42.2
13060,2021,5,5,7,55.6
13061,2021,5,5,5,43.3
13062,2021,5,5,4,44.3
13063,2021,5,5,3,33
13064,2021,5,5,3,32.5
13065,2021,5,5,4,40
13066,2021,5,5,3,35.6
13067,2021,5,5,4,42.1
13068,2021,5,5,3,35
13069,2021,5,5,5,47.5
13070,2021,5,5,4,40.3
13071,2021,5,5,5,44.8
13072,2021,5,5,7,53.2
13073,2021,5,5,5,45.5
13074,2021,5,5,4,40.8
13075,2021,5,5,6,46.6
13076,2021,5,5,3,33.2
13077,2021,5,5,7,55.5
13078,2021,5,5,4,38.3
13079,2021,5,5,4,41.7
13080,2021,5,5,8,60.3
13081,2021,5,5,8,53
13082,2021,5,5,3,34.2
13083,2021,5,5,4,41.4
13084,2021,5,5,5,47.7
13085,2021,5,5,5,44.4
13086,2021,5,5,3,35.1
13087,2021,5,5,4,40.5
13088,2021,5,5,6,51
13089,2021,5,5,7,57.8
13090,2021,5,5,3,34.5
13091,2021,5,5,3,34.8
13092,2021,5,5,4,41.8
13093,2021,5,5,3,36.2
13094,2021,5,5,5,48
13095,2021,5,5,6,48.8
13096,2021,5,5,4,41.5
13097,2021,5,5,4,42.2
13098,2021,5,5,5,46.6
13099,2021,5,5,3,33.7
13100,2021,5,5,5,47.2
13101,2021,5,5,3,31.6
13102,2021,5,5,4,40.1
13103,2021,5,5,6,45.6
13104,2021,5,5,3,33.8
13105,2021,5,5,7,48.1
13106,2021,5,5,4,42.2
13107,2021,5,5,3,35.4
13108,2021,5,5,4,41.5
13109,2021,5,5,4,41.5
13110,2021,5,5,5,49.4
13111,2021,5,6,5,46.1
13112,2021,5,6,3,35.2
13113,2021,5,11,7,47.4
13114,2021,5,11,6,55
13115,2021,5,11,7,51
13116,2021,5,11,7,53
13117,2021,5,11,6,53.2
13118,2021,5,11,7,52.1
13119,2021,5,11,9,62.2
13120,2021,5,11,12,80.1
13121,2021,5,11,7,53.1
13122,2021,5,11,7,52.4
13123,2021,5,11,8,66.5
13124,2021,5,11,7,54
13125,2021,5,11,7,55.3
13126,2021,5,11,8,56.1
13127,2021,5,11,9,55.2
13128,2021,5,11,9,61.2
13129,2021,5,11,8,56.5
13130,2021,5,11,6,50.7
13131,2021,5,11,7,53
13132,2021,5,11,8,57.4
13133,2021,5,11,7,53.9
13134,2021,5,11,9,56.1
13135,2021,5,11,7,51.6
13136,2021,5,11,8,63.8
13137,2021,5,11,6,54.2
13138,2021,5,11,6,51.1
13139,2021,5,11,6,56.6
13140,2021,5,11,9,63.5
13141,2021,5,11,6,53.6
13142,2021,5,12,5,53
13143,2021,5,13,7,50.3
13144,2021,5,13,9,56.6
13145,2021,5,13,9,55.9
13146,2021,5,13,7,59
13147,2021,5,13,6,50.4
13148,2021,5,13,6,51.5
13149,2021,5,13,6,51.9
13150,2021,5,13,7,51.5
13151,2021,5,13,4,53.9
13152,2021,5,14,10,62.1
13153,2021,5,14,8,60.1
13154,2021,5,14,8,50.9
13155,2021,5,14,9,64.2
13156,2021,5,18,6,57.2
13157,2021,5,18,6,60.2
13158,2021,5,18,6,50
13159,2021,5,18,6,50.1
13160,2021,5,18,5,50.5
13161,2021,5,14,7,53
13162,2021,5,14,5,50.8
13163,2021,5,14,7,52.3
13164,2021,5,17,11,74.1
13165,2021,5,19,9,66.6
13166,2021,5,20,8,62.2
13167,2021,5,20,8,66.8
13168,2021,5,20,10,78
13169,2021,5,20,7,61.4
13170,2021,5,20,6,63
13171,2021,5,20,10,81.5
13172,2021,5,20,14,94
13173,2021,5,20,12,81
13174,2021,5,20,11,72
13175,2021,5,21,8,67.9
13176,2021,5,21,12,80.9
13177,2021,5,21,8,64.6
13178,2021,5,21,10,79.2
13179,2021,5,21,13,77.5
13180,2021,5,21,13,78
13181,2021,5,23,11,82.5
13182,2021,5,23,9,66.5
13183,2021,5,23,9,68.3
13184,2021,5,23,10,70.4
13185,2021,5,23,9,66.2
13186,2021,5,23,5,60
13187,2021,5,23,10,62.5
13188,2021,5,23,9,70.4
13189,2021,5,23,13,78.4
13190,2021,5,23,7,62
13191,2021,5,24,11,85.1
13192,2021,5,24,8,60
13193,2021,5,24,10,70.2
13194,2021,5,24,8,68.3
13195,2021,5,24,10,65.8
13196,2021,5,24,10,68.4
13197,2021,5,24,9,61.7
13198,2021,5,24,8,68.8
13199,2021,5,24,8,67.4
13200,2021,5,24,12,72.1
13201,2021,5,24,9,60.4
13202,2021,5,25,11,70
13203,2021,5,25,8,63
13204,2021,5,25,8,69.4
13205,2021,5,25,13,83.1
13206,2021,5,25,12,70.9
13207,2021,5,25,10,66
13208,2021,5,25,9,64.1
13209,2021,5,25,8,64.4
13210,2021,5,25,9,75.8
13211,2021,5,25,6,65
13212,2021,5,25,9,70.7
13213,2021,5,26,9,65.5
13214,2021,5,27,8,64.4
13215,2021,5,27,9,64.3
13216,2021,5,28,14,84.8
13217,2021,5,28,9,75
13218,2021,5,28,7,67.6
13219,2021,5,28,11,69.6
13220,2021,5,27,11,74.4
13221,2021,5,27,7,63.5
13222,2021,5,27,8,64.9
13223,2021,5,27,9,69.5
13224,2021,5,27,13,69.4
13225,2021,5,27,9,63.7
13226,2021,5,27,7,62.7
13227,2021,5,27,7,60
13228,2021,5,28,7,60.3
13229,2021,5,4,14,80.5
13230,2021,5,4,2,24.9
13231,2021,5,20,7,62.8
13232,2021,5,20,8,57.9
13233,2021,5,20,9,63.1
13234,2021,5,20,8,59.5
13235,2021,5,20,11,80.1
13236,2021,5,20,12,76.3
13237,2021,5,20,11,77.7
13238,2021,5,20,13,76
13239,2021,5,20,13,77.6
13240,2021,5,27,12,81.6
13241,2021,6,3,2,24.2
13242,2021,6,3,3,32.4
13243,2021,6,3,2,26
13244,2021,6,3,2,25.4
13245,2021,6,3,2,24.4
13246,2021,6,3,2,25.8
13247,2021,6,3,2,24.2
13248,2021,6,3,2,23.3
13249,2021,6,3,2,24.4
13250,2021,5,25,12,80
13251,2022,5,12,4,39.9
13252,2022,5,13,4,39.9
13253,2022,5,13,4,39.9
13254,2022,5,13,4,39.4
13255,2022,5,13,4,37.9
13256,2022,5,13,4,39.7
13257,2022,5,13,4,39
13258,2022,5,13,4,39.9
13259,2022,5,20,4,39.5
13260,2022,5,20,4,39.2
13261,2022,5,20,4,39.5
13262,2022,5,20,4,39.6
13263,2022,5,20,4,39.7
13264,2022,5,20,4,39.2
13265,2022,5,20,4,38.2
13266,2022,5,21,3,38.4
13267,2022,5,21,4,38.2
13268,2022,5,21,4,39.7
13269,2022,5,21,4,38.4
13270,2022,5,21,4,34.4
13271,2022,5,22,3,39.5
13272,2022,5,22,3,36.4
13273,2022,5,22,4,39.6
13274,2022,5,22,4,39.7
13275,2022,5,22,3,38.5
13276,2022,5,22,4,39.6
13277,2022,6,30,2,28
13278,2022,6,30,2,24.6
13279,2022,6,30,3,32.1
13280,2022,6,30,3,31.4
13281,2022,6,28,3,34
13282,2022,5,21,9,57
13283,2022,5,21,10,70.5
13284,2022,5,21,6,53.9
13285,2022,5,21,4,41.2
13286,2022,5,21,4,40.5
13287,2022,6,24,3,33.6
13288,2022,6,24,3,33.8
13289,2022,5,20,5,45.3
13290,2022,5,20,4,42.5
13291,2022,5,20,4,42.4
13292,2022,5,20,11,71
13293,2022,5,20,4,41.4
13294,2022,5,20,6,46.1
13295,2022,5,20,4,40.7
13296,2022,5,20,4,42.5
13297,2022,5,20,5,45.3
13298,2022,5,20,4,43.5
13299,2022,5,20,4,47.3
13300,2022,5,20,4,39.9
13301,2022,5,20,4,39.5
13302,2022,5,20,4,39.2
13303,2022,5,20,4,39.2
13304,2022,5,20,4,39.6
13305,2022,5,20,4,38.2
13306,2022,5,20,4,42
13307,2022,5,20,9,59.4
13308,2022,5,20,4,43.1
13309,2022,5,20,4,41.1
13310,2022,5,20,5,42.2
13311,2022,5,20,4,42.5
13312,2022,5,20,4,43.4
13313,2022,5,20,10,75
13314,2022,5,20,9,71.4
13315,2022,5,20,4,43
13316,2022,5,19,5,46
13317,2022,5,19,5,43.4
13318,2022,5,19,5,46.5
13319,2022,5,19,9,63
13320,2022,5,19,7,56.4
13321,2022,5,19,9,54.3
13322,2022,5,19,6,49.9
13323,2022,5,19,7,55.6
13324,2022,5,19,8,57.1
13325,2022,5,19,4,43.4
13326,2022,5,19,5,46.2
13327,2022,5,19,9,68.9
13328,2022,5,19,12,73.6
13329,2022,5,21,6,53.1
13330,2022,5,21,7,58.2
13331,2022,5,21,8,60.3
13332,2022,5,21,3,38.4
13333,2022,5,21,4,39.7
13334,2022,5,21,4,38.2
13335,2022,5,21,4,39.4
13336,2022,5,21,4,41.6
13337,2022,5,21,10,70.7
13338,2022,5,21,4,44.7
13339,2022,5,21,9,68.2
13340,2022,5,21,11,76.2
13341,2022,5,21,12,75.5
13342,2022,6,24,3,33.8
13343,2022,6,25,13,79.9
13344,2022,6,26,3,31.4
13345,2022,6,26,3,34
13346,2022,6,26,3,33.5
13347,2022,6,26,3,33.7
13348,2022,6,26,2,29
13349,2022,6,27,3,34.1
13350,2022,6,27,2,25.7
13351,2022,5,19,5,43.3
13352,2022,5,19,5,51.4
13353,2022,5,19,4,45.4
13354,2022,5,19,6,49.4
13355,2022,5,19,6,49.9
13356,2022,5,19,10,69.1
13357,2022,5,19,9,72.4
13358,2022,5,19,6,53
13359,2022,5,19,5,48.2
13360,2022,5,19,6,47.2
13361,2022,5,19,6,54.7
13362,2022,5,19,5,47.9
13363,2022,5,19,4,44.6
13364,2022,5,19,6,49
13365,2022,5,19,6,52.5
13366,2022,5,19,4,47.4
13367,2022,5,19,5,46.6
13368,2022,5,13,4,42.3
13369,2022,5,13,4,48.2
13370,2022,5,13,4,43.9
13371,2022,5,13,5,48
13372,2022,5,13,4,42.7
13373,2022,5,13,5,42.8
13374,2022,5,13,5,46.7
13375,2022,5,13,5,46.4
13376,2022,5,13,4,42.1
13377,2022,5,13,5,46.8
13378,2022,5,13,4,41.5
13379,2022,5,13,5,44.7
13380,2022,5,13,5,46.3
13381,2022,5,13,7,53.8
13382,2022,5,13,5,43.4
13383,2022,5,13,5,51.2
13384,2022,5,13,5,48.9
13385,2022,5,13,5,45.1
13386,2022,5,13,4,41
13387,2022,5,13,5,45.7
13388,2022,5,13,4,43.1
13389,2022,5,13,4,40.3
13390,2022,5,13,6,46.7
13391,2022,5,13,5,50.4
13392,2022,5,13,6,44.6
13393,2022,5,13,4,43.9
13394,2022,5,13,4,43.4
13395,2022,5,13,4,43
13396,2022,5,13,7,49
13397,2022,5,13,4,46.3
13398,2022,5,13,10,57.5
13399,2022,5,13,4,42.3
13400,2022,5,13,5,52
13401,2022,5,13,4,41.6
13402,2022,5,17,12,77
13403,2022,5,17,8,64
13404,2022,5,21,10,65.4
13405,2022,5,21,11,71.3
13406,2022,5,21,6,52.4
13407,2022,5,21,6,54.4
13408,2022,5,20,11,73.4
13409,2022,5,21,13,84.1
13410,2022,5,21,9,70.1
13411,2022,5,21,13,81.1
13412,2022,5,19,5,46.8
13413,2022,5,19,5,49.2
13414,2022,5,19,6,51.8
13415,2022,5,19,11,78.4
13416,2022,5,19,7,47.9
13417,2022,5,19,8,60.3
13418,2022,5,19,15,89.1
13419,2022,5,20,4,43.2
13420,2022,5,20,5,44.5
13421,2022,5,20,4,42.2
13422,2022,5,20,5,44.3
13423,2022,5,20,4,40.9
13424,2022,5,20,5,43.6
13425,2022,5,20,4,45.3
13426,2022,5,20,4,42.2
13427,2022,5,20,4,40
13428,2022,5,20,6,48.7
13429,2022,5,20,4,45.4
13430,2022,5,20,4,40.9
13431,2022,5,19,9,59.4
13432,2022,5,19,11,69.3
13433,2022,5,19,6,57.7
13434,2022,5,19,8,56
13435,2022,5,19,9,59.1
13436,2022,5,19,8,53.2
13437,2022,5,19,6,51.6
13438,2022,5,19,5,45.4
13439,2022,5,19,7,50.9
13440,2022,5,19,5,47.5
13441,2022,5,19,6,51.4
13442,2022,5,19,9,60
13443,2022,5,19,6,49.5
13444,2022,5,19,4,43.4
13445,2022,5,19,7,54.4
13446,2022,5,19,5,44.1
13447,2022,5,19,6,50.4
13448,2022,5,19,4,42.7
13449,2022,5,19,5,48.2
13450,2022,5,19,5,46.7
13451,2022,5,18,7,60.5
13452,2022,5,18,9,59.4
13453,2022,5,18,8,64.4
13454,2022,5,18,9,65.5
13455,2022,5,18,5,43.4
13456,2022,5,18,8,57.7
13457,2022,5,19,6,45.5
13458,2022,5,19,10,73.4
13459,2022,5,19,5,45.2
13460,2022,5,19,7,50.2
13461,2022,5,19,7,55.2
13462,2022,5,19,7,49.7
13463,2022,5,19,5,48.2
13464,2022,5,13,5,43.4
13465,2022,5,12,5,45
13466,2022,5,12,4,42.4
13467,2022,5,12,4,40.5
13468,2022,5,12,5,50.9
13469,2022,5,12,5,48
13470,2022,5,12,5,46.3
13471,2022,5,12,4,42.5
13472,2022,5,12,8,65
13473,2022,5,12,4,39.9
13474,2022,5,12,6,51.3
13475,2022,5,12,4,43.4
13476,2022,5,12,4,40.3
13477,2022,5,12,4,40.8
13478,2022,5,12,4,42
13479,2022,5,12,4,41.6
13480,2022,5,12,6,60.1
13481,2022,5,12,5,51.1
13482,2022,5,12,5,45
13483,2022,5,12,4,43.1
13484,2022,5,12,4,40.6
13485,2022,5,12,4,44
13486,2022,5,12,4,41.8
13487,2022,5,12,6,56.1
13488,2022,5,12,4,42.3
13489,2022,5,12,7,52.5
13490,2022,5,12,4,42.3
13491,2022,5,12,5,44.2
13492,2022,5,12,4,43.8
13493,2022,5,12,6,52.4
13494,2022,5,12,4,42
13495,2022,5,12,4,40.5
13496,2022,5,12,5,44
13497,2022,5,12,4,41.6
13498,2022,5,12,4,43.5
13499,2022,5,12,5,42.5
13500,2022,5,12,6,50
13501,2022,5,12,5,51.4
13502,2022,5,12,4,42.4
13503,2022,5,12,5,46.1
13504,2022,5,12,4,41.6
13505,2022,5,12,4,43.3
13506,2022,5,12,6,50.6
13507,2022,5,12,5,48.7
13508,2022,5,12,5,47.7
13509,2022,5,12,4,42.1
13510,2022,5,12,4,41.5
13511,2022,5,12,6,51.6
13512,2022,5,12,4,43.4
13513,2022,5,12,5,45.6
13514,2022,5,12,4,42.1
13515,2022,5,12,5,47.8
13516,2022,5,12,4,45.1
13517,2022,5,12,8,53.1
13518,2022,5,12,8,53.2
13519,2022,5,12,5,45.5
13520,2022,5,12,4,45
13521,2022,5,12,4,44.1
13522,2022,5,12,6,48.8
13523,2022,5,12,9,65.8
13524,2022,5,12,4,40.4
13525,2022,5,12,5,44.9
13526,2022,5,12,5,46.8
13527,2022,5,12,4,42.5
13528,2022,5,12,9,60.8
13529,2022,5,12,4,42.1
13530,2022,5,12,4,43.2
13531,2022,5,24,5,51
13532,2022,5,24,6,49
13533,2022,5,24,6,53.8
13534,2022,5,24,9,62
13535,2022,5,24,6,58.9
13536,2022,5,24,8,69.5
13537,2022,5,24,8,67.8
13538,2022,5,24,9,65.3
13539,2022,5,24,4,41.1
13540,2022,5,24,5,55
13541,2022,5,24,8,61.2
13542,2022,5,24,6,48.9
13543,2022,5,24,6,52
13544,2022,5,24,9,72.3
13545,2022,5,24,5,52.4
13546,2022,5,24,11,75.4
13547,2022,5,24,7,56.5
13548,2022,5,24,7,54.4
13549,2022,5,24,5,55
13550,2022,5,24,5,46.3
13551,2022,5,24,4,40.8
13552,2022,5,24,7,55.3
13553,2022,5,24,6,58.1
13554,2022,5,24,6,48.8
13555,2022,5,24,6,53.5
13556,2022,5,24,4,41.7
13557,2022,5,24,5,49
13558,2022,5,24,5,48.2
13559,2022,5,24,4,42.5
13560,2022,5,24,7,55.1
13561,2022,5,24,8,66.8
13562,2022,5,24,6,53.1
13563,2022,5,24,6,52.5
13564,2022,5,24,6,50.5
13565,2022,5,24,6,52.1
13566,2022,5,24,5,48.2
13567,2022,5,24,5,45.7
13568,2022,5,24,5,52.1
13569,2022,5,24,4,44
13570,2022,5,24,6,52.4
13571,2022,5,24,4,42
13572,2022,5,24,7,62.5
13573,2022,5,24,6,62.1
13574,2022,5,24,6,65.6
13575,2022,5,24,4,40.2
13576,2022,5,24,6,56.6
13577,2022,5,24,4,40.2
13578,2022,5,25,11,72.1
13579,2022,6,8,3,32.7
13580,2022,6,8,11,75.7
13581,2022,6,9,13,88.4
13582,2022,5,28,8,66.4
13583,2022,5,28,7,60.6
13584,2022,5,28,7,62.4
13585,2022,5,28,12,81.3
13586,2022,5,28,13,84
13587,2022,5,28,9,70.5
13588,2022,5,28,10,71.3
13589,2022,5,28,9,63.7
13590,2022,5,28,8,66.2
13591,2022,5,24,8,61
13592,2022,5,24,5,55.5
13593,2022,5,24,6,52.4
13594,2022,5,24,5,50.4
13595,2022,5,24,4,42.3
13596,2022,5,24,4,42
13597,2022,5,24,4,40.2
13598,2022,5,24,8,57.7
13599,2022,5,24,6,46.6
13600,2022,6,9,3,33.6
13601,2022,6,9,10,75.3
13602,2022,6,9,8,59.8
13603,2022,6,11,11,75
13604,2022,5,12,3,34.5
13605,2022,6,12,11,75.5
13606,2022,6,13,3,34.4
13607,2022,6,13,3,33
13608,2022,6,14,3,32.4
13609,2022,6,15,3,34.7
13610,2022,6,17,13,79.8
13611,2022,6,18,14,75.5
13612,2022,6,18,15,76
13613,2022,6,21,8,58.1
13614,2022,6,22,13,77.3
13615,2022,6,23,3,34.7
13616,2022,6,25,3,34
13617,2022,6,27,11,79.9
13618,2022,6,30,2,33.5
13619,2022,6,30,2,22.1
13620,2022,6,30,2,23
13621,2022,5,26,9,70.9
13622,2022,5,26,10,74
13623,2022,5,26,8,64.3
13624,2022,5,26,10,62.3
13625,2022,5,26,10,63.2
13626,2022,5,26,9,63.1
13627,2022,5,26,9,63.2
13628,2022,5,24,8,62
13629,2022,5,24,4,40
13630,2022,5,24,6,47.6
13631,2022,5,24,5,47.6
13632,2022,5,24,6,50.7
13633,2022,5,24,8,54.6
13634,2022,5,24,7,54.9
13635,2022,5,24,5,54.9
13636,2022,5,24,5,46.6
13637,2022,5,24,7,55.8
13638,2022,5,24,5,44.8
13639,2022,5,24,4,43.4
13640,2022,5,24,6,52.1
13641,2022,5,24,4,41
13642,2022,5,24,5,49.4
13643,2022,5,24,7,50.1
13644,2022,5,24,5,45
13645,2022,5,24,5,48.6
13646,2022,5,24,5,50.4
13647,2022,5,24,10,70.9
13648,2022,5,24,8,60.5
13649,2022,5,24,7,52.6
13650,2022,5,24,4,43.1
13651,2022,5,24,5,51.6
13652,2022,5,24,5,43.3
13653,2022,5,24,4,40.7
13654,2022,5,24,5,45.7
13655,2022,5,24,8,54.8
13656,2022,5,24,6,50.3
13657,2022,5,24,4,41
13658,2022,5,24,3,35.7
13659,2022,5,24,4,38.5
13660,2022,5,24,4,39.6
13661,2022,5,24,3,34.1
13662,2022,5,24,4,37
13663,2022,5,24,4,39.8
13664,2022,5,24,3,35.4
13665,2022,5,24,4,40.1
13666,2022,5,26,4,38.2
13667,2022,5,26,4,39.9
13668,2022,5,26,4,38.6
13669,2022,5,26,4,38
13670,2022,5,26,3,37.6
13671,2022,5,26,4,39.1
13672,2022,5,26,4,39.6
13673,2022,5,26,4,39.6
13674,2022,5,26,3,37.3
13675,2022,5,26,3,38.6
13676,2022,5,26,3,35.9
13677,2022,5,26,4,38.2
13678,2022,5,26,3,32.9
13679,2022,5,26,3,36.4
13680,2022,5,26,4,38.2
13681,2022,5,26,3,35.2
13682,2022,5,26,4,39.2
13683,2022,5,26,4,37.2
13684,2022,5,26,4,39.8
13685,2022,5,26,4,36.5
13686,2022,5,26,4,39.5
13687,2022,5,26,3,37.6
13688,2022,5,26,3,34.6
13689,2022,5,26,4,39.8
13690,2022,5,26,4,38.6
13691,2022,5,26,4,38.7
13692,2022,5,26,4,39.4
13693,2022,5,26,4,38.5
13694,2022,5,26,4,39.5
13695,2022,5,26,11,72.2
13696,2022,5,26,9,62.3
13697,2022,5,26,10,73.6
13698,2022,5,26,7,61.8
13699,2022,5,26,10,67.9
13700,2022,5,26,12,76.3
13701,2022,5,26,12,79.2
13702,2022,5,26,9,61.8
13703,2022,5,26,11,78.7
13704,2022,5,26,6,61
13705,2022,5,26,8,61.5
13706,2022,5,26,9,64.5
13707,2022,5,26,8,61.6
13708,2022,5,26,10,69.3
13709,2022,5,26,9,69
13710,2022,5,26,13,86.1
13711,2022,5,26,9,66.6
13712,2022,5,26,9,62.6
13713,2022,5,26,8,60.9
13714,2022,5,26,8,63.7
13715,2022,5,26,7,66.8
13716,2022,5,26,10,72.2
13717,2022,5,26,8,62.7
13718,2022,5,26,9,71.8
13719,2022,5,26,6,60.6
13720,2022,5,26,9,67.9
13721,2022,5,26,10,65.7
13722,2022,5,26,7,62.2
13723,2022,5,26,11,72.8
13724,2022,5,26,7,62.4
13725,2022,5,26,8,66.1
13726,2022,5,26,6,60.9
13727,2022,5,26,7,62.7
13728,2022,5,26,7,64.3
13729,2022,5,26,7,60.6
13730,2022,5,26,6,62.6
13731,2022,5,26,9,60.6
13732,2022,5,26,8,67.7
13733,2022,5,26,13,83
13734,2022,5,26,10,70.6
13735,2022,5,26,8,63.2
13736,2022,5,26,8,64.1
13737,2022,5,26,4,38.5
13738,2022,5,27,9,60.5
13739,2022,5,27,9,74.2
13740,2022,5,27,9,61.3
13741,2022,5,27,7,65.8
13742,2022,5,27,7,65.5
13743,2022,5,27,8,61
13744,2022,5,27,10,60.5
13745,2022,5,27,9,70.8
13746,2022,5,27,8,60.2
13747,2022,5,27,8,62.5
13748,2022,5,27,7,62.4
13749,2022,5,27,8,63.6
13750,2022,5,27,7,60.6
13751,2022,5,27,9,67.2
13752,2022,5,27,8,70.5
13753,2022,5,27,8,64.8
13754,2022,5,27,9,64.2
13755,2022,5,27,9,64
13756,2022,5,27,7,61.7
13757,2022,5,27,10,62.4
13758,2022,5,27,10,63.5
13759,2022,5,28,8,62.6
13760,2022,5,28,9,63.4
13761,2022,5,28,7,62.3
13762,2022,5,28,8,64.9
13763,2022,5,28,10,73.6
13764,2022,5,28,8,68.7
13765,2022,5,28,10,78.1
13766,2022,5,28,9,69.9
13767,2022,5,25,9,65
13768,2022,5,25,7,60.9
13769,2022,5,25,8,62.1
13770,2022,5,25,8,61
13771,2022,5,25,9,60.6
13772,2022,5,25,8,62.9
13773,2022,5,25,10,63.9
13774,2022,5,25,9,64.3
13775,2022,5,25,4,39.5
13776,2022,5,26,9,63.9
13777,2022,5,26,9,64.4
13778,2022,5,26,9,68.1
13779,2022,5,26,8,61.1
13780,2022,5,26,10,67
13781,2022,5,26,9,63.2
13782,2022,5,26,8,62.1
13783,2022,5,26,8,63.6
13784,2022,5,26,11,72.5
13785,2022,5,26,7,64
13786,2022,5,27,7,60.1
13787,2022,5,27,8,61.2
13788,2022,5,27,7,60
13789,2022,5,27,7,60.5
13790,2022,5,27,7,62.2
13791,2022,5,27,8,60.2
13792,2022,5,27,8,63.4
13793,2022,5,27,7,62
13794,2022,5,27,7,60.4
13795,2022,5,27,4,39.9
13796,2022,5,27,4,39.3
13797,2022,5,27,4,38.9
13798,2022,5,27,6,61.6
13799,2022,5,27,7,60.9
13800,2022,5,25,8,61.9
13801,2022,5,25,9,61
13802,2022,5,25,8,62.4
13803,2022,5,25,9,60.8
13804,2022,5,25,10,66.6
13805,2022,5,25,7,60.1
13806,2022,5,25,9,63.3
13807,2022,5,25,8,60.1
13808,2022,5,25,10,75.4
13809,2022,5,25,12,82.8
13810,2022,5,25,7,62.1
13811,2022,5,25,6,60.2
13812,2022,5,25,9,62.1
13813,2022,5,25,8,67.2
13814,2022,5,25,9,64
13815,2022,5,25,7,63
13816,2022,5,25,14,82.5
13817,2022,5,25,6,60.7
13818,2022,5,25,8,67
13819,2022,5,25,10,66.8
13820,2022,5,25,7,61.2
13821,2022,5,25,9,68
13822,2022,5,25,9,63.5
13823,2022,5,25,6,64.6
13824,2022,5,25,9,73.2
13825,2022,5,25,9,70.6
13826,2022,5,25,9,74.5
13827,2022,5,25,10,70.2
13828,2022,5,25,9,67.1
13829,2022,5,25,9,64.6
13830,2022,5,25,9,67.2
13831,2022,5,25,7,65.6
13832,2022,5,25,8,60.4
13833,2022,5,25,8,60.2
13834,2022,5,25,9,63.9
13835,2022,5,25,10,62.6
13836,2022,5,25,9,67.8
13837,2022,5,25,7,64.1
13838,2022,5,25,8,60.5
13839,2022,5,25,7,63.6
13840,2022,5,25,8,62.1
13841,2022,5,25,9,64.8
13842,2022,5,25,8,67.1
13843,2022,5,25,11,66.5
13844,2022,5,25,8,63.7
13845,2022,5,25,9,60.5
13846,2022,5,25,8,66
13847,2022,5,25,8,61.5
13848,2022,5,25,4,39
13849,2022,5,25,4,39.1
13850,2022,5,25,4,39
13851,2022,5,25,3,36.1
13852,2022,5,25,5,39.7
13853,2022,5,25,3,38.9
13854,2022,5,25,4,36.7
13855,2022,5,25,4,39.2
13856,2022,5,25,4,39.7
13857,2022,5,25,4,39.6
13858,2022,5,25,4,39.5
13859,2022,5,25,3,35.3
13860,2022,5,25,4,38.1
13861,2022,5,25,4,38.5
13862,2022,5,25,7,61.7
13863,2022,5,26,8,60.5
13864,2022,5,26,8,62.1
13865,2022,5,26,7,61.5
13866,2022,5,26,11,73.2
13867,2022,5,13,5,44.8
13868,2022,5,13,4,41.6
13869,2022,5,13,6,56.9
13870,2022,5,13,4,45.7
13871,2022,5,13,4,47.4
13872,2022,5,13,4,42
13873,2022,5,13,6,51.2
13874,2022,5,13,6,47.3
13875,2022,5,13,6,51.9
13876,2022,5,13,6,54.8
13877,2022,5,13,6,53.8
13878,2022,5,13,4,41.8
13879,2022,5,13,4,40.6
13880,2022,5,13,5,47
13881,2022,5,13,5,49.9
13882,2022,5,13,5,46.6
13883,2022,5,13,4,42.4
13884,2022,5,13,5,49.1
13885,2022,5,13,4,41.6
13886,2022,5,13,7,60.7
13887,2022,5,13,4,39.9
13888,2022,5,13,4,39.4
13889,2022,5,13,4,37.9
13890,2022,5,13,4,39.7
13891,2022,5,13,4,39
13892,2022,5,13,4,39.9
13893,2022,5,13,5,45.5
13894,2022,5,13,4,44
13895,2022,5,13,4,41
13896,2022,5,13,10,62.4
13897,2022,5,13,5,48
13898,2022,5,13,4,42.9
13899,2022,5,19,8,65.9
13900,2022,5,19,6,48.2
13901,2022,5,19,6,56.3
13902,2022,5,19,5,51.7
13903,2022,5,19,5,48
13904,2022,5,19,4,40.8
13905,2022,5,19,5,51.7
13906,2022,5,19,4,42.5
13907,2022,5,19,9,61.1
13908,2022,5,19,4,42.1
13909,2022,5,19,4,44.1
13910,2022,5,19,9,73.4
13911,2022,5,19,5,51.4
13912,2022,5,19,8,51.1
13913,2022,5,19,14,83.1
13914,2022,5,19,5,52.6
13915,2022,5,19,7,57.2
13916,2022,5,19,6,44.2
13917,2022,5,19,5,48.2
13918,2022,5,13,4,42.5
13919,2022,5,13,5,54.1
13920,2022,5,13,6,51.2
13921,2022,5,13,4,41.5
13922,2022,5,13,6,57.5
13923,2022,5,13,7,55.8
13924,2022,5,13,4,42.1
13925,2022,5,13,7,61.6
13926,2022,5,23,7,58.6
13927,2022,5,23,4,39.9
13928,2022,5,23,4,39.1
13929,2022,5,22,4,39.6
13930,2022,5,22,3,38.5
13931,2022,5,22,4,39.7
13932,2022,5,22,4,39.6
13933,2022,5,23,6,52.5
13934,2022,5,23,6,54.3
13935,2022,5,23,4,40
13936,2022,5,23,10,70.1
13937,2022,5,23,4,40.9
13938,2022,5,23,7,56.5
13939,2022,5,23,4,41
13940,2022,5,23,5,45
13941,2022,5,23,7,61.5
13942,2022,5,23,4,40.8
13943,2022,5,23,4,42.9
13944,2022,5,23,7,59.5
13945,2022,5,23,4,40.4
13946,2022,5,23,7,57
13947,2022,5,23,5,45.9
13948,2022,5,23,4,40.1
13949,2022,5,23,4,42.3
13950,2022,5,23,5,49.6
13951,2022,5,23,7,55.7
13952,2022,5,23,8,60.5
13953,2022,5,23,4,42.3
13954,2022,5,23,4,44.3
13955,2022,5,22,5,52
13956,2022,5,22,5,52.4
13957,2022,5,22,6,53.9
13958,2022,5,23,7,59.6
13959,2022,5,22,7,67.4
13960,2022,5,22,8,63.1
13961,2022,5,22,8,65.4
13962,2022,5,22,5,51.3
13963,2022,5,22,10,74.5
13964,2022,5,22,10,73.5
13965,2022,5,22,4,41.8
13966,2022,5,22,5,49.7
13967,2022,5,13,4,41.1
13968,2022,5,13,4,42.7
13969,2022,5,13,4,40.5
13970,2022,5,13,4,41.2
13971,2022,5,13,5,50.1
13972,2022,5,13,4,42
13973,2022,5,13,7,55
13974,2022,5,23,5,38.9
13975,2022,5,23,4,39.4
13976,2022,5,23,4,39.2
13977,2022,5,13,5,50.1
13978,2022,5,13,7,57.4
13979,2022,5,13,4,41.2
13980,2022,5,13,6,54.9
13981,2022,5,13,5,47.3
13982,2022,5,13,4,44.8
13983,2022,5,13,5,46.4
13984,2022,5,13,5,45.9
13985,2022,5,13,4,41.6
13986,2022,5,13,7,62.9
13987,2022,5,13,4,42.4
13988,2022,5,13,4,40.8
13989,2022,5,13,4,43.2
13990,2022,5,13,5,47
13991,2022,5,13,4,42.3
13992,2022,5,13,5,47.2
13993,2022,5,13,4,43.6
13994,2022,5,13,6,53.7
13995,2022,5,13,4,43.9
13996,2022,5,13,4,40.1
13997,2022,5,13,4,41.4
13998,2022,5,13,7,57.7
13999,2022,5,13,6,51.1
14000,2022,5,13,8,57.7
14001,2022,5,13,7,51.4
14002,2022,5,13,5,49
14003,2022,5,13,5,47.2
14004,2022,5,13,6,50.7
14005,2022,5,13,4,41.1
14006,2022,5,13,7,64.1
14007,2022,5,13,4,47.4
14008,2022,5,13,5,45.5
14009,2022,5,13,8,61.4
14010,2022,5,13,4,41.7
14011,2022,5,13,5,51.3
14012,2022,5,13,5,45.3
14013,2022,5,13,5,45.9
14014,2022,5,13,4,45
14015,2022,5,13,5,53.8
14016,2022,5,13,5,48.7
14017,2022,5,13,6,48.9
14018,2022,5,13,6,51.3
14019,2022,5,13,4,42.9
14020,2022,5,13,4,44.9
14021,2022,5,13,4,46.8
14022,2022,5,13,6,51.6
14023,2022,5,13,4,48.1
14024,2022,5,22,8,65.5
14025,2022,5,22,4,45.5
14026,2022,5,23,4,41.4
14027,2022,5,23,6,53.4
14028,2022,5,23,5,47.8
14029,2022,5,23,8,63.6
14030,2022,5,23,7,55.7
14031,2022,5,23,8,53
14032,2022,5,23,5,49.9
14033,2022,5,23,8,67.3
14034,2022,5,23,6,48.6
14035,2022,5,23,4,41.3
14036,2022,5,23,5,53
14037,2022,5,22,3,30.4
14038,2022,5,22,4,34.4
14039,2022,5,22,4,41.8
14040,2022,5,22,4,40.6
14041,2022,5,22,4,42.4
14042,2022,5,22,4,42.4
14043,2022,5,22,4,41.4
14044,2022,5,22,4,41.5
14045,2022,5,22,6,51.2
14046,2022,5,22,7,59
14047,2022,5,22,4,40
14048,2022,5,22,5,53.5
14049,2022,5,22,4,42.8
14050,2022,5,22,4,42.7
14051,2022,5,22,4,41.3
14052,2022,5,22,5,48.1
14053,2022,5,22,7,56.6
14054,2022,5,22,9,64.1
14055,2022,5,22,12,76.6
14056,2022,5,22,7,59.6
14057,2022,5,22,10,77.6
14058,2022,5,22,5,43.8
14059,2022,5,22,5,53.7
14060,2022,5,22,4,41.5
14061,2022,5,22,4,43.9
14062,2022,5,22,4,41.2
14063,2022,5,22,7,58.5
14064,2022,5,22,7,63.1
14065,2022,5,22,4,42.7
14066,2022,5,22,5,45.4
14067,2022,5,24,8,57.5
14068,2022,5,24,8,70.9
14069,2022,5,24,8,66.3
14070,2022,5,24,5,52.5
14071,2022,5,24,7,51.4
14072,2022,5,24,5,48.4
14073,2022,5,24,7,57.6
14074,2022,5,24,4,43
14075,2022,5,24,7,65.2
14076,2022,5,24,7,52.1
14077,2022,5,24,7,53.7
14078,2022,5,24,8,61.9
14079,2022,5,24,5,52.6
14080,2022,5,24,5,53.5
14081,2022,5,24,5,47.5
14082,2022,5,24,4,40.4
14083,2022,5,24,8,61.9
14084,2022,5,24,9,63.9
14085,2022,5,24,8,61.5
14086,2022,5,24,7,53.5
14087,2022,5,24,6,51.4
14088,2022,5,24,4,41
14089,2022,5,24,6,58
14090,2022,5,24,8,68.5
14091,2022,5,24,9,63.4
14092,2022,5,24,5,47.5
14093,2022,5,24,7,57.7
14094,2022,5,23,7,53.3
14095,2022,5,23,5,52.4
14096,2022,5,23,7,65.9
14097,2022,5,23,8,58.6
14098,2022,5,23,4,44.4
14099,2022,5,23,8,55.9
14100,2022,5,23,7,55.3
14101,2022,5,23,6,52.1
14102,2022,5,23,4,46.6
14103,2022,5,23,6,58.3
14104,2022,5,23,4,41.3
14105,2022,5,23,4,40.6
14106,2022,5,23,4,41.4
14107,2022,5,23,4,43.6
14108,2022,5,24,6,50
14109,2022,5,24,5,49.5
14110,2022,5,24,6,51.8
14111,2022,5,24,4,41.5
14112,2022,5,24,6,56.5
14113,2022,5,24,6,49.3
14114,2022,5,24,7,51.9
14115,2022,5,24,5,46.5
14116,2022,5,12,7,56.8
14117,2022,5,12,4,43.7
14118,2022,5,12,5,43
14119,2022,5,12,5,50.8
14120,2022,5,12,5,46.2
14121,2022,5,12,7,54.4
14122,2022,5,12,4,40.3
14123,2022,5,12,4,42.3
14124,2022,5,12,5,48.7
14125,2022,5,12,5,50
14126,2022,5,12,4,41
14127,2022,5,12,4,40.2
14128,2022,5,12,5,45.6
14129,2022,5,12,7,57.1
14130,2022,5,12,7,50.9
14131,2022,5,12,6,51.2
14132,2022,5,12,5,43.5
14133,2022,5,12,4,44.2
14134,2022,5,12,4,43.9
14135,2022,5,12,4,42.5
14136,2022,5,12,5,49.7
14137,2022,5,12,4,42.4
14138,2022,5,12,5,47
14139,2022,5,12,9,69.9
14140,2022,5,12,8,53.7
14141,2022,5,12,5,46.4
14142,2022,5,12,4,43.3
14143,2022,5,12,5,54.5
14144,2022,5,12,5,46.5
14145,2022,5,12,4,40
14146,2022,5,12,5,49.5
14147,2022,5,12,5,52.6
14148,2022,5,12,4,40.8
14149,2022,5,12,4,42.5
14150,2022,5,12,4,44.7
14151,2022,5,12,5,52
14152,2022,5,12,8,53
14153,2022,5,12,5,45.8
14154,2022,5,12,6,42.3
14155,2022,5,12,7,56.1
14156,2022,5,12,4,42
14157,2022,5,12,7,62.1
14158,2022,5,12,5,47
14159,2022,5,12,5,45.5
14160,2022,5,24,5,53.5
14161,2022,5,24,5,54.3
14162,2022,5,24,6,57
14163,2022,5,24,5,58.3
14164,2022,5,24,4,42
14165,2022,5,12,4,40
14166,2022,5,12,5,46.3
14167,2022,5,12,5,47.8
14168,2022,5,12,4,42.3
14169,2022,5,12,5,54
14170,2022,5,12,5,48
14171,2022,5,12,4,42.4
14172,2022,5,12,5,44.6
14173,2022,5,12,5,49.1
14174,2022,5,12,6,53.9
14175,2022,5,12,6,46
14176,2022,5,12,4,40.5
14177,2022,5,12,5,44.6
14178,2022,5,12,4,42.1
14179,2022,5,12,5,46.4
14180,2022,5,12,5,49.5
14181,2022,5,12,4,41
14182,2022,5,12,4,40
14183,2022,5,12,5,47.7
14184,2022,5,26,4,39.2
14185,2022,5,26,2,28.9
14186,2022,5,27,4,39.6
14187,2022,5,27,4,38.5
14188,2022,5,27,4,39
14189,2022,5,27,4,39
14190,2022,5,27,14,92.6
14191,2022,5,27,4,39.7
14192,2022,5,27,7,62.8
14193,2022,5,27,3,32.1
14194,2022,5,27,3,33.8
14195,2022,5,27,3,38.2
14196,2022,5,27,3,33.5
14197,2022,5,27,4,36.7
14198,2022,5,27,3,34.7
14199,2022,5,27,4,39.6
14200,2022,5,27,3,34.5
14201,2022,5,27,3,34.5
14202,2022,5,27,4,39.5
14203,2022,5,27,3,38.9
14204,2022,5,27,4,38.1
14205,2022,5,27,6,61.3
14206,2022,5,27,3,36.2
14207,2022,5,27,8,68.4
14208,2022,5,27,3,34.1
14209,2022,5,27,6,60.5
14210,2022,5,27,4,39.1
14211,2022,5,27,3,36.8
14212,2022,5,27,3,34
14213,2022,5,27,4,39.2
14214,2022,5,27,3,36.8
14215,2022,5,27,3,34.6
14216,2022,5,27,3,33.6
14217,2022,5,27,3,33.7
14218,2022,5,27,6,62.4
14219,2022,5,27,3,38
14220,2022,5,27,4,38.8
14221,2022,5,27,4,39.8
14222,2022,5,27,4,39.5
14223,2022,5,27,3,38.9
14224,2022,5,27,8,61.1
14225,2022,5,27,3,36.5
14226,2022,5,27,10,63.4
14227,2022,5,27,4,38.5
14228,2022,5,26,3,37.4
14229,2022,5,26,4,39.4
14230,2022,5,26,3,37.2
14231,2022,5,26,3,35.5
14232,2022,5,26,4,37.7
14233,2022,5,26,11,74.5
14234,2022,5,26,3,37.2
14235,2022,5,26,3,37.1
14236,2022,5,26,9,66.9
14237,2022,5,26,4,39.8
14238,2022,5,26,3,30.5
14239,2022,5,26,4,39
14240,2022,5,26,3,39.2
14241,2022,5,26,3,36.2
14242,2022,5,26,4,39.6
14243,2022,5,26,3,36.2
14244,2022,5,26,4,38.6
14245,2022,5,26,4,39.5
14246,2022,5,26,3,35.6
14247,2022,5,26,3,36.2
14248,2022,5,26,4,38.1
14249,2022,5,26,3,33.3
14250,2022,5,26,4,39.2
14251,2022,5,26,4,38.2
14252,2022,5,26,4,39
14253,2022,5,26,3,34.6
14254,2022,5,26,3,34.1
14255,2022,5,26,4,39.8
14256,2022,5,26,4,36.6
14257,2022,5,26,4,37.2
14258,2022,5,26,3,33.7
14259,2022,5,26,4,39.9
14260,2022,5,26,4,39.8
14261,2022,5,26,10,66.3
14262,2022,5,26,9,75.5
14263,2022,5,26,4,39.9
14264,2022,5,26,4,39.5
14265,2022,5,26,4,38.2
14266,2022,5,26,9,67
14267,2022,5,26,4,38.7
14268,2022,5,26,3,35.5
14269,2022,5,26,4,38.7
14270,2022,5,26,4,37.8
14271,2022,5,26,3,36
14272,2022,5,26,3,34.4
14273,2022,5,26,4,39.6
14274,2022,5,26,4,38.2
14275,2022,5,26,4,39.6
14276,2022,5,26,4,39.1
14277,2022,5,28,4,39.4
14278,2022,5,28,4,39.3
14279,2022,5,28,4,39
14280,2022,5,28,3,37
14281,2022,5,28,3,37
14282,2022,5,28,7,70.1
14283,2022,5,28,4,39
14284,2022,5,28,4,39.7
14285,2022,5,28,10,62.5
14286,2022,6,2,3,33.1
14287,2022,6,2,11,78.9
14288,2022,6,2,8,66.9
14289,2022,6,2,3,34.9
14290,2022,6,2,5,55.9
14291,2022,6,2,8,59.1
14292,2022,6,3,11,79
14293,2022,6,3,3,34.6
14294,2022,6,3,12,85
14295,2022,6,3,11,76.5
14296,2022,6,3,10,71
14297,2022,6,3,2,26.5
14298,2022,6,4,3,34
14299,2022,5,26,3,36.3
14300,2022,5,26,3,32.3
14301,2022,5,26,4,38.4
14302,2022,5,26,3,34
14303,2022,5,26,4,39
14304,2022,5,26,4,38.2
14305,2022,5,26,3,35.7
14306,2022,5,26,3,30.9
14307,2022,5,26,7,61.5
14308,2022,5,26,3,36.6
14309,2022,5,26,7,61.1
14310,2022,5,26,4,39
14311,2022,5,26,3,36.8
14312,2022,6,22,13,85.7
14313,2022,6,22,3,33.2
14314,2022,6,23,3,33.5
14315,2022,6,23,3,33.9
14316,2022,6,23,3,33.5
14317,2022,6,23,2,25.3
14318,2022,6,9,3,32.7
14319,2022,6,9,3,34.1
14320,2022,6,9,3,34.4
14321,2022,5,27,9,67.4
14322,2022,5,27,4,39.4
14323,2022,5,27,3,35
14324,2022,5,27,12,80.7
14325,2022,5,27,9,70.1
14326,2022,5,27,7,64.5
14327,2022,5,27,4,39.9
14328,2022,5,27,4,39.5
14329,2022,5,27,4,36
14330,2022,5,27,3,36.6
14331,2022,5,27,2,26
14332,2022,5,28,12,87.1
14333,2022,5,28,4,39.5
14334,2022,5,28,4,39.5
14335,2022,5,28,4,38.6
14336,2022,5,28,9,69.1
14337,2022,5,28,3,36.9
14338,2022,5,28,11,79
14339,2022,5,28,8,69.7
14340,2022,5,28,3,35.5
14341,2022,6,11,3,33
14342,2022,6,12,3,34.7
14343,2022,6,12,3,34.4
14344,2022,6,12,3,33.7
14345,2022,6,12,3,33.3
14346,2022,6,13,3,33.9
14347,2022,6,13,3,34.5
14348,2022,6,13,3,32
14349,2022,6,13,3,34.5
14350,2022,6,13,3,34.3
14351,2022,6,13,3,32.5
14352,2022,6,13,3,33.8
14353,2022,6,13,3,34.6
14354,2022,6,13,3,34.7
14355,2022,6,13,3,33.8
14356,2022,6,13,2,25.8
14357,2022,6,13,2,26
14358,2022,6,13,2,24.3
14359,2022,6,13,2,27.8
14360,2022,6,13,2,23.8
14361,2022,6,13,3,34.9
14362,2022,6,13,2,24.3
14363,2022,6,15,3,33.2
14364,2022,6,15,3,33.3
14365,2022,6,15,3,34.5
14366,2022,6,14,14,76.6
14367,2022,6,14,3,34
14368,2022,6,14,3,34.5
14369,2022,6,17,3,34.7
14370,2022,6,16,3,34.8
14371,2022,6,16,3,34.2
14372,2022,6,17,3,33.5
14373,2022,6,17,14,80.3
14374,2022,6,17,2,26.9
14375,2022,6,19,6,58.2
14376,2022,6,21,3,34
14377,2022,6,21,11,77.5
14378,2022,5,28,4,38.2
14379,2022,6,4,2,26.6
14380,2022,6,5,3,33.1
14381,2022,6,5,12,72.9
14382,2022,6,5,3,34.9
14383,2022,6,5,3,34.2
14384,2022,6,6,3,34.9
14385,2022,6,6,11,73.5
14386,2022,6,7,13,81
14387,2022,6,7,3,32.9
14388,2022,6,7,10,72.8
14389,2022,6,7,10,70.6
14390,2022,6,8,10,79
14391,2022,6,8,3,34.1
14392,2022,6,8,3,32
14393,2022,6,8,3,32.5
14394,2022,6,8,12,69.5
14395,2022,6,8,3,30.6
14396,2022,6,8,3,32.3
14397,2022,6,8,3,34.8
14398,2022,6,8,3,32.9
14399,2022,6,8,3,34.3
14400,2022,6,8,3,33.3
14401,2022,6,8,5,55.1
14402,2022,6,9,3,34.2
14403,2022,6,9,3,34.5
14404,2022,6,10,3,34.8
14405,2022,6,10,3,34.4
14406,2022,6,10,3,33.2
14407,2022,6,10,3,34
14408,2022,6,10,3,33.2
14409,2022,6,10,3,33
14410,2022,6,10,2,23
14411,2022,6,4,3,34.8
14412,2022,6,4,3,32.9
14413,2022,6,4,3,34.6
14414,2022,6,4,3,33.2
14415,2022,6,4,3,33.2
14416,2022,6,4,3,34.9
14417,2022,6,4,3,32.6
14418,2022,6,4,3,34.1
14419,2022,6,4,3,33
14420,2022,6,4,3,33.5
14421,2023,5,30,6,41.9
14422,2023,5,30,4,33.1
14423,2023,5,30,3,32.7
14424,2023,5,30,3,34.4
14425,2023,5,30,3,31.7
14426,2023,5,30,3,32.8
14427,2023,5,30,3,34
14428,2023,5,30,3,32.6
14429,2023,5,30,3,33.5
14430,2023,5,30,3,33.5
14431,2023,5,30,3,32.9
14432,2023,5,30,3,34.4
14433,2023,5,30,3,30.1
14434,2023,5,30,3,39.8
14435,2023,5,30,3,31.1
14436,2023,5,30,3,30.4
14437,2023,5,30,3,32.8
14438,2023,5,30,3,31.8
14439,2023,5,30,3,34
14440,2023,5,30,3,32.5
14441,2023,5,30,3,34.8
14442,2023,5,30,3,33.2
14443,2023,5,30,3,30.9
14444,2023,5,30,3,34
14445,2023,5,30,3,33.9
14446,2023,5,30,3,34.3
14447,2023,5,30,3,31.2
14448,2023,5,30,3,31.1
14449,2023,5,30,11,82.4
14450,2023,5,30,3,34.6
14451,2023,5,30,3,33.6
14452,2023,5,30,3,34.2
14453,2023,5,30,3,34
14454,2023,5,30,3,32.9
14455,2023,5,30,3,33.4
14456,2023,5,30,3,33.5
14457,2023,5,30,3,33.9
14458,2023,5,30,3,32.8
14459,2023,5,31,5,46.2
14460,2023,5,31,3,34.1
14461,2023,5,31,3,32.2
14462,2023,5,31,3,33.6
14463,2023,5,31,3,33.9
14464,2023,5,31,3,34.2
14465,2023,5,31,3,33.2
14466,2023,5,31,8,72.6
14467,2023,5,31,3,32.8
14468,2023,5,31,3,34.5
14469,2023,5,31,3,31.3
14470,2023,5,31,3,34.2
14471,2023,5,31,11,78.6
14472,2023,5,31,4,32.3
14473,2023,5,31,3,34.3
14474,2023,5,31,3,34.1
14475,2023,5,31,3,33.6
14476,2023,5,31,3,34.7
14477,2023,5,31,3,34.3
14478,2023,5,31,3,34.1
14479,2023,5,31,3,32
14480,2023,5,31,3,32.1
14481,2023,5,31,10,66.6
14482,2023,5,31,10,60.5
14483,2023,5,31,12,80.5
14484,2023,5,31,3,33.5
14485,2023,5,31,3,30.5
14486,2023,6,1,8,63.6
14487,2023,6,1,12,71.8
14488,2023,6,1,12,88.6
14489,2023,6,1,11,78.4
14490,2023,6,1,8,64.9
14491,2023,6,1,10,77.8
14492,2023,6,2,12,76.5
14493,2023,6,2,3,34.2
14494,2023,6,2,4,40
14495,2023,6,2,4,45.2
14496,2023,6,2,4,40.2
14497,2023,6,2,4,41.4
14498,2023,6,2,4,46
14499,2023,6,2,4,38.7
14500,2023,6,2,3,37
14501,2023,6,2,5,42.1
14502,2023,6,2,4,41.8
14503,2023,6,2,9,65.8
14504,2023,6,2,6,55.5
14505,2023,6,2,6,53.7
14506,2023,6,2,7,52.5
14507,2023,6,2,6,54.6
14508,2023,6,2,5,47.5
14509,2023,6,2,4,44.5
14510,2023,6,2,4,45.6
14511,2023,6,2,5,44.1
14512,2023,6,2,5,41.5
14513,2023,6,2,4,39
14514,2023,6,2,4,39.1
14515,2023,6,4,6,51.8
14516,2023,6,4,5,46.5
14517,2023,6,4,6,50.5
14518,2023,6,4,9,69.8
14519,2023,6,4,10,70.3
14520,2023,6,4,8,60
14521,2023,6,4,7,53
14522,2023,6,4,6,55.4
14523,2023,6,4,10,67
14524,2023,6,4,13,82.9
14525,2023,6,4,6,49.7
14526,2023,6,4,4,42.1
14527,2023,6,4,7,54.8
14528,2023,6,4,8,66.6
14529,2023,6,4,7,59.5
14530,2023,6,4,6,50
14531,2023,6,4,5,48.7
14532,2023,6,4,8,56
14533,2023,6,4,5,47.9
14534,2023,6,4,9,77.4
14535,2023,6,4,9,64.8
14536,2023,6,4,13,87.6
14537,2023,6,5,8,66.4
14538,2023,6,6,9,76.2
14539,2023,6,10,11,84.2
14540,2023,6,10,7,71.9
14541,2023,6,10,3,32.2
14542,2023,6,10,3,33.4
14543,2023,6,10,7,66.6
14544,2023,6,10,10,72.4
14545,2023,6,11,9,69.2
14546,2023,6,11,8,66.1
14547,2023,6,11,3,34.6
14548,2023,6,11,3,33.2
14549,2023,6,11,9,71.9
14550,2023,6,11,3,32.9
14551,2023,6,11,3,33.3
14552,2023,6,11,3,34.4
14553,2023,6,11,3,32.7
14554,2023,6,13,3,34.8
14555,2023,6,13,3,34
14556,2023,6,13,3,32.3
14557,2023,6,13,3,34.2
14558,2023,6,13,3,34
14559,2023,6,13,3,34.3
14560,2023,6,13,4,34.7
14561,2023,6,14,12,88.8
14562,2023,6,15,5,50.6
14563,2023,6,15,3,33.2
14564,2023,6,15,5,45.5
14565,2023,6,15,5,47.5
14566,2023,6,15,4,40.7
14567,2023,6,15,5,44.5
14568,2023,6,15,3,36.3
14569,2023,6,15,8,54.9
14570,2023,6,15,4,48.1
14571,2023,6,15,5,47.1
14572,2023,6,15,4,43
14573,2023,6,15,6,54.1
14574,2023,6,15,5,48.8
14575,2023,6,15,5,49.6
14576,2023,6,15,6,55.7
14577,2023,6,15,6,43
14578,2023,6,15,5,45.1
14579,2023,6,15,4,41.8
14580,2023,6,15,4,40.1
14581,2023,6,15,7,57.4
14582,2023,6,15,6,49.9
14583,2023,6,15,5,42.9
14584,2023,6,15,6,55.2
14585,2023,6,15,4,39.5
14586,2023,6,15,4,40.9
14587,2023,6,15,5,46.3
14588,2023,6,15,6,46.6
14589,2023,6,15,4,39.5
14590,2023,6,15,4,40.6
14591,2023,6,15,5,43.2
14592,2023,6,15,5,58.1
14593,2023,6,15,7,53.6
14594,2023,6,15,5,51
14595,2023,6,15,7,54.6
14596,2023,6,15,5,49.2
14597,2023,6,15,8,57.4
14598,2023,6,15,7,55.9
14599,2023,6,15,5,44.6
14600,2023,6,15,5,44.4
14601,2023,6,15,5,43.6
14602,2023,6,15,5,45.6
14603,2023,6,15,5,49.3
14604,2023,6,15,3,34.2
14605,2023,6,15,6,53.7
14606,2023,6,15,8,59.6
14607,2023,6,15,4,42
14608,2023,6,15,5,44.2
14609,2023,6,15,5,44.5
14610,2023,6,15,5,44.4
14611,2023,6,15,4,33.7
14612,2023,6,15,4,42.3
14613,2023,6,15,4,42.1
14614,2023,6,15,5,48.1
14615,2023,6,15,5,44.3
14616,2023,6,15,3,39
14617,2023,6,15,4,38.8
14618,2023,6,15,6,57.5
14619,2023,6,15,3,37.7
14620,2023,6,15,5,46.1
14621,2023,6,15,5,44.5
14622,2023,6,16,10,70.2
14623,2023,6,16,3,36.5
14624,2023,6,16,3,36.5
14625,2023,6,18,10,71
14626,2023,6,18,2,24.3
14627,2023,6,18,10,70.6
14628,2023,6,19,9,70.1
14629,2023,6,19,11,71.8
14630,2023,6,19,10,73.9
14631,2023,6,19,10,71.5
14632,2023,6,20,9,72.6
14633,2023,6,20,9,73.4
14634,2023,6,20,11,74.8
14635,2023,6,20,11,73.4
14636,2023,6,20,8,70.4
14637,2023,6,20,11,75.4
14638,2023,6,20,10,70.9
14639,2023,6,21,9,70.9
14640,2023,6,22,2,25.5
14641,2023,6,22,2,25.9
14642,2023,6,22,12,87
14643,2023,6,22,10,74.5
14644,2023,6,23,2,25.6
14645,2023,6,30,9,77
14646,2024,5,14,3,36
14647,2024,5,14,4,38.4
14648,2024,5,15,4,41.4
14649,2024,5,15,5,42.5
14650,2024,5,15,4,40.5
14651,2024,5,15,4,40
14652,2024,5,15,4,39.8
14653,2024,5,15,5,37.3
14654,2024,5,15,3,39.9
14655,2024,5,15,4,38.1
14656,2024,5,15,4,40.1
14657,2024,5,15,4,40.6
14658,2024,5,15,4,41.7
14659,2024,5,15,4,37.9
14660,2024,5,15,3,35
14661,2024,5,15,4,41
14662,2024,5,15,4,37.3
14663,2024,5,15,4,38.2
14664,2024,5,22,4,39.6
14665,2024,5,22,4,40.6
14666,2024,5,22,3,37.5
14667,2024,5,22,4,41
14668,2024,5,22,4,33.1
14669,2024,5,22,4,30.5
14670,2024,5,22,4,40.3
14671,2024,5,22,4,40.5
14672,2024,5,22,5,44
14673,2024,5,22,3,38.2
14674,2024,5,22,4,38
14675,2024,5,22,4,38.7
14676,2024,5,22,4,37.7
14677,2024,5,22,4,38.7
14678,2024,5,22,4,39.5
14679,2024,5,22,4,37.4
14680,2024,5,22,4,38.3
14681,2024,5,22,4,39
14682,2024,5,22,4,38.6
14683,2024,5,22,4,36.9
14684,2024,5,22,4,45.1
14685,2024,5,22,4,46.5
14686,2024,5,22,4,38.2
14687,2024,5,22,4,36.6
14688,2024,5,22,4,42.2
14689,2024,5,22,4,39.2
14690,2024,5,22,4,40
14691,2024,5,22,4,38.3
14692,2024,5,22,4,40.7
14693,2024,5,22,6,48.2
14694,2024,5,22,4,38
14695,2024,5,22,4,41.1
14696,2024,5,22,4,39.4
14697,2024,5,22,5,46
14698,2024,5,22,5,48
14699,2024,5,22,4,38.1
14700,2024,5,22,3,34.2
14701,2024,5,22,4,43.1
14702,2024,5,22,4,47.8
14703,2024,5,22,4,36.2
14704,2024,5,22,4,37.7
14705,2024,5,22,4,39.4
14706,2024,5,22,4,38.4
14707,2024,5,22,3,35.7
14708,2024,5,22,4,37.3
14709,2024,5,22,4,41.1
14710,2024,5,22,4,39.2
14711,2024,5,22,4,46.2
14712,2024,5,22,4,36.8
14713,2024,5,22,3,34
14714,2024,5,23,5,56.1
14715,2024,5,23,5,50.3
14716,2024,5,23,4,38.3
14717,2024,5,23,4,40.6
14718,2024,5,23,4,38.6
14719,2024,5,23,4,39.1
14720,2024,5,23,4,40.5
14721,2024,5,23,4,41.1
14722,2024,5,23,4,39.8
14723,2024,5,23,4,37.2
14724,2024,5,23,6,56.7
14725,2024,5,23,6,52.7
14726,2024,5,23,6,52.2
14727,2024,5,23,5,52.2
14728,2024,5,23,5,51.1
14729,2024,5,23,6,51.1
14730,2024,5,23,7,63.2
14731,2024,5,23,6,54.4
14732,2024,5,23,7,63.9
14733,2024,5,23,6,61.4
14734,2024,5,23,6,54
14735,2024,5,23,5,51.8
14736,2024,5,24,5,52.1
14737,2024,5,24,4,39.6
14738,2024,5,24,3,35.3
14739,2024,5,24,4,39.1
14740,2024,5,24,5,52.7
14741,2024,5,24,4,37.9
14742,2024,5,24,6,34.8
14743,2024,5,24,4,43.3
14744,2024,5,24,3,34
14745,2024,5,24,4,37.3
14746,2024,5,24,4,37.7
14747,2024,5,24,6,57
14748,2024,5,24,4,33.4
14749,2024,5,24,3,33.8
14750,2024,5,24,5,52.9
14751,2024,5,25,7,66.8
14752,2024,5,25,7,57.3
14753,2024,5,25,5,50
14754,2024,5,25,5,51.5
14755,2024,5,25,6,57.1
14756,2024,5,25,6,50
14757,2024,5,26,8,61.2
14758,2024,5,26,6,56.6
14759,2024,5,26,7,65.2
14760,2024,5,26,6,54.1
14761,2024,5,26,7,58.4
14762,2024,5,26,6,54.2
14763,2024,5,26,7,58.7
14764,2024,5,26,4,34.7
14765,2024,5,27,6,55.5
14766,2024,5,27,6,54.5
14767,2024,5,27,7,56.8
14768,2024,5,27,7,60.3
14769,2024,5,27,8,66.9
14770,2024,5,27,6,55.8
14771,2024,5,27,6,54.9
14772,2024,5,27,11,82.5
14773,2024,5,27,5,53.2
14774,2024,5,28,3,33.6
14775,2024,5,28,3,34
14776,2024,5,28,3,29.6
14777,2024,5,28,7,57.6
14778,2024,5,30,7,60
14779,2024,5,30,10,72.9
14780,2024,5,30,6,57.8
14781,2024,5,30,5,55.5
14782,2024,5,30,3,37.7
14783,2024,5,30,4,34.2
14784,2024,5,30,3,30.8
14785,2024,5,30,7,62.8
14786,2024,5,30,8,60
14787,2024,5,30,6,59.3
14788,2024,5,30,3,33.5
14789,2024,5,30,3,32.3
14790,2024,5,30,3,31.5
14791,2024,5,30,8,65.5
14792,2024,5,30,6,58
14793,2024,5,30,3,33.5
14794,2024,5,31,6,58.8
14795,2024,5,31,8,60
14796,2024,5,31,7,61.6
14797,2024,5,31,3,34
14798,2024,5,31,7,65
14799,2024,5,31,10,81
14800,2024,5,31,7,60.6
14801,2024,5,31,7,61.1
14802,2024,5,31,8,62.2
14803,2024,5,31,8,67.5
14804,2024,5,31,9,75.6
14805,2024,5,31,8,64.7
14806,2024,5,31,8,63.1
14807,2024,5,31,10,84
14808,2024,5,31,3,33.8
14809,2024,6,1,8,68.5
14810,2024,6,1,7,62.1
14811,2024,6,1,3,30.7
14812,2024,6,1,7,61.8
14813,2024,6,1,7,60.8
14814,2024,6,1,4,34.8
14815,2024,6,1,3,34.7
14816,2024,6,2,10,81.5
14817,2024,6,2,8,61.2
14818,2024,6,2,7,60.4
14819,2024,6,2,8,63.2
14820,2024,6,2,7,60.3
14821,2024,6,2,9,66.9
14822,2024,6,2,8,62.7
14823,2024,6,2,8,64.7
14824,2024,6,2,8,62.6
14825,2024,6,3,3,33.9
14826,2024,6,3,6,61.3
14827,2024,6,3,7,61.5
14828,2024,6,3,8,61.6
14829,2024,6,3,3,31.7
14830,2024,6,3,7,61.8
14831,2024,6,4,8,68.5
14832,2024,6,4,8,68.4
14833,2024,6,4,8,62.5
14834,2024,6,4,7,62.4
14835,2024,6,4,7,58.5
14836,2024,6,4,6,55.7
14837,2024,6,4,6,53.2
14838,2024,6,4,6,52.1
14839,2024,6,4,5,52
14840,2024,6,4,6,52.2
14841,2024,6,4,5,48.5
14842,2024,6,4,5,46.5
14843,2024,6,4,5,46
14844,2024,6,4,6,45.5
14845,2024,6,4,4,47.7
14846,2024,6,4,5,49.4
14847,2024,6,4,5,46.4
14848,2024,6,4,5,46.2
14849,2024,6,4,6,46.1
14850,2024,6,4,4,46.3
14851,2024,6,4,6,46.1
14852,2024,6,4,5,48
14853,2024,6,5,3,34.7
14854,2024,6,5,6,49.6
14855,2024,6,5,6,49.8
14856,2024,6,5,5,45.1
14857,2024,6,5,6,49.3
14858,2024,6,5,6,49.8
14859,2024,6,5,5,46.2
14860,2024,6,5,5,45.3
14861,2024,6,5,5,46.1
14862,2024,6,5,5,45.7
14863,2024,6,5,5,45.2
14864,2024,6,5,4,47.9
14865,2024,6,5,6,52.3
14866,2024,6,5,5,53
14867,2024,6,5,6,57.6
14868,2024,6,5,6,52.8
14869,2024,6,5,6,50.1
14870,2024,6,5,6,55
14871,2024,6,5,6,58.1
14872,2024,6,5,9,68.7
14873,2024,6,5,9,71.8
14874,2024,6,5,10,71.9
14875,2024,6,5,9,74.1
14876,2024,6,6,8,63.8
14877,2024,6,6,3,32.3
14878,2024,6,6,3,31.4
14879,2024,6,6,3,32.5
14880,2024,6,7,3,34.5
14881,2024,6,7,3,33
14882,2024,6,8,8,67.6
14883,2024,6,11,9,74.7
14884,2024,6,11,9,66.2
14885,2024,6,11,9,71.4
14886,2024,6,11,7,65.4
14887,2024,6,11,7,69.9
14888,2024,6,11,8,66.5
14889,2024,6,11,7,65.5
14890,2024,6,11,8,68
14891,2024,6,11,7,62.3
14892,2024,6,12,9,73.1
14893,2024,6,13,7,70.1
14894,2024,6,14,3,32.4
14895,2024,6,14,3,32.8
14896,2024,6,14,3,32.9
14897,2024,6,14,9,71
14898,2024,6,14,3,34.8
14899,2024,6,14,3,33.2
14900,2024,6,14,3,32.2
14901,2024,6,15,3,34.1
14902,2024,6,15,10,71.1
14903,2024,6,15,3,32.9
14904,2024,6,15,7,59.4
14905,2024,6,15,6,47.8
14906,2024,6,16,3,28.5
14907,2024,6,16,3,27.2
14908,2024,6,16,2,23
14909,2024,6,16,3,31.9
14910,2024,6,16,5,46.1
14911,2024,6,16,8,69
14912,2024,6,16,7,54.2
14913,2024,6,16,6,54.7
14914,2024,6,16,3,33
14915,2024,6,16,9,66.4
14916,2024,6,16,3,34
14917,2024,6,16,3,31
14918,2024,6,16,3,34.7
14919,2024,6,16,6,67.2
14920,2024,6,16,8,66
14921,2024,6,18,3,31.7
14922,2024,6,18,3,34.5
14923,2024,6,18,2,25.8
14924,2024,6,18,2,23
14925,2024,6,18,3,29.8
14926,2024,6,18,3,29.5
14927,2024,6,19,2,25.4
14928,2024,6,19,2,24.1
14929,2024,6,19,2,25
14930,2024,6,19,2,25.2
14931,2024,6,26,3,29.5
14932,2024,6,27,3,32.8
14933,2024,6,28,3,32.5
14934,2024,6,28,3,28.2
14935,2024,6,28,3,32.2
14936,2024,6,28,3,32.5
14937,2024,6,29,3,25
14938,2024,6,29,3,29.5
14939,2024,6,29,2,26.9
14940,2024,6,30,3,32.8
14941,2024,6,30,3,33.1
14942,2024,6,30,3,33.4
14943,2024,6,30,3,31.4
14944,2024,6,30,4,31.3
14945,2024,6,30,3,33.3
14946,2024,6,30,3,29.7
14947,2024,6,30,3,27.2
14948,2024,5,28,9,62.5
14949,2024,5,28,8,59.9
14950,2024,5,28,6,65.5
14951,2024,5,28,13,75.8
14952,2024,5,28,11,73.9
14953,2024,5,29,9,64.1
14954,2024,5,29,7,60.7
14955,2024,5,29,7,62
14956,2024,5,29,8,66.8
14957,2024,5,29,7,55.8
14958,2024,5,29,9,65.3
14959,2024,5,29,10,66.6
14960,2024,5,29,6,60
14961,2024,5,30,7,62.5
14962,2024,5,30,9,63.7
14963,2024,5,30,8,66
14964,2024,5,30,11,77
14965,2024,5,30,11,71.7
14966,2024,5,30,11,73.4
14967,2024,5,30,10,71.1
14968,2024,5,30,9,67.8
14969,2024,5,30,9,62.2
14970,2024,5,30,11,70.9
14971,2024,5,30,6,59.5
14972,2024,5,31,12,72.4
14973,2024,5,31,11,62.2
14974,2024,5,31,10,69
14975,2024,5,31,11,68.7
14976,2024,5,31,10,60.7
14977,2024,5,31,10,70.6
14978,2024,5,31,6,62.4
14979,2024,5,31,9,65.5
14980,2024,5,31,12,62.7
14981,2024,5,31,11,63.6
14982,2024,5,31,9,60.2
14983,2024,5,31,8,61.8
14984,2024,5,31,11,62.9
14985,2024,5,31,9,60.5
14986,2024,5,31,11,65.5
14987,2024,5,31,7,64.3
14988,2024,5,31,10,65
14989,2024,5,31,10,67.5
14990,2024,5,31,10,63.6
14991,2024,6,1,11,68.2
14992,2024,6,1,9,65.7
14993,2024,6,1,9,63
14994,2024,6,1,11,71.8
14995,2024,6,1,10,65.4
14996,2024,6,1,10,70.5
14997,2024,6,1,9,62.4
14998,2024,6,1,11,72.1
14999,2024,6,1,9,65
15000,2024,6,1,8,63.2
15001,2024,6,1,6,61.6
15002,2024,6,1,13,78.8
15003,2024,6,1,11,66.5
15004,2024,6,2,9,67
15005,2024,6,2,9,61.2
15006,2024,6,2,13,70.5
15007,2024,6,2,11,61.1
15008,2024,6,2,10,67.8
15009,2024,6,2,11,64.6
15010,2024,6,3,11,74.8
15011,2024,6,3,10,63.3
15012,2024,6,3,11,72.1
15013,2024,6,3,10,67.2
15014,2024,6,3,8,66.1
15015,2024,6,3,11,66
15016,2024,6,3,11,72.5
15017,2024,6,3,12,75.2
15018,2024,6,3,3,33.2
15019,2024,6,3,9,68.4
15020,2024,6,3,11,60.1
15021,2024,6,3,9,60.4
15022,2024,6,4,10,68
15023,2024,6,4,3,34.5
15024,2024,6,4,10,69
15025,2024,6,4,6,49.2
15026,2024,6,4,11,70.9
15027,2024,6,4,6,47
15028,2024,6,4,10,65.5
15029,2024,6,4,5,47.2
15030,2024,6,4,10,66.9
15031,2024,6,4,5,46.7
15032,2024,6,4,5,48.4
15033,2024,6,4,9,66
15034,2024,6,4,11,70.5
15035,2024,6,4,5,46.1
15036,2024,6,5,3,32
15037,2024,6,5,13,75
15038,2024,6,5,14,80.2
15039,2024,6,5,14,73.3
15040,2024,6,5,12,75
15041,2024,6,5,13,74.6
15042,2024,6,6,11,67.5
15043,2024,6,6,9,73.6
15044,2024,6,6,10,66.4
15045,2024,6,6,11,65.5
15046,2024,6,6,8,68.3
15047,2024,6,6,10,71
15048,2024,6,6,8,66.2
15049,2024,6,6,10,67.7
15050,2024,6,6,11,73.1
15051,2024,6,6,10,70.4
15052,2024,6,6,8,69.1
15053,2024,6,6,3,33.2
15054,2024,6,6,4,34.7
15055,2024,6,7,8,66.5
15056,2024,6,7,11,67.9
15057,2024,6,7,9,71.6
15058,2024,6,7,11,66.8
15059,2024,6,7,11,73.1
15060,2024,6,7,12,67.1
15061,2024,6,7,9,72.9
15062,2024,6,8,11,66.2
15063,2024,6,8,3,34.7
15064,2024,6,8,3,33.5
15065,2024,6,8,9,67
15066,2024,6,8,10,68.1
15067,2024,6,9,3,33.8
15068,2024,6,11,11,73.1
15069,2024,6,11,10,68.1
15070,2024,6,11,13,70
15071,2024,6,11,10,66
15072,2024,6,12,11,71
15073,2024,6,13,13,73.6
15074,2024,6,13,12,72.4
15075,2024,6,13,3,33.5
15076,2024,6,14,3,31
15077,2024,6,14,11,71.1
15078,2024,6,13,3,31.9
15079,2024,6,14,3,29.2
15080,2024,6,15,10,70.2
15081,2024,6,15,13,70.6
15082,2024,6,16,8,54.2
15083,2024,6,16,11,67.5
15084,2024,6,16,3,34.3
15085,2024,6,11,12,75
15086,2024,6,16,5,48.7
15087,2024,6,16,5,51.3
15088,2024,6,16,11,70.9
15089,2024,6,16,3,33.3
15090,2024,6,16,6,54
15091,2024,6,16,10,71
15092,2024,6,16,6,52.5
15093,2024,6,19,4,46.2
15094,2024,6,19,3,31.9
15095,2024,6,18,2,23.4
15096,2024,6,18,2,23.1
15097,2024,6,18,2,22.8
15098,2024,6,18,2,23.7
15099,2024,6,18,2,24.4
15100,2024,6,18,3,33.6
15101,2024,6,18,2,21.2
15102,2024,6,18,2,21.8
15103,2024,6,18,2,23.8
15104,2024,6,27,4,32.5
15105,2024,6,27,3,32
15106,2024,6,24,3,30.5
15107,2024,6,24,3,33.4
15108,2024,6,24,5,45.5
15109,2024,6,24,3,32.1
15110,2024,6,24,3,33.5
15111,2024,6,24,3,31.8
15112,2024,6,19,13,72.9
15113,2024,6,24,3,33.3
15114,2024,6,24,2,22.3
15115,2024,6,24,2,23.5
15116,2024,6,24,2,24.2
15117,2024,6,24,2,23.5
15118,2024,6,24,2,22.4
15119,2024,6,24,2,27.1
15120,2024,6,24,2,23.3
15121,2024,6,19,2,26
15122,2024,6,18,3,28.7
15123,2024,6,18,3,28
15124,2024,6,28,2,24.2
15125,2024,6,28,2,25.3
15126,2024,6,28,2,23.4
15127,2024,6,25,6,47.5
15128,2024,6,25,2,25.8
15129,2024,6,28,11,72
15130,2024,6,28,2,27
15131,2024,6,28,3,30.3
15132,2024,6,28,2,22.8
15133,2024,6,28,2,25
15134,2024,6,29,2,25.8
15135,2024,6,29,3,32.2
15136,2024,6,24,3,28.3
15137,2021,5,22,7,57.1
15138,2021,5,22,8,60.9
15139,2021,5,22,11,70.5
15140,2021,5,22,7,58.1
15141,2021,5,22,7,57
15142,2021,5,22,8,56.7
15143,2021,5,22,7,56.5
15144,2021,5,22,7,55.8
15145,2021,5,22,9,62
15146,2021,5,22,7,59.5
15147,2021,5,22,6,47.9
15148,2021,5,22,7,56.6
15149,2021,5,22,8,58
15150,2021,5,22,4,38.8
15151,2021,5,22,6,61.5
15152,2021,5,22,9,62.5
15153,2021,5,22,7,54.2
15154,2021,5,22,7,51.1
15155,2021,5,22,7,55.8
15156,2021,5,22,7,55.4
15157,2021,5,22,7,52.2
15158,2021,5,22,6,54.6
15159,2021,5,22,8,67.7
15160,2021,5,22,5,53.4
15161,2021,5,22,9,60.5
15162,2021,5,22,7,50.2
15163,2021,5,22,8,61
15164,2021,5,22,7,62.2
15165,2021,5,22,7,49.5
15166,2021,5,22,6,54.5
15167,2021,5,22,7,58.2
15168,2021,5,22,8,52
15169,2021,5,22,6,52.5
15170,2021,5,22,8,64.1
15171,2021,5,22,5,48.5
15172,2021,5,22,8,52.4
15173,2021,5,22,7,56.1
15174,2021,5,22,7,53.7
15175,2021,5,22,8,56.7
15176,2021,5,22,7,52.7
15177,2021,5,22,8,56.1
15178,2021,5,22,8,56.3
15179,2021,5,22,7,50.6
15180,2021,5,22,8,62.2
15181,2021,5,22,10,67.6
15182,2021,5,22,8,55.8
15183,2021,5,22,7,57.3
15184,2021,5,22,9,59.8
15185,2021,5,22,7,56
15186,2021,5,22,13,91.5
15187,2021,5,22,6,50
15188,2021,5,22,6,57.5
15189,2021,5,22,7,59.4
15190,2021,5,22,8,58.7
15191,2021,5,22,8,54.9
15192,2021,5,22,8,59.1
15193,2021,5,22,6,57.1
15194,2021,5,22,7,54
15195,2021,5,22,9,56.5
15196,2021,5,22,7,62.1
15197,2021,5,22,7,55.3
15198,2021,5,22,6,54.7
15199,2021,5,22,8,57
15200,2021,5,22,8,62
15201,2021,5,22,7,55
15202,2021,5,22,6,53.3
15203,2021,5,22,6,53
15204,2021,5,22,5,54.4
15205,2021,5,22,8,55.5
15206,2021,5,22,6,52.1
15207,2021,5,22,5,52.6
15208,2021,5,22,9,65.1
15209,2021,5,22,5,47.4
15210,2021,5,22,8,64.7
15211,2021,5,22,8,57.3
15212,2021,5,22,6,57.1
15213,2021,5,22,5,50
15214,2021,5,22,7,58.1
15215,2021,5,22,6,54.3
15216,2021,5,22,6,51.8
15217,2021,5,22,6,61.8
15218,2021,5,22,7,58.1
15219,2021,5,22,6,51.3
15220,2021,5,22,5,51.8
15221,2021,5,22,5,50.5
15222,2021,5,22,5,55
15223,2021,5,22,7,55.8
15224,2021,5,22,6,54.9
15225,2021,5,22,7,63
15226,2021,5,22,5,49.5
15227,2021,5,22,9,64.2
15228,2021,5,22,5,45.2
15229,2021,5,22,6,55.7
15230,2021,5,22,8,55.2
15231,2021,5,22,6,47.8
15232,2021,5,22,8,59.3
15233,2021,5,22,6,51
15234,2021,5,22,6,45
15235,2021,5,22,6,53.2
15236,2021,5,22,7,56.7
15237,2021,5,22,6,54.3
15238,2021,5,22,8,58.6
15239,2019,7,23,0,3.9
15240,2019,7,23,0,3.4
15241,2019,7,23,0,3.5
15242,2019,7,23,0,3.4
15243,2019,7,23,0,3.9
15244,2019,7,23,0,3.3
15245,2019,7,23,0,3.1
15246,2019,7,23,0,3.4
15247,2019,7,23,0,3.3
15248,2019,7,23,0,3.5
15249,2019,7,23,0,3.8
15250,2019,7,23,0,4
15251,2019,7,23,0,3.3
15252,2019,7,23,0,3.4
15253,2019,7,23,0,3.5
15254,2019,7,23,0,3.1
15255,2019,7,23,0,3.5
15256,2019,7,23,0,3.4
15257,2019,7,23,0,3.5
15258,2019,7,23,0,3.4
15259,2019,7,23,0,3.1
15260,2019,7,23,0,3.5
15261,2019,7,23,0,3.9
15262,2019,7,23,0,3
15263,2019,7,23,0,3.4
15264,2019,7,17,0,3.8
15265,2019,7,17,0,2.9
15266,2019,7,17,0,2.7
15267,2019,7,19,0,3.6
15268,2019,7,31,0,4.8
15269,2019,7,31,0,4.7
15270,2019,7,31,0,4.8
15271,2019,7,31,0,4.3
15272,2019,7,31,0,4.1
15273,2019,7,31,0,4.1
15274,2019,7,31,0,4.3
15275,2019,7,31,0,3.9
15276,2019,7,31,0,4.4
15277,2019,7,31,0,5.4
15278,2019,7,31,0,3.7
15279,2019,7,31,0,4.4
15280,2019,7,31,0,4.1
15281,2019,7,31,0,5.4
15282,2019,7,31,0,4.3
15283,2019,7,31,0,4.6
15284,2019,7,31,0,4.1
15285,2019,7,31,0,5.6
15286,2019,7,31,0,4.1
15287,2019,7,31,0,4.6
15288,2019,7,31,0,4.5
15289,2019,7,31,0,4.2
15290,2019,7,31,0,4.4
15291,2019,7,31,0,3.8
15292,2019,7,31,0,4.5
15293,2019,7,31,0,4.4
15294,2019,7,31,0,4.3
15295,2019,7,31,0,4.2
15296,2019,7,31,0,4
15297,2019,7,31,0,4.9
15298,2019,7,31,0,4.8
15299,2019,7,31,0,4.2
15300,2019,7,31,0,4.2
15301,2019,7,31,0,4.4
15302,2019,7,31,0,4.1
15303,2019,7,31,0,3.9
15304,2019,7,31,0,3.9
15305,2019,7,31,0,4.4
15306,2019,7,31,0,4.6
15307,2019,7,31,0,4.8
15308,2019,7,31,0,4.1
